time_s,x,y,z,roll,pitch,yaw,vx,vy,vz,reward,cumulative_reward
2.000000000000000042e-02,1.539721965789794922e+00,8.587550837546586990e-06,1.480372548103332520e-01,4.675111699147808979e-05,9.426029385508849501e-03,1.308304660156137046e-04,1.991565775384982473e+00,3.201411602208916992e-04,-1.809798587592903463e-01,6.613389668778808073e+00,6.613389668778808073e+00
4.000000000000000083e-02,1.579737544059753418e+00,1.172564225271344185e-05,1.417480856180191040e-01,6.377372944962948461e-05,1.153686274478760154e-02,1.852496263354490693e-04,2.000403380638480222e+00,1.391956545037303450e-04,-3.832028024222267071e-01,6.658712512904959802e+00,1.327210218168376699e+01
5.999999999999999778e-02,1.619639992713928223e+00,1.599994720891118050e-05,1.318844258785247803e-01,8.716652843645786612e-05,1.727070786221251986e-02,2.440530392875293821e-04,1.998023364508647592e+00,1.804480046343604589e-04,-5.744187950658309338e-01,6.611911687578396979e+00,1.988401386926216219e+01
8.000000000000000167e-02,1.661411762237548828e+00,1.215765951201319695e-05,1.190450638532638550e-01,2.882082526215699734e-05,-3.590020017660622287e-03,8.193457239960222284e-05,2.353367131355397213e+00,6.974363599377376641e-04,-5.780099754573305715e-01,5.885729720044315272e+00,2.576974358930647924e+01
1.000000000000000056e-01,1.701300501823425293e+00,-7.327721687033772469e-05,1.200940981507301331e-01,-5.134698195059378412e-04,-7.804007507200783067e-03,-1.084135476168358826e-03,1.860872302244853005e+00,-4.400315755014268249e-03,5.420417063778154576e-02,6.298206284245230435e+00,3.206794987355171145e+01
1.199999999999999956e-01,1.736007094383239746e+00,-1.640029950067400932e-04,1.196163594722747803e-01,-1.135006532752125003e-03,-5.674264967886477606e-03,-2.276071325059095263e-03,1.682990798083970896e+00,-4.525012446880729601e-03,-7.207739954341448041e-02,6.342821528966824829e+00,3.841077140251853450e+01
1.400000000000000133e-01,1.768598556518554688e+00,-1.762679312378168106e-04,1.193850189447402954e-01,-1.544677569692427289e-03,1.141879548546720358e-03,-2.543647376173440063e-03,1.695571930104799785e+00,1.495847268757921752e-03,2.376263080605907699e-02,6.311342262739970899e+00,4.472211366525850451e+01
1.600000000000000033e-01,1.803125023841857910e+00,8.991162758320569992e-06,1.200310140848159790e-01,-1.261104152852440645e-03,-3.093298010121259267e-03,-1.973797247837280004e-03,1.740266609945093856e+00,1.205604468856959904e-02,-2.734625481150077322e-03,6.079000619555075424e+00,5.080111428481357905e+01
1.799999999999999933e-01,1.834690451622009277e+00,1.396012958139181137e-04,1.192238628864288330e-01,-1.254894865847834507e-03,1.151691549608813148e-03,-7.907972410102707527e-04,1.498239755517175142e+00,1.259760689285991352e-02,1.519724492902798374e-01,6.167825225813309942e+00,5.696893951062688899e+01
2.000000000000000111e-01,1.864962339401245117e+00,2.059215912595391273e-04,1.205403506755828857e-01,-1.587008345306644601e-03,3.513966968876847119e-03,2.628493720831286129e-03,1.582179978845801305e+00,-1.988141052891883101e-02,1.169822103511002770e-01,5.958810089881976246e+00,6.292774960050886790e+01
2.200000000000000011e-01,1.897036194801330566e+00,-2.009717281907796860e-04,1.206990852952003479e-01,-3.821456336196204107e-03,-8.277844284901192395e-03,4.078215678090734223e-03,1.604503828737643412e+00,-2.032500709297330177e-02,-4.227294774140287481e-02,6.212839746563708410e+00,6.914058934707257720e+01
2.399999999999999911e-01,1.926261425018310547e+00,-8.921755943447351456e-05,1.204796880483627319e-01,-4.115004114268795178e-03,-9.660112613985027963e-03,4.594166694216719922e-03,1.389695463057615932e+00,9.790334172499207122e-03,4.029684019011495894e-03,5.833747393163212003e+00,7.497433674023578476e+01
2.600000000000000089e-01,1.954246282577514648e+00,1.163965062005445361e-04,1.194814294576644897e-01,-4.100977172206273121e-03,-1.031724712643455888e-03,5.221503064151479002e-03,1.408171550802812755e+00,1.131665827209774912e-02,-5.291221528965418808e-03,5.918801636361176399e+00,8.089313837659696560e+01
2.800000000000000266e-01,1.983384370803833008e+00,6.121527403593063354e-04,1.201467961072921753e-01,-3.121911812821916328e-03,4.781183559825263885e-03,8.593398268125593265e-03,1.487748610569535668e+00,3.463445498545081325e-02,1.230681158739144326e-01,5.858451926888012196e+00,8.675159030348497424e+01
2.999999999999999889e-01,2.013605356216430664e+00,1.253517577424645424e-03,1.195723265409469604e-01,-1.677292249655907425e-03,2.537720876407911774e-03,1.307461168709658957e-02,1.604308399641148242e+00,2.641442594391913215e-02,2.960190557756615243e-02,6.198826176702961099e+00,9.295041648018793978e+01
3.200000000000000067e-01,2.044088125228881836e+00,1.920553040690720081e-03,1.196190267801284790e-01,-2.567969709175704079e-04,-4.125666744020151100e-03,1.685083294745609583e-02,1.455714324638082813e+00,3.833431274803449779e-02,4.945834661013931433e-02,6.116245748750785971e+00,9.906666222893872487e+01
3.400000000000000244e-01,2.072050333023071289e+00,2.677886979654431343e-03,1.193945854902267456e-01,1.588865673393721062e-03,-2.479567486558753586e-03,2.070732436944063004e-02,1.374426854190823777e+00,3.626568996830505098e-02,-8.707425100612519592e-03,6.008149791691866248e+00,1.050748120206305884e+02
3.599999999999999867e-01,2.100070238113403320e+00,3.242114558815956116e-03,1.190703585743904114e-01,2.667514688900776004e-03,1.888466034649649572e-04,2.140047228677006627e-02,1.409581990568882448e+00,1.530575208467253867e-02,9.304219720556937412e-02,5.991519255426612567e+00,1.110663312760571984e+02
3.800000000000000044e-01,2.128473043441772461e+00,3.737995633855462074e-03,1.199488267302513123e-01,3.432927677716581319e-03,1.182221627785917661e-03,2.100000329089986295e-02,1.442208199689219539e+00,2.502521571650102514e-02,1.580826724636056058e-01,6.032266642843521431e+00,1.170985979189007224e+02
4.000000000000000222e-01,2.157435894012451172e+00,4.238991066813468933e-03,1.204321905970573425e-01,4.166228267238234265e-03,-4.793945183996672910e-03,1.954234004457399559e-02,1.446631363189864627e+00,2.499238633328805179e-02,-4.466451402128316511e-02,6.039979665326720593e+00,1.231385775842274484e+02
4.199999999999999845e-01,2.184443473815917969e+00,4.573055543005466461e-03,1.193436533212661743e-01,4.414865902725810358e-03,-1.486698667675367957e-03,1.824177725682619641e-02,1.322194749294668403e+00,1.557060285836285758e-02,-5.552591576639617776e-02,5.837367623340976586e+00,1.289759452075684294e+02
4.400000000000000022e-01,2.212483406066894531e+00,5.031417589634656906e-03,1.193264052271842957e-01,5.111215410624394412e-03,-2.074457034528798260e-04,2.085498515400638700e-02,1.424042394118206101e+00,2.328537787705929271e-02,-4.139009866878624183e-02,5.964878632675703507e+00,1.349408238402441214e+02
4.600000000000000200e-01,2.241452693939208984e+00,5.729812663048505783e-03,1.198996454477310181e-01,6.649306635069255657e-03,-5.027377429609680703e-03,1.639577953059392565e-02,1.462625857583741640e+00,3.784882733853796311e-02,-4.864668547010406532e-03,5.964557808930268656e+00,1.409053816491743873e+02
4.799999999999999822e-01,2.268869876861572266e+00,5.738026928156614304e-03,1.195839419960975647e-01,5.693038131487870163e-03,-3.110374202401677834e-03,1.209770056177780773e-02,1.344988798684636278e+00,6.494295344934425396e-04,-3.276569536121477777e-02,5.833250232914482858e+00,1.467386318820888675e+02
5.000000000000000000e-01,2.296050548553466797e+00,5.918998271226882935e-03,1.192170605063438416e-01,5.436594961915550139e-03,1.812783535139361746e-03,1.094410249931018764e-02,1.383593747585789124e+00,-1.734125111613309123e-02,1.244295247903169366e-01,5.853279307395139242e+00,1.525919111894839943e+02
5.200000000000000178e-01,2.324313640594482422e+00,6.090789567679166794e-03,1.192000508308410645e-01,5.110819827083746061e-03,-1.020728848760255048e-03,1.074550780900144532e-02,1.285169008309752448e+00,7.448904219538612925e-02,1.506360092222551739e-01,5.427621242581258443e+00,1.580195324320652617e+02
5.400000000000000355e-01,2.351263761520385742e+00,6.371425930410623550e-03,1.194597333669662476e-01,5.349686924371386057e-03,3.411056355242747529e-03,1.387323968216488783e-02,1.469811555361227873e+00,1.712863215641376863e-02,1.030514914476864941e-01,5.676554229376956862e+00,1.636960866614422230e+02
5.600000000000000533e-01,2.380070686340332031e+00,6.739347241818904877e-03,1.195679157972335815e-01,5.846585053718841504e-03,-4.145225720681544601e-03,1.746104802417321883e-02,1.277596998909848791e+00,1.317188987724465521e-01,1.744170224405126590e-01,5.597562270903827297e+00,1.692936489323460592e+02
5.799999999999999600e-01,2.405753135681152344e+00,7.390068378299474716e-03,1.193459331989288330e-01,7.615607615988984579e-03,1.347188343128857824e-03,1.544635312067744667e-02,1.282745472512136109e+00,2.438662840385540098e-03,4.178595315621570078e-02,5.420165414305970764e+00,1.747138143466520432e+02
5.999999999999999778e-01,2.432179927825927734e+00,9.558089077472686768e-03,1.204803436994552612e-01,1.523004755780840193e-02,-2.321707500134939650e-03,1.748776715212686100e-02,1.360646681480809139e+00,1.938373846986816973e-01,1.123335151374763446e-01,5.265526134264189473e+00,1.799793404809162212e+02
6.199999999999999956e-01,2.459472656250000000e+00,1.341773383319377899e-02,1.205324828624725342e-01,2.917924628336545506e-02,-1.171095235347929808e-02,3.203450742631847731e-02,1.365784592308610712e+00,1.926341715786901998e-01,-6.209251181736014091e-02,3.947010031113652229e+00,1.839263505120298703e+02
6.400000000000000133e-01,2.483173608779907227e+00,1.586390659213066101e-02,1.193363815546035767e-01,3.839312887933454821e-02,-3.775072169122983823e-03,4.950008204134347112e-02,1.016554370097625393e+00,1.015083323103743163e-01,-5.038744473572615012e-02,3.864281322225317172e+00,1.877906318342551799e+02
6.600000000000000311e-01,2.504771471023559570e+00,1.530277449637651443e-02,1.189723610877990723e-01,3.716716146976762475e-02,2.646161067865193672e-04,4.857231370924711827e-02,1.146235869748737368e+00,-7.383982389527926626e-02,3.310994786637535409e-02,-7.931701953981303843e-01,1.869974616388570610e+02
6.800000000000000488e-01,2.528322219848632812e+00,1.510972250252962112e-02,1.197099983692169189e-01,3.750198389938809440e-02,-4.970470365750045971e-03,3.830580062412684839e-02,1.206675325801089604e+00,-1.577469127105533830e-02,6.646593841139290804e-02,-2.325115848216130932e+00,1.846723457906409180e+02
7.000000000000000666e-01,2.552528381347656250e+00,1.464844215661287308e-02,1.208296567201614380e-01,3.720576147842657305e-02,-1.396068399647987235e-02,2.718265425516816144e-02,1.223294312774415138e+00,-2.651512541172576509e-02,1.084072247985926052e-01,-7.496640916920586095e-01,1.839226816989488498e+02
7.199999999999999734e-01,2.576641082763671875e+00,1.405328419059514999e-02,1.195788085460662842e-01,3.643513316878534136e-02,-3.557264640461799132e-03,1.683291466280130780e-02,1.291453398392590213e+00,-2.979852986934864931e-02,-1.317495775701137128e-03,-3.964202454893312577e+00,1.799584792440555248e+02
7.399999999999999911e-01,2.602045536041259766e+00,1.317617483437061310e-02,1.190591901540756226e-01,3.479073126104812591e-02,3.750482122799603246e-04,5.308584438544599812e-03,1.296379390199518200e+00,-4.656611287241041452e-02,1.438137492103911952e-01,-7.079325475523662980e+00,1.728791537685318644e+02
7.600000000000000089e-01,2.626713275909423828e+00,1.220139209181070328e-02,1.190087050199508667e-01,3.310711864870751614e-02,5.269690532783144477e-05,-4.726099724405056005e-03,1.294939522455804015e+00,-5.055281092458460690e-02,6.305440133536975578e-02,-1.089700585155256896e+01,1.619821479169793008e+02
7.800000000000000266e-01,2.647356510162353516e+00,1.113599818199872971e-02,1.205195710062980652e-01,3.136681292053433018e-02,-1.253739129132314112e-02,-1.391943135725969005e-02,1.041523091862139649e+00,-5.122854840733492843e-02,1.298443313821516509e-01,-1.836750385423328780e+01,1.436146440627460095e+02
8.000000000000000444e-01,2.667289972305297852e+00,1.002729032188653946e-02,1.202820092439651489e-01,2.934497062823557961e-02,-1.283291591470403503e-02,-2.223012587582933602e-02,9.928560822642548134e-01,-5.612937802671612297e-02,-6.897976062667662833e-03,-2.606924311164927488e+01,1.175454009510967381e+02
8.200000000000000622e-01,2.687636613845825195e+00,8.906044065952301025e-03,1.320435553789138794e-01,2.844553036248961483e-02,8.352085403001519026e-02,-2.450775081991628593e-02,1.053935434108555391e+00,-5.542125519150982449e-02,1.223677852920863174e+00,-1.104447733178700020e+01,1.065009236193097308e+02
8.399999999999999689e-01,2.710165023803710938e+00,7.996343076229095459e-03,1.689977794885635376e-01,3.222935336458458699e-02,3.242096189030136966e-01,-1.379215274907495160e-02,1.218245535076109221e+00,-5.396360249780784990e-02,2.348000761369629430e+00,-1.714962824966428201e+01,8.935129536964544172e+01
8.599999999999999867e-01,2.741516351699829102e+00,6.457224488258361816e-03,2.181623578071594238e-01,3.640967226675971558e-02,4.593204065830103211e-01,-5.602220677398158169e-03,1.844241940637023625e+00,-8.983447419702333958e-02,2.672659847222528029e+00,-1.288961535114603940e+01,7.646168001849940765e+01
8.800000000000000044e-01,2.787259340286254883e+00,4.105358384549617767e-03,2.818860113620758057e-01,3.890635367340285200e-02,5.026131388094285946e-01,-5.893132619477294692e-03,2.385067391188486319e+00,-1.150498179335771864e-01,3.011482208650710923e+00,-1.236003563762993274e+01,6.410164438086947314e+01
9.000000000000000222e-01,2.839447021484375000e+00,1.278703799471259117e-03,3.496553003787994385e-01,3.794537068816339342e-02,3.748595396938481095e-01,-1.700788094014701185e-02,2.618842012338979508e+00,-1.550567573968990309e-01,3.570749547676058455e+00,-2.692697875018707609e+00,6.140894650585076420e+01
9.200000000000000400e-01,2.890141248703002930e+00,-1.817468088120222092e-03,4.185853898525238037e-01,3.838712693198880616e-02,2.558859901941663573e-01,-2.555067378370842052e-02,2.491847323547533133e+00,-1.566167885530032888e-01,3.431136654103647654e+00,4.752690498045934220e+01,1.089358514863100993e+02
9.400000000000000577e-01,2.935696363449096680e+00,-4.305010661482810974e-03,4.741950333118438721e-01,4.100180355703614971e-02,2.090811960324592267e-01,-2.897339176613298109e-02,2.161885364235065055e+00,-1.061377881390551947e-01,2.385558425405233329e+00,5.000000000000000000e+01,1.589358514863100993e+02
9.599999999999999645e-01,2.975886583328247070e+00,-5.765570327639579773e-03,5.077776908874511719e-01,4.499012075219130380e-02,2.245743547844696320e-01,-2.815272226522597121e-02,1.915339508476573638e+00,-5.537501647058505616e-02,1.285329534221220316e+00,5.000000000000000000e+01,2.089358514863100993e+02
9.799999999999999822e-01,3.013324975967407227e+00,-6.678154692053794861e-03,5.271806120872497559e-01,4.937614770300748079e-02,2.737152283681043574e-01,-2.476351144321975797e-02,1.878051228963025343e+00,-4.740525408982187300e-02,9.251967712625337459e-01,5.000000000000000000e+01,2.589358514863100709e+02
1.000000000000000000e+00,3.052431583404541016e+00,-7.662135176360607147e-03,5.421001911163330078e-01,5.259989236079989222e-02,2.614143804496693591e-01,-2.531084236258516335e-02,1.972613591334897443e+00,-5.497668787133107304e-02,7.808871274533990547e-01,5.000000000000000000e+01,3.089358514863100709e+02
1.020000000000000018e+00,3.094595909118652344e+00,-8.942616172134876251e-03,5.557622909545898438e-01,5.443798647284191911e-02,1.604011163214300595e-01,-3.238524057960071728e-02,2.123786626699842639e+00,-7.175365330272320818e-02,7.480406544755896503e-01,5.000000000000000000e+01,3.589358514863100709e+02
1.040000000000000036e+00,3.135600805282592773e+00,-9.891991503536701202e-03,5.611059665679931641e-01,5.690287444809388750e-02,8.014361425481530965e-02,-3.815680480793204321e-02,2.021428023299764565e+00,-4.801869358679611288e-02,2.439320639385424427e-01,5.000000000000000000e+01,4.089358514863100709e+02
1.060000000000000053e+00,3.174940109252929688e+00,-1.106862723827362061e-02,5.679890513420104980e-01,5.978703369348972729e-02,7.370578935736316062e-02,-3.875778697265952477e-02,1.975269575305334424e+00,-5.970899080191043040e-02,2.789775556472320339e-01,5.000000000000000000e+01,4.589358514863100709e+02
1.080000000000000071e+00,3.214607715606689453e+00,-1.229406334459781647e-02,5.713884830474853516e-01,6.251193289764889194e-02,5.807816287402389754e-02,-4.007227099262971465e-02,1.986060394698624831e+00,-6.422647767279232589e-02,1.430307779173246030e-01,5.000000000000000000e+01,5.089358514863100709e+02
1.100000000000000089e+00,3.253920078277587891e+00,-1.338667795062065125e-02,5.690685510635375977e-01,6.516583326849911817e-02,4.466273346665627919e-02,-4.117423900974949424e-02,1.958521164241033619e+00,-5.815562738099908785e-02,-1.291210202222581316e-01,5.000000000000000000e+01,5.589358514863100709e+02
1.120000000000000107e+00,3.293594837188720703e+00,-1.474280096590518951e-02,5.664258599281311035e-01,6.771357073029328488e-02,3.329237130835616121e-02,-4.230518706904611709e-02,1.993032277145778464e+00,-7.041299481749770106e-02,-1.725863843400942677e-01,5.000000000000000000e+01,6.089358514863100709e+02
1.140000000000000124e+00,3.333515167236328125e+00,-1.622246019542217255e-02,5.614716410636901855e-01,7.022013562212307825e-02,2.065794880852700466e-02,-4.364466163921636166e-02,1.999146006462311442e+00,-7.526568101374594977e-02,-3.048300572409800013e-01,5.000000000000000000e+01,6.589358514863100709e+02
1.159999999999999920e+00,3.373607158660888672e+00,-1.782425306737422943e-02,5.541699528694152832e-01,7.271571257473764816e-02,8.658352264528490494e-03,-4.503471628962002482e-02,2.008472873582097584e+00,-8.047407805194152497e-02,-4.359939898891160293e-01,5.000000000000000000e+01,7.089358514863100709e+02
1.179999999999999938e+00,3.413960933685302734e+00,-1.961460709571838379e-02,5.452966094017028809e-01,7.522717171593008845e-02,-3.319790460916571817e-03,-4.653542790852049915e-02,2.024489272545638929e+00,-8.838249984576418417e-02,-5.372711867748197756e-01,5.000000000000000000e+01,7.589358514863100709e+02
1.199999999999999956e+00,3.454576253890991211e+00,-2.159005589783191681e-02,5.347422361373901367e-01,7.779826633985335860e-02,-1.719218872887995353e-02,-4.829975658351630396e-02,2.037607811419615000e+00,-9.663197267231997400e-02,-6.349603260865349652e-01,5.000000000000000000e+01,8.089358514863100709e+02
1.219999999999999973e+00,3.495483160018920898e+00,-2.384644187986850739e-02,5.236058235168457031e-01,8.048117350869471442e-02,-3.414736383852368107e-02,-5.045703618653796935e-02,2.054689691077182800e+00,-1.097779442832024083e-01,-6.777324958531901755e-01,5.000000000000000000e+01,8.589358514863100709e+02
1.239999999999999991e+00,3.536732912063598633e+00,-2.656853199005126953e-02,5.139785408973693848e-01,8.338693939596229787e-02,-5.855926630080876549e-02,-5.345859597128517493e-02,2.074644803133118831e+00,-1.330506586501111477e-01,-6.073632659972988401e-01,5.000000000000000000e+01,9.089358514863100709e+02
1.260000000000000009e+00,3.578074216842651367e+00,-3.010467439889907837e-02,5.098603963851928711e-01,8.672619300016858046e-02,-9.361572913305060695e-02,-5.765182201766359815e-02,2.085297200592157729e+00,-1.811153502347644939e-01,-2.611170379298988209e-01,5.000000000000000000e+01,9.589358514863100709e+02
1.280000000000000027e+00,3.618931531906127930e+00,-3.417557850480079651e-02,5.082257390022277832e-01,9.088937733553381637e-02,-1.388902915062775190e-01,-6.289057297363856436e-02,2.042804954059775913e+00,-2.009386060436733346e-01,-2.035711935995687116e-01,5.000000000000000000e+01,1.008935851486310071e+03
1.300000000000000044e+00,3.659487724304199219e+00,-3.784422576427459717e-02,4.987187087535858154e-01,9.623372631256324472e-02,-1.888183594957271172e-01,-6.865206400317983015e-02,2.016389456896056309e+00,-1.742769012658577088e-01,-6.455373275317747295e-01,5.000000000000000000e+01,1.058935851486310185e+03
1.320000000000000062e+00,3.699856519699096680e+00,-4.093466699123382568e-02,4.798806607723236084e-01,1.027751178516166930e-01,-2.326657616823777364e-01,-7.396560655024261854e-02,2.011933104119481897e+00,-1.452922757378934948e-01,-1.108666472750292176e+00,5.000000000000000000e+01,1.108935851486310185e+03
1.340000000000000080e+00,3.740226030349731445e+00,-4.349723830819129944e-02,4.523839950561523438e-01,1.104248191141332658e-01,-2.703799979446623869e-01,-7.884320711294212636e-02,2.016347655799108463e+00,-1.201832000734187056e-01,-1.525855609473744323e+00,5.000000000000000000e+01,1.158935851486310185e+03
1.360000000000000098e+00,3.780654191970825195e+00,-4.562937468290328979e-02,4.173086285591125488e-01,1.189930190682835370e-01,-3.025581365116747357e-01,-8.327553988108761518e-02,2.022870631499097627e+00,-1.002532993972494041e-01,-1.887612679712139085e+00,4.857162701712160668e+01,1.207507478503431685e+03
1.380000000000000115e+00,3.821214199066162109e+00,-4.743271693587303162e-02,3.756280541419982910e-01,1.283020492099021526e-01,-3.313902529169261424e-01,-8.744594337111658011e-02,2.030840044421527324e+00,-8.545854899386076675e-02,-2.200534087130755712e+00,4.232321695592793276e+01,1.249830695459359504e+03
1.400000000000000133e+00,3.861936330795288086e+00,-4.899957776069641113e-02,3.281739950180053711e-01,1.381943677010217530e-01,-3.585878327695037893e-01,-9.151557599778015195e-02,2.038978297465207312e+00,-7.507514524788024002e-02,-2.474733866942946392e+00,-2.434224607629976500e+00,1.247396470851729418e+03
1.419999999999999929e+00,3.891546249389648438e+00,-5.224669724702835083e-02,3.096163868904113770e-01,1.565309053566647512e-01,-3.038569009315750247e-01,-9.288945996211929457e-02,1.037643113157558528e+00,-1.985293324033874096e-01,-2.914506875808947073e-01,-2.496701128224925625e+00,1.244899769723504505e+03
1.439999999999999947e+00,3.912814855575561523e+00,-5.736980587244033813e-02,3.043471276760101318e-01,1.788009616887133169e-01,-2.518326917092341688e-01,-1.057196936108776575e-01,1.064155352639410301e+00,-2.629378899210763065e-01,-2.295195215974558112e-01,-1.682923622686110843e+00,1.243216846100818429e+03
1.459999999999999964e+00,3.935265302658081055e+00,-6.303777545690536499e-02,2.989790737628936768e-01,2.001058974251397893e-01,-2.037579108729556943e-01,-1.199530924025766776e-01,1.158627459675037885e+00,-3.015543755030726802e-01,-2.755909150503803584e-01,-1.968356078928966690e+00,1.241248490021889438e+03
1.479999999999999982e+00,3.958332061767578125e+00,-6.915909796953201294e-02,2.932358682155609131e-01,2.204954072707325241e-01,-1.523302397924819473e-01,-1.343774493547504334e-01,1.176308698648261597e+00,-3.156502342712481646e-01,-2.331566352126237252e-01,-1.861592092148547595e+00,1.239386897929740826e+03
1.500000000000000000e+00,3.981714248657226562e+00,-7.562647014856338501e-02,2.870673537254333496e-01,2.405591430942896625e-01,-1.024738550508219603e-01,-1.504775530653400528e-01,1.121735086189904695e+00,-3.696185323677687595e-01,-2.528654611406543351e-01,-2.049195841059442635e+00,1.237337702088681453e+03
1.520000000000000018e+00,4.004680156707763672e+00,-8.278273791074752808e-02,2.805723249912261963e-01,2.585177255469868207e-01,-4.617597879219936807e-02,-1.655428316491811547e-01,1.152436184735273983e+00,-3.517453012666970080e-01,-3.210498280246600333e-01,-4.310526137423621451e-01,1.236906649474939059e+03
1.540000000000000036e+00,4.028159141540527344e+00,-9.083533287048339844e-02,2.747049033641815186e-01,2.752694528246814043e-01,6.097530612541035566e-04,-1.841250765598327899e-01,1.262524586236049906e+00,-4.640512508300078109e-01,8.553457740345662974e-02,-4.938116468345870036e-01,1.236412837828104557e+03
1.560000000000000053e+00,4.052758693695068359e+00,-1.012479513883590698e-01,2.798445522785186768e-01,2.968440061166531807e-01,3.191218263890771567e-02,-1.982763603163317234e-01,1.239480335608910577e+00,-5.204162054746720445e-01,1.816282244365379217e-01,-9.383063623875382842e-01,1.235474531465717064e+03
1.580000000000000071e+00,4.078112602233886719e+00,-1.126189678907394409e-01,2.827854752540588379e-01,3.162387056234591820e-01,5.556830552541702772e-02,-2.155979246873290234e-01,1.270565599865122186e+00,-5.977788805127610683e-01,1.779811377398431704e-01,-1.537034081927564744e+00,1.233937497383789605e+03
1.600000000000000089e+00,4.104678630828857422e+00,-1.252486407756805420e-01,2.846544682979583740e-01,3.343271676556477390e-01,7.064996767424114310e-02,-2.354664186384538560e-01,1.343939209291836967e+00,-6.619775243548468024e-01,5.380557901191992953e-02,-1.552413229099994796e+00,1.232385084154689594e+03
1.620000000000000107e+00,4.132242202758789062e+00,-1.381247490644454956e-01,2.853392958641052246e-01,3.553181351388060571e-01,7.772599842907190748e-02,-2.539701779568078743e-01,1.396200618313516051e+00,-6.437786080955996137e-01,-1.822106764176995367e-02,-1.990134610565662543e+00,1.230394949544123847e+03
1.640000000000000124e+00,4.160765171051025391e+00,-1.515392363071441650e-01,2.848223745822906494e-01,3.788371010913432202e-01,7.942894693795143901e-02,-2.711739238151222309e-01,1.441106633918265878e+00,-7.076706922870791283e-01,-3.465168402831779459e-04,-2.440102035814069037e+00,1.227954847508309740e+03
1.660000000000000142e+00,4.190037250518798828e+00,-1.665021181106567383e-01,2.830785214900970459e-01,4.012960234333965981e-01,7.444122255306129254e-02,-2.915417415884026808e-01,1.483857124288039842e+00,-7.810264075692330277e-01,-1.351945189244813661e-01,-2.693067439881615233e+00,1.225261780068428152e+03
1.679999999999999938e+00,4.220088958740234375e+00,-1.816511601209640503e-01,2.802067399024963379e-01,4.285187179646584021e-01,6.199550320488489419e-02,-3.097586230776419591e-01,1.513837597791052092e+00,-7.450923862600131731e-01,-1.961744169510327707e-01,-3.027294727577615419e+00,1.222234485340850597e+03
1.699999999999999956e+00,4.251029968261718750e+00,-1.966841220855712891e-01,2.749530076980590820e-01,4.600974507036764694e-01,4.160158676473701966e-02,-3.269993061182943084e-01,1.621391321263652152e+00,-8.015747933800384528e-01,-2.245640136263217790e-01,-3.645554560679307610e+00,1.218588930780171268e+03
1.719999999999999973e+00,4.282967090606689453e+00,-2.128805518150329590e-01,2.686762511730194092e-01,4.942438950078578142e-01,1.547317870282793884e-02,-3.441501117673184673e-01,1.609801277487948878e+00,-8.094255829967520466e-01,-3.699573956901563987e-01,-4.016549475390989166e+00,1.214572381304780265e+03
1.739999999999999991e+00,4.313873291015625000e+00,-2.288828790187835693e-01,2.641269564628601074e-01,5.385413169694377444e-01,-2.798448534651054587e-03,-3.539224030914276953e-01,1.341078346721393366e+00,-7.232998504229724013e-01,-4.886821483683749523e-02,-6.596760873005697690e+00,1.207975620431774587e+03
1.760000000000000009e+00,4.339742183685302734e+00,-2.426947504281997681e-01,2.615084648132324219e-01,5.950108988729738702e-01,-8.935703392689564595e-03,-3.637881665902796824e-01,1.255026762718555178e+00,-6.854728561253262686e-01,-1.564533509744919226e-01,-6.170268924631721497e+00,1.201805351507142859e+03
1.780000000000000027e+00,4.360228061676025391e+00,-2.552406489849090576e-01,2.597558498382568359e-01,6.580164018990523056e-01,1.137152312979106128e-02,-3.650806644968659365e-01,3.955098641325711650e-01,-4.878717549241404772e-01,2.392145971363838775e-01,-4.000000000000000000e+02,8.018053515071428592e+02
