new_training_transitions,mean_step_reward,speed_rmse,loss,kl
2.457600000000000000e+04,1.006648592754692295e+01,7.815120298572104662e-01,4.773455429077148438e+01,3.096355870366096497e-02
4.915200000000000000e+04,4.969227266355755179e-01,1.054396927972660603e+00,2.782400131225585938e+01,3.097964450716972351e-02
7.372800000000000000e+04,7.160475678781342168e+00,9.942943673842773444e-01,1.616036987304687500e+01,3.495647758245468140e-02
9.830400000000000000e+04,7.091910664348834992e+00,1.012728640161174143e+00,2.217641830444335938e+01,2.687777951359748840e-02
1.228800000000000000e+05,6.183739941889008662e+00,9.622709116886694058e-01,1.270011043548583984e+01,2.860822901129722595e-02
1.474560000000000000e+05,3.288186347249235197e+00,1.079479722991731672e+00,1.579572486877441406e+01,1.956269331276416779e-02
1.720320000000000000e+05,6.163814466002182080e+00,1.035312835149035493e+00,1.669607353210449219e+01,2.123601734638214111e-02
1.966080000000000000e+05,6.092187771187426826e+00,1.015689817308051524e+00,1.494865989685058594e+01,2.180997654795646667e-02
2.211840000000000000e+05,5.674749349322579128e+00,1.010678419050500487e+00,1.122341442108154297e+01,2.878410741686820984e-02
2.457600000000000000e+05,5.147688141599308764e+00,1.043432262103040076e+00,1.338001251220703125e+01,3.814148902893066406e-02
2.703360000000000000e+05,6.715360647402087046e+00,1.029384169173463093e+00,1.152576446533203125e+01,1.782676018774509430e-02
2.949120000000000000e+05,6.093869790239648587e+00,1.032586933245272842e+00,1.338403701782226562e+01,2.029589004814624786e-02
3.194880000000000000e+05,5.793834157363697557e+00,1.041928683619139040e+00,1.739861297607421875e+01,2.229201048612594604e-02
3.440640000000000000e+05,6.480703231135890974e+00,1.038191121997124489e+00,9.348720550537109375e+00,2.032165043056011200e-02
3.686400000000000000e+05,5.663399154391092871e+00,1.048497173911663083e+00,1.660795593261718750e+01,2.230704948306083679e-02
3.932160000000000000e+05,6.025439070983139800e+00,1.036968829590897423e+00,1.461047744750976562e+01,1.565212756395339966e-02
4.177920000000000000e+05,6.387275260722041104e+00,1.045166775709628570e+00,1.599772834777832031e+01,1.894566044211387634e-02
4.423680000000000000e+05,6.378656014674710661e+00,1.020982093409691371e+00,1.129738998413085938e+01,6.095660850405693054e-02
4.669440000000000000e+05,6.473722530759623339e+00,1.022111073471339227e+00,1.277499389648437500e+01,2.176876924932003021e-02
4.915200000000000000e+05,6.048848074473781367e+00,1.031285372049035587e+00,2.223620605468750000e+01,2.139473333954811096e-02
5.160960000000000000e+05,6.640142744746686532e+00,9.803301137630786588e-01,1.616978836059570312e+01,2.252083644270896912e-02
5.406720000000000000e+05,6.514140027529069954e+00,1.007411278618614681e+00,1.149385452270507812e+01,1.930337399244308472e-02
5.652480000000000000e+05,6.699331445062539636e+00,1.024440911451821146e+00,1.386037826538085938e+01,2.061768248677253723e-02
5.898240000000000000e+05,6.106751835609670387e+00,1.015568180105189899e+00,1.442419815063476562e+01,2.616653591394424438e-02
6.144000000000000000e+05,7.373411686667012077e+00,9.936226866022368487e-01,1.533881187438964844e+01,1.558880787342786789e-02
6.389760000000000000e+05,6.011208552527336657e+00,1.013378297619022650e+00,1.339294815063476562e+01,1.700232177972793579e-02
6.635520000000000000e+05,6.740058216493157950e+00,1.018661082948838059e+00,1.433364009857177734e+01,1.591098494827747345e-02
6.881280000000000000e+05,7.307561772822388946e+00,1.003035515923085930e+00,1.111718750000000000e+01,2.330197207629680634e-02
7.127040000000000000e+05,7.107909423220589495e+00,9.673391392528752908e-01,1.491285896301269531e+01,1.191951259970664978e-01
7.372800000000000000e+05,6.140349864459287765e+00,1.007472495960580083e+00,1.367769145965576172e+01,1.619291491806507111e-02
7.618560000000000000e+05,5.228667559264873255e+00,1.057268879158247854e+00,1.027403068542480469e+01,1.760151982307434082e-02
7.864320000000000000e+05,6.115796697372779533e+00,1.058285688050785600e+00,9.852334022521972656e+00,1.895688474178314209e-02
8.110080000000000000e+05,5.687241298906802633e+00,1.059840128279662785e+00,9.136403083801269531e+00,2.058814838528633118e-02
8.355840000000000000e+05,6.308375508262319187e+00,1.044112805406012923e+00,1.193697738647460938e+01,1.986426115036010742e-02
8.601600000000000000e+05,6.768373371285680840e+00,1.037638446662836111e+00,7.456851005554199219e+00,2.206399850547313690e-02
8.847360000000000000e+05,6.882918044084612497e+00,1.069056279399939413e+00,9.072553634643554688e+00,1.972184330224990845e-02
9.093120000000000000e+05,6.999299612740472298e+00,1.064409962026560574e+00,9.288413047790527344e+00,1.758618280291557312e-02
9.338880000000000000e+05,6.210394227338063011e+00,1.068062354659559343e+00,2.366392135620117188e+01,1.716258749365806580e-02
9.584640000000000000e+05,6.544144952589195263e+00,1.003534358912686386e+00,2.089079856872558594e+01,1.468163635581731796e-02
9.830400000000000000e+05,7.789291653381664737e+00,1.003822392761496873e+00,1.292790985107421875e+01,2.008623257279396057e-02
1.007616000000000000e+06,7.594628009667715673e+00,1.009313157936350347e+00,1.246330070495605469e+01,1.633174158632755280e-02
1.032192000000000000e+06,7.537186474709081097e+00,1.015861697151179577e+00,1.347697353363037109e+01,1.674688607454299927e-02
1.056768000000000000e+06,6.390533397780893132e+00,1.005588765560086140e+00,1.446120643615722656e+01,2.096639201045036316e-02
1.081344000000000000e+06,7.146231028397927787e+00,9.940595002271331859e-01,1.518653011322021484e+01,6.586994975805282593e-02
1.105920000000000000e+06,7.518904386376017435e+00,9.824748892696076874e-01,2.023262023925781250e+01,1.366783864796161652e-02
1.130496000000000000e+06,7.233489204123679350e+00,9.753460365024677614e-01,2.416393280029296875e+01,1.379297859966754913e-02
1.155072000000000000e+06,6.919932283948365459e+00,1.005463555261132402e+00,2.727502250671386719e+01,1.179698482155799866e-02
1.179648000000000000e+06,4.460397353550946242e+00,9.955806951133810978e-01,2.098868370056152344e+01,1.121195033192634583e-02
1.204224000000000000e+06,5.125028228748772285e+00,9.623733533762580672e-01,2.121972656250000000e+01,1.400757953524589539e-02
1.228800000000000000e+06,7.412004159362354905e+00,9.857883959506150706e-01,2.431950950622558594e+01,3.286321461200714111e-02
1.253376000000000000e+06,6.871911012874850400e+00,9.655468294655339401e-01,1.931357192993164062e+01,1.830427721142768860e-02
1.277952000000000000e+06,7.505904454539577664e+00,9.628330747800736278e-01,1.590006828308105469e+01,1.829589530825614929e-02
1.302528000000000000e+06,7.611568323552297066e+00,9.747429020328997051e-01,1.250952434539794922e+01,2.020771242678165436e-02
1.327104000000000000e+06,7.259162975268565354e+00,9.823289086368302003e-01,1.484034919738769531e+01,1.841819658875465393e-02
1.351680000000000000e+06,7.510961338784444052e+00,1.030745665660273147e+00,2.261937713623046875e+01,1.189857348799705505e-02
1.376256000000000000e+06,6.480704727878683791e+00,1.074853846059477203e+00,1.669540405273437500e+01,1.166089065372943878e-02
1.400832000000000000e+06,6.025059105475723875e+00,1.099831656413324366e+00,2.379048156738281250e+01,1.260367408394813538e-02
1.425408000000000000e+06,6.182312162595231086e+00,1.113568898852711042e+00,1.935918617248535156e+01,1.880533248186111450e-02
1.449984000000000000e+06,5.310944424066987857e+00,1.119217010237332222e+00,2.118077278137207031e+01,1.097376178950071335e-02
1.474560000000000000e+06,5.578810923448959791e+00,1.102970132935167769e+00,2.273850631713867188e+01,1.213605143129825592e-02
1.499136000000000000e+06,5.867744911149195275e+00,1.114623567207419397e+00,2.153879165649414062e+01,1.580341346561908722e-02
1.523712000000000000e+06,6.440722877903188426e+00,1.093957391695591586e+00,1.812322425842285156e+01,1.345462538301944733e-02
1.548288000000000000e+06,5.899061483348471135e+00,1.115356827575499254e+00,1.846595573425292969e+01,1.527076400816440582e-02
1.572864000000000000e+06,6.102007818919598314e+00,1.126467129457847438e+00,2.312087631225585938e+01,1.414306089282035828e-02
1.597440000000000000e+06,6.087849455963367795e+00,1.130534042518309024e+00,1.891426849365234375e+01,1.335068326443433762e-02
1.622016000000000000e+06,5.503631572062356092e+00,1.128475842809143703e+00,2.203460693359375000e+01,1.136507652699947357e-02
1.646592000000000000e+06,6.046863994178103496e+00,1.120922239846431134e+00,2.672486686706542969e+01,1.446182280778884888e-02
1.671168000000000000e+06,5.813928434151423907e+00,1.136112988623261488e+00,2.600823593139648438e+01,1.435591652989387512e-02
1.695744000000000000e+06,4.926080813733125119e+00,1.145311342453525505e+00,3.425627136230468750e+01,1.459490787237882614e-02
1.720320000000000000e+06,5.654831561302953169e+00,1.133457583750784980e+00,4.905989074707031250e+01,1.356158405542373657e-02
1.744896000000000000e+06,5.248980187954804144e+00,1.138927881605394710e+00,3.135905838012695312e+01,2.001195214688777924e-02
1.769472000000000000e+06,5.860430769356590019e+00,1.123478733381616745e+00,2.906428909301757812e+01,1.481445319950580597e-02
1.794048000000000000e+06,5.414209411740415590e+00,1.111056838586058193e+00,2.381859588623046875e+01,1.886801421642303467e-02
1.818624000000000000e+06,6.532837260452001082e+00,1.067567916384451809e+00,2.208532714843750000e+01,1.691997796297073364e-02
1.843200000000000000e+06,6.661151753268079290e+00,1.085710429238250452e+00,2.306632232666015625e+01,1.488209422677755356e-02
1.867776000000000000e+06,5.910157362931928837e+00,1.100523938393056067e+00,2.176843643188476562e+01,1.762805320322513580e-02
1.892352000000000000e+06,6.501608219393773425e+00,1.144094417313279877e+00,1.697867965698242188e+01,2.516039833426475525e-02
1.916928000000000000e+06,6.128779872406757256e+00,1.139930393811028564e+00,1.731041526794433594e+01,2.644142135977745056e-02
1.941504000000000000e+06,5.463620497366521001e+00,1.178709777392286551e+00,3.333645629882812500e+01,1.347170677036046982e-02
1.966080000000000000e+06,5.936689264778357789e+00,1.147267790376432117e+00,3.664020156860351562e+01,1.062225736677646637e-02
1.990656000000000000e+06,5.788280136732662839e+00,1.123421080023367269e+00,3.268236541748046875e+01,1.415969617664813995e-02
2.015232000000000000e+06,5.998477343314763566e+00,1.130644113601637191e+00,2.069702339172363281e+01,1.387470588088035583e-02
2.039808000000000000e+06,6.325326628204774870e+00,1.157696746260306053e+00,2.494665527343750000e+01,1.515621691942214966e-02
2.064384000000000000e+06,6.082898080538913455e+00,1.153774563903259720e+00,2.648955154418945312e+01,1.544838678091764450e-02
2.088960000000000000e+06,5.854604888128316809e+00,1.168632114386354059e+00,1.832087326049804688e+01,1.884474605321884155e-02
2.113536000000000000e+06,6.192520218854191683e+00,1.148999299535212071e+00,2.008796310424804688e+01,2.513980492949485779e-02
2.138112000000000000e+06,5.863115678164675160e+00,1.148523075220477585e+00,1.847039031982421875e+01,4.232462048530578613e-01
2.162688000000000000e+06,5.374926996317493710e+00,1.142023564942711289e+00,3.355238342285156250e+01,1.668945513665676117e-02
2.187264000000000000e+06,5.886208576581368312e+00,1.135038835859521367e+00,3.046227264404296875e+01,1.419955026358366013e-02
2.211840000000000000e+06,5.715639554467302652e+00,1.113174892459681820e+00,3.257957458496093750e+01,1.792617142200469971e-02
2.236416000000000000e+06,6.900502046671408429e+00,1.100698124463994176e+00,2.338117027282714844e+01,1.379915326833724976e-02
2.260992000000000000e+06,6.488348642046935844e+00,1.140438441113117651e+00,1.891193771362304688e+01,2.004671469330787659e-02
2.285568000000000000e+06,6.049605715976293929e+00,1.190404826680343531e+00,1.946184158325195312e+01,1.808971166610717773e-02
2.310144000000000000e+06,6.184001830673319766e+00,1.205557248328615216e+00,1.691740608215332031e+01,1.836200058460235596e-02
2.334720000000000000e+06,6.163228627227177014e+00,1.212541185588438264e+00,1.663049507141113281e+01,2.697939239442348480e-02
2.359296000000000000e+06,6.042049294190943165e+00,1.242844948769523228e+00,2.171302795410156250e+01,2.402733825147151947e-02
2.383872000000000000e+06,6.504933880452381523e+00,1.206691812068984682e+00,2.543951034545898438e+01,1.517797540873289108e-02
2.408448000000000000e+06,6.289910669273957922e+00,1.238936668193497459e+00,1.529071998596191406e+01,1.730597391724586487e-02
2.433024000000000000e+06,5.854848266629534947e+00,1.158116404253906939e+00,1.973525619506835938e+01,3.092759661376476288e-02
2.457600000000000000e+06,6.122241152944540410e+00,1.151702911884693981e+00,1.689070510864257812e+01,1.597994379699230194e-02
2.482176000000000000e+06,5.614467447817719226e+00,1.130381998316601688e+00,2.069418525695800781e+01,1.428308524191379547e-02
2.506752000000000000e+06,6.106185472760524924e+00,1.153983467542704977e+00,1.571269607543945312e+01,1.693493314087390900e-02
2.531328000000000000e+06,6.414161492147218979e+00,1.162250638952243786e+00,2.692274856567382812e+01,1.996529474854469299e-02
2.555904000000000000e+06,6.377522133609443422e+00,1.192734075578022246e+00,1.388564491271972656e+01,1.676860079169273376e-02
2.580480000000000000e+06,5.941544153872535539e+00,1.195747413548269744e+00,1.566811656951904297e+01,2.300358191132545471e-02
2.605056000000000000e+06,6.342099630694740142e+00,1.178639106741693254e+00,1.427750968933105469e+01,2.095816284418106079e-02
2.629632000000000000e+06,6.450857354996087700e+00,1.172342439712187101e+00,1.421219825744628906e+01,1.936459355056285858e-02
2.654208000000000000e+06,6.201904793664891891e+00,1.162166686439483954e+00,1.807091140747070312e+01,1.148016378283500671e-02
2.678784000000000000e+06,6.276861710641402858e+00,1.168019360390617711e+00,1.042328357696533203e+01,1.708740368485450745e-02
2.703360000000000000e+06,5.884513596844830552e+00,1.169221918452052256e+00,1.860345268249511719e+01,2.613921090960502625e-02
2.727936000000000000e+06,6.509036433102906472e+00,1.161486870642107538e+00,1.569595909118652344e+01,2.740896306931972504e-02
2.752512000000000000e+06,6.190645055787055817e+00,1.159133454287650133e+00,1.098756027221679688e+01,1.922390796244144440e-02
2.777088000000000000e+06,6.247588365063303506e+00,1.171156593372382204e+00,9.964083671569824219e+00,2.069717273116111755e-02
2.801664000000000000e+06,6.040679073240487362e+00,1.139352434440075834e+00,1.900415420532226562e+01,1.215189229696989059e-02
2.826240000000000000e+06,6.315304588115672857e+00,1.140259404452273584e+00,1.373044872283935547e+01,2.198360674083232880e-02
2.850816000000000000e+06,6.245596697750021242e+00,1.164857558656153369e+00,1.661109161376953125e+01,2.158450335264205933e-02
2.875392000000000000e+06,6.292121726117044567e+00,1.190476439330493408e+00,1.437031555175781250e+01,1.733943261206150055e-02
2.899968000000000000e+06,5.887730568174979418e+00,1.167548255754883746e+00,2.076959609985351562e+01,1.202140003442764282e-02
2.924544000000000000e+06,5.911315532587370747e+00,1.177989150189173495e+00,1.976440811157226562e+01,1.475849747657775879e-02
2.949120000000000000e+06,6.160288550823743492e+00,1.183965714772442945e+00,2.055939483642578125e+01,2.082032337784767151e-02
2.973696000000000000e+06,6.531060815918586115e+00,1.191641961003810257e+00,1.830168533325195312e+01,3.362696990370750427e-02
2.998272000000000000e+06,6.089830013339714299e+00,1.222330349468184751e+00,1.424259853363037109e+01,6.015176326036453247e-02
3.022848000000000000e+06,6.452906823766885402e+00,1.245602390442744234e+00,7.505966186523437500e+00,2.341458946466445923e-02
3.047424000000000000e+06,6.058960118815022611e+00,1.273396848295038852e+00,1.206898498535156250e+01,9.740968793630599976e-02
3.072000000000000000e+06,5.743087971748091825e+00,1.247425581055376709e+00,1.271106910705566406e+01,1.316055841743946075e-02
3.096576000000000000e+06,5.976355330625399809e+00,1.199511038664978102e+00,1.020711231231689453e+01,1.685946434736251831e-02
3.121152000000000000e+06,6.428051161002649394e+00,1.130891651199279258e+00,1.309257316589355469e+01,1.402914151549339294e-02
3.145728000000000000e+06,6.704254085557948883e+00,1.084850489217150882e+00,1.410561752319335938e+01,1.233121939003467560e-02
3.170304000000000000e+06,6.733672131848506659e+00,1.020188486664580507e+00,2.569713401794433594e+01,8.081529289484024048e-03
3.194880000000000000e+06,7.329365069164849977e+00,1.029143686321722040e+00,2.314437484741210938e+01,8.321560919284820557e-03
3.219456000000000000e+06,6.120299504726392392e+00,1.125859637775618483e+00,2.818733215332031250e+01,6.966809742152690887e-03
3.244032000000000000e+06,7.053613644604859623e+00,1.187619460693605911e+00,1.635486221313476562e+01,1.019967719912528992e-02
3.268608000000000000e+06,6.999166702857071876e+00,1.258734817451805599e+00,1.605752563476562500e+01,1.803157851099967957e-02
3.293184000000000000e+06,5.823909887903590210e+00,1.306648121626030612e+00,1.601932525634765625e+01,1.843938976526260376e-02
3.317760000000000000e+06,6.196094215849178966e+00,1.328420765592362329e+00,1.321406555175781250e+01,1.399987190961837769e-02
3.342336000000000000e+06,6.553829591565559554e+00,1.319181028633163777e+00,9.366194725036621094e+00,2.755275182425975800e-02
3.366912000000000000e+06,6.598459981825477882e+00,1.318426479137211338e+00,1.665034103393554688e+01,2.405707351863384247e-02
3.391488000000000000e+06,6.487139060683315250e+00,1.314940510509917893e+00,1.076871299743652344e+01,4.424209147691726685e-02
3.416064000000000000e+06,6.570478359425945492e+00,1.306502734912275532e+00,8.475536346435546875e+00,1.644973084330558777e-02
3.440640000000000000e+06,6.635102231413275042e+00,1.326108123826598595e+00,6.786202430725097656e+00,1.989262923598289490e-02
3.465216000000000000e+06,6.543322568498012970e+00,1.379941754386685426e+00,1.118526077270507812e+01,3.360011801123619080e-02
3.489792000000000000e+06,6.265068534641867082e+00,1.373706817015171167e+00,7.838679790496826172e+00,3.833445161581039429e-02
3.514368000000000000e+06,6.733703476321578840e+00,1.346635931607979675e+00,1.153649520874023438e+01,1.674782112240791321e-02
3.538944000000000000e+06,6.571299874846803668e+00,1.366981524969697936e+00,1.164634609222412109e+01,1.592511683702468872e-02
3.563520000000000000e+06,6.600416826619757593e+00,1.385490795672240427e+00,5.177889347076416016e+00,2.184159681200981140e-02
3.588096000000000000e+06,6.659903712388238972e+00,1.365944287040268712e+00,1.040868854522705078e+01,2.225336991250514984e-02
3.612672000000000000e+06,6.598422504927921928e+00,1.300045606518936081e+00,4.896469593048095703e+00,2.672573551535606384e-02
3.637248000000000000e+06,6.760152524510559147e+00,1.313755054386038124e+00,4.689146518707275391e+00,2.255912497639656067e-02
3.661824000000000000e+06,7.043973033346105694e+00,1.317730518697906250e+00,5.591598033905029297e+00,1.781368628144264221e-02
3.686400000000000000e+06,6.709790822421453527e+00,1.321538896981984124e+00,1.643313407897949219e+01,1.086377725005149841e-02
3.710976000000000000e+06,6.327182874897101961e+00,1.326624218978712744e+00,1.130422496795654297e+01,1.358489692211151123e-02
3.735552000000000000e+06,7.337928717704460091e+00,1.337426775604222629e+00,6.211367607116699219e+00,1.754903048276901245e-02
3.760128000000000000e+06,6.400914223004122938e+00,1.378080315085539409e+00,1.164959526062011719e+01,1.463456079363822937e-02
3.784704000000000000e+06,6.757476826248044688e+00,1.367667200811339523e+00,6.892172813415527344e+00,3.017892502248287201e-02
3.809280000000000000e+06,6.938898481984637101e+00,1.382944098452046022e+00,5.143624782562255859e+00,2.894606254994869232e-02
3.833856000000000000e+06,6.592935445087861446e+00,1.402533391450645928e+00,1.060832500457763672e+01,1.236794050782918930e-02
3.858432000000000000e+06,7.081663118122588862e+00,1.377994668621579377e+00,9.029853820800781250e+00,2.434087917208671570e-02
3.883008000000000000e+06,6.464174161089623283e+00,1.351708251656924986e+00,1.293871879577636719e+01,1.172321103513240814e-02
3.907584000000000000e+06,6.519587543092093540e+00,1.358050228907794699e+00,1.585325908660888672e+01,1.922094449400901794e-02
3.932160000000000000e+06,6.890057086588069701e+00,1.346393797510064383e+00,8.262161254882812500e+00,2.302121184766292572e-02
3.956736000000000000e+06,6.453215012957625341e+00,1.365148151620388051e+00,1.300957393646240234e+01,2.530599944293498993e-02
3.981312000000000000e+06,6.840437674231513832e+00,1.365402806309489181e+00,7.894358634948730469e+00,1.501066889613866806e-02
4.005888000000000000e+06,6.568154508625134724e+00,1.372703782894282964e+00,1.331606578826904297e+01,2.383967861533164978e-02
4.030464000000000000e+06,6.927885313267442946e+00,1.361550302765664355e+00,1.366387557983398438e+01,2.098648250102996826e-02
4.055040000000000000e+06,6.743573860110167573e+00,1.367384176902398218e+00,6.523052215576171875e+00,2.699815854430198669e-02
4.079616000000000000e+06,7.076900968904112688e+00,1.351831439715911465e+00,8.620868682861328125e+00,1.745993643999099731e-02
4.104192000000000000e+06,6.569571758138600615e+00,1.370674927280933542e+00,7.822951316833496094e+00,2.139557525515556335e-02
4.128768000000000000e+06,7.102250932527222282e+00,1.371112182883447606e+00,5.615588665008544922e+00,1.422628015279769897e-02
4.153344000000000000e+06,6.779926137318287083e+00,1.389300928816706637e+00,1.020306015014648438e+01,1.583835482597351074e-02
4.177920000000000000e+06,6.680514993714942840e+00,1.383076005269859854e+00,7.495171546936035156e+00,2.281716465950012207e-02
4.202496000000000000e+06,6.879085440640992033e+00,1.381875039234486735e+00,6.816274642944335938e+00,2.186107449233531952e-02
4.227072000000000000e+06,6.921586825735537296e+00,1.391552561776579156e+00,4.556827545166015625e+00,5.278961360454559326e-02
4.251648000000000000e+06,7.098946019906985150e+00,1.401326436459433999e+00,8.049987792968750000e+00,1.542429067194461823e-02
4.276224000000000000e+06,6.894369078378180582e+00,1.386293272541100574e+00,7.144849777221679688e+00,1.469182595610618591e-02
4.300800000000000000e+06,7.323535082379838634e+00,1.380956027697287425e+00,8.100465774536132812e+00,2.009572274982929230e-02
4.325376000000000000e+06,6.814737104805613122e+00,1.397145049449911136e+00,5.459028244018554688e+00,2.210167795419692993e-02
4.349952000000000000e+06,7.080288104466714749e+00,1.394349677659081355e+00,4.627060890197753906e+00,2.687694132328033447e-02
4.374528000000000000e+06,6.800944837177589797e+00,1.400086546592588022e+00,1.576496505737304688e+01,1.990841887891292572e-02
4.399104000000000000e+06,6.368577987981677957e+00,1.413549965319804702e+00,3.052477836608886719e+01,9.566213935613632202e-03
4.423680000000000000e+06,5.003598317402812690e+00,1.388897758646680636e+00,5.653865814208984375e+01,7.508941926062107086e-03
4.448256000000000000e+06,6.260792680286326295e+00,1.361073501865561530e+00,3.579827117919921875e+01,1.283618807792663574e-02
4.472832000000000000e+06,6.885479773715284857e+00,1.392392570354982206e+00,1.007727050781250000e+01,1.741299033164978027e-02
4.497408000000000000e+06,6.882575714717191318e+00,1.405588762030620220e+00,9.397766113281250000e+00,2.559647336602210999e-02
4.521984000000000000e+06,6.491798985082478879e+00,1.405281321269829409e+00,7.631700038909912109e+00,4.520472884178161621e-02
4.546560000000000000e+06,7.315738470401399240e+00,1.397232678998811872e+00,7.828818321228027344e+00,2.344932779669761658e-02
4.571136000000000000e+06,6.083741888216064986e+00,1.387833180571994784e+00,1.338431835174560547e+01,1.227048784494400024e-02
4.595712000000000000e+06,7.296738762909022569e+00,1.324550431116435556e+00,1.776715087890625000e+01,1.062736473977565765e-02
4.620288000000000000e+06,6.823329745046351924e+00,1.342882630119982101e+00,1.361675930023193359e+01,8.395165205001831055e-03
4.644864000000000000e+06,7.399899246302992672e+00,1.359792874192086387e+00,9.642818450927734375e+00,1.374145038425922394e-02
4.669440000000000000e+06,6.863386727972728529e+00,1.364303843333496857e+00,1.178999996185302734e+01,3.179176151752471924e-02
4.694016000000000000e+06,7.459261315114314783e+00,1.376401950896376958e+00,6.499251365661621094e+00,3.646897152066230774e-02
4.718592000000000000e+06,6.288271277121098457e+00,1.445207612875667014e+00,4.499501228332519531e+00,4.133221507072448730e-02
4.743168000000000000e+06,7.175988441752259028e+00,1.413490036183341791e+00,1.204547405242919922e+01,1.645476743578910828e-02
4.767744000000000000e+06,6.458439616095788871e+00,1.428543690154651991e+00,1.179916572570800781e+01,1.316506695002317429e-02
4.792320000000000000e+06,6.627230989071674294e+00,1.399713106483185143e+00,1.555609893798828125e+01,1.399626862257719040e-02
4.816896000000000000e+06,7.150230380438543420e+00,1.370169398908077651e+00,1.430108451843261719e+01,1.441938057541847229e-02
4.841472000000000000e+06,7.073243131221834012e+00,1.372196966023881748e+00,1.176968955993652344e+01,1.039811503142118454e-02
4.866048000000000000e+06,6.780657770681770558e+00,1.427059510810201548e+00,1.083314037322998047e+01,1.917780563235282898e-02
4.890624000000000000e+06,6.848006803526204500e+00,1.429370825309534965e+00,6.942565441131591797e+00,3.330725058913230896e-02
4.915200000000000000e+06,6.582778605184199883e+00,1.450572323509133232e+00,8.461515426635742188e+00,2.327666245400905609e-02
4.939776000000000000e+06,6.518918695858116230e+00,1.430182309829423737e+00,8.979325294494628906e+00,2.403441071510314941e-02
4.964352000000000000e+06,7.177476884973589044e+00,1.411377769222306400e+00,9.769372940063476562e+00,2.213632687926292419e-02
4.988928000000000000e+06,7.177558860059700230e+00,1.420890480764841257e+00,8.687585830688476562e+00,1.573699712753295898e-02
5.013504000000000000e+06,7.011636623581469330e+00,1.448378741888626031e+00,8.010832786560058594e+00,2.107372134923934937e-02
5.038080000000000000e+06,6.922672069338640988e+00,1.445804443113695825e+00,4.807522773742675781e+00,3.242496401071548462e-02
5.062656000000000000e+06,6.323671257019101155e+00,1.488750675940595736e+00,1.113040351867675781e+01,3.202695772051811218e-02
5.087232000000000000e+06,6.786799567110327835e+00,1.469438116953661222e+00,4.030718803405761719e+00,2.693902701139450073e-02
5.111808000000000000e+06,7.154769559033829829e+00,1.434125356892269387e+00,8.237724304199218750e+00,1.470099017024040222e-02
5.136384000000000000e+06,6.572568609686423535e+00,1.427913930791617991e+00,1.164294052124023438e+01,1.367568038403987885e-02
5.160960000000000000e+06,7.252222050161237554e+00,1.436803927729524144e+00,5.214445114135742188e+00,3.329431265592575073e-02
5.185536000000000000e+06,6.483698814461213544e+00,1.469638013724089864e+00,1.202090358734130859e+01,3.684675693511962891e-02
5.210112000000000000e+06,7.128729321266249030e+00,1.482628045935820760e+00,1.937179183959960938e+01,1.469022221863269806e-02
5.234688000000000000e+06,6.660494940307065015e+00,1.509612472853353538e+00,1.011777019500732422e+01,1.469979342073202133e-02
5.259264000000000000e+06,6.596512714029799440e+00,1.475700897201783990e+00,1.757520675659179688e+01,2.817439846694469452e-02
5.283840000000000000e+06,6.667891859354288187e+00,1.457043056387953506e+00,1.954016876220703125e+01,2.541202306747436523e-02
5.308416000000000000e+06,7.043101258400536580e+00,1.454158947454771145e+00,1.772755432128906250e+01,2.064294368028640747e-02
5.332992000000000000e+06,6.310252004514095070e+00,1.491221826666439654e+00,8.395552635192871094e+00,2.657936327159404755e-02
5.357568000000000000e+06,6.989434118796424400e+00,1.480610872253860677e+00,1.028759574890136719e+01,2.393721044063568115e-02
5.382144000000000000e+06,6.409529058615667019e+00,1.497472708610229963e+00,8.025245666503906250e+00,1.682229712605476379e-02
5.406720000000000000e+06,6.798438387757326673e+00,1.483814023004326854e+00,7.297086238861083984e+00,2.586007490754127502e-02
5.431296000000000000e+06,6.907676258551778581e+00,1.468718433679199409e+00,1.203414058685302734e+01,1.540955062955617905e-02
5.455872000000000000e+06,7.041079368671688599e+00,1.470683924935949793e+00,6.929730415344238281e+00,1.704244688153266907e-02
5.480448000000000000e+06,6.626366909018493345e+00,1.500606133743238146e+00,1.014859962463378906e+01,3.039973601698875427e-02
5.505024000000000000e+06,6.931039749946783957e+00,1.489883102731872855e+00,1.147926521301269531e+01,1.691642776131629944e-02
5.529600000000000000e+06,6.180906292020743820e+00,1.499382772481156367e+00,9.359802246093750000e+00,3.016787394881248474e-02
5.554176000000000000e+06,7.286662086729212895e+00,1.478494730742314411e+00,8.584833145141601562e+00,2.184001728892326355e-02
5.578752000000000000e+06,6.661940479524010250e+00,1.490490667540688596e+00,1.080014228820800781e+01,1.639343611896038055e-02
5.603328000000000000e+06,7.437904440545533902e+00,1.464950828112083103e+00,1.046607494354248047e+01,1.530215516686439514e-02
5.627904000000000000e+06,6.595447170560333028e+00,1.489178306864464174e+00,8.445653915405273438e+00,1.674992963671684265e-02
5.652480000000000000e+06,7.025218875406476826e+00,1.490890794703031208e+00,1.615706062316894531e+01,1.397564914077520370e-02
5.677056000000000000e+06,6.447631816135928950e+00,1.492343579638472972e+00,1.986398124694824219e+01,1.521600596606731415e-02
5.701632000000000000e+06,7.088130304731774523e+00,1.475536847160420884e+00,7.472062587738037109e+00,3.396577388048171997e-02
5.726208000000000000e+06,5.925565710809770792e+00,1.481738003415717264e+00,1.780756378173828125e+01,1.245700754225254059e-02
5.750784000000000000e+06,6.174403253049422169e+00,1.409003484251802440e+00,3.363068771362304688e+01,6.509426515549421310e-03
5.775360000000000000e+06,6.503206116542172843e+00,1.402109490092688260e+00,2.160012626647949219e+01,7.912216708064079285e-03
5.799936000000000000e+06,6.770269369086103772e+00,1.382950267419753576e+00,1.513965034484863281e+01,7.794165983796119690e-03
5.824512000000000000e+06,6.958676972146413675e+00,1.413265267529834279e+00,1.374946975708007812e+01,1.352430507540702820e-02
5.849088000000000000e+06,7.492209401948279002e+00,1.426665608986818157e+00,6.341250896453857422e+00,2.476578205823898315e-02
5.873664000000000000e+06,6.220256310109260944e+00,1.526107606164515795e+00,6.274951457977294922e+00,3.879721462726593018e-02
5.898240000000000000e+06,6.257783092734311658e+00,1.514818473316531522e+00,5.453855514526367188e+00,5.615409836173057556e-02
5.922816000000000000e+06,6.205788428507584165e+00,1.491768203670798876e+00,1.425805091857910156e+01,1.507684867829084396e-02
5.947392000000000000e+06,6.567669185062911197e+00,1.445804089987191343e+00,1.624899482727050781e+01,6.420515477657318115e-03
5.971968000000000000e+06,6.281324079417809791e+00,1.427976517695115799e+00,2.984701347351074219e+01,7.715526036918163300e-03
5.996544000000000000e+06,6.843301276379842868e+00,1.394036566722880011e+00,2.756224060058593750e+01,8.209521882236003876e-03
6.021120000000000000e+06,6.134035273349009110e+00,1.468439603314674047e+00,1.637983512878417969e+01,1.177740376442670822e-02
6.045696000000000000e+06,6.490204071370381023e+00,1.499055216908253385e+00,7.078963756561279297e+00,3.299669176340103149e-02
6.070272000000000000e+06,6.422265428745002502e+00,1.530817298274563365e+00,1.087863922119140625e+01,7.127405703067779541e-02
6.094848000000000000e+06,6.122549564796009314e+00,1.500900097251564480e+00,7.605668544769287109e+00,1.746795885264873505e-02
6.119424000000000000e+06,7.232580266314374562e+00,1.461647730986061822e+00,1.239090251922607422e+01,1.174993813037872314e-02
6.144000000000000000e+06,7.293498818257947214e+00,1.425867900365277441e+00,7.269416809082031250e+00,1.920824125409126282e-02
6.168576000000000000e+06,6.754203140414648310e+00,1.461503737948081749e+00,1.578407859802246094e+01,1.614490896463394165e-02
6.193152000000000000e+06,6.762837371759137461e+00,1.500056028803322006e+00,6.298680782318115234e+00,2.495227381587028503e-02
6.217728000000000000e+06,6.786771752502591681e+00,1.560065834571679799e+00,5.563188552856445312e+00,3.088030032813549042e-02
6.242304000000000000e+06,5.950609982868211745e+00,1.576247705219353756e+00,1.067273235321044922e+01,3.214103356003761292e-02
6.266880000000000000e+06,7.064181433672952259e+00,1.520704064844191183e+00,1.021243286132812500e+01,1.915195211768150330e-02
6.291456000000000000e+06,6.787975300475238782e+00,1.473135931549626854e+00,9.450767517089843750e+00,1.222407631576061249e-02
6.316032000000000000e+06,7.331253579975769874e+00,1.467639357218252671e+00,1.283939933776855469e+01,1.938551850616931915e-02
6.340608000000000000e+06,6.703372531291814873e+00,1.505679888969946090e+00,8.797126770019531250e+00,2.349969372153282166e-02
6.365184000000000000e+06,6.635121178408742715e+00,1.540431986572719847e+00,5.542724609375000000e+00,2.910625748336315155e-02
6.389760000000000000e+06,6.488330164678944634e+00,1.562927090999454594e+00,3.650838851928710938e+00,6.372106820344924927e-02
6.414336000000000000e+06,6.704406630344208473e+00,1.541616099673953189e+00,3.852796316146850586e+00,1.753199473023414612e-02
6.438912000000000000e+06,6.815485382177167928e+00,1.509437862271243658e+00,4.842123985290527344e+00,1.212194003164768219e-02
6.463488000000000000e+06,7.463555773302384289e+00,1.493140289395312736e+00,5.330634117126464844e+00,1.958508044481277466e-02
6.488064000000000000e+06,6.951687289496857325e+00,1.521982850748197613e+00,7.542973995208740234e+00,1.599154621362686157e-02
6.512640000000000000e+06,7.079839988048998833e+00,1.544226843262153981e+00,3.687912464141845703e+00,3.561898693442344666e-02
6.537216000000000000e+06,6.481475211960112226e+00,1.592649826018111447e+00,4.856663227081298828e+00,8.402229845523834229e-02
6.561792000000000000e+06,6.551965036590424063e+00,1.554674082569868387e+00,1.888825988769531250e+01,1.404616888612508774e-02
6.586368000000000000e+06,5.892066263670520776e+00,1.535029551627615785e+00,1.787155342102050781e+01,9.010515175759792328e-03
6.610944000000000000e+06,7.326021810407453039e+00,1.498974568730762735e+00,1.617185211181640625e+01,8.768717758357524872e-03
6.635520000000000000e+06,6.622497516524457062e+00,1.513844779743579894e+00,1.800606346130371094e+01,9.214021265506744385e-03
6.660096000000000000e+06,7.308290678492636694e+00,1.498123274922339210e+00,1.054516315460205078e+01,1.522045955061912537e-02
6.684672000000000000e+06,6.299663624035510168e+00,1.570262509390208949e+00,7.325662612915039062e+00,7.142245769500732422e-02
6.709248000000000000e+06,6.441475154419308069e+00,1.576184654118321316e+00,1.053642654418945312e+01,3.665426000952720642e-02
6.733824000000000000e+06,6.458529909776381750e+00,1.563947788831941077e+00,1.220895957946777344e+01,1.356062851846218109e-02
6.758400000000000000e+06,7.018046429673418629e+00,1.540584288116150891e+00,1.281070137023925781e+01,4.003872349858283997e-02
6.782976000000000000e+06,6.408193537246152260e+00,1.550736777694169177e+00,1.972123908996582031e+01,1.302205957472324371e-02
6.807552000000000000e+06,6.952787738543676710e+00,1.521618783921433460e+00,1.633898925781250000e+01,1.352840103209018707e-02
6.832128000000000000e+06,6.818724816604365913e+00,1.538108328872272113e+00,1.553831672668457031e+01,1.065962295979261398e-02
6.856704000000000000e+06,6.354264567871955371e+00,1.536664906330796887e+00,2.558252334594726562e+01,1.090267114341259003e-02
6.881280000000000000e+06,7.041794501642705484e+00,1.532909526329956362e+00,1.413936805725097656e+01,2.073807641863822937e-02
6.905856000000000000e+06,7.028077409076787241e+00,1.499748029742933086e+00,1.283979988098144531e+01,1.184608414769172668e-02
6.930432000000000000e+06,7.024885154410445587e+00,1.535385147309856091e+00,9.948236465454101562e+00,2.243122458457946777e-02
6.955008000000000000e+06,6.867400242365054197e+00,1.534311040767858625e+00,1.519766807556152344e+01,1.807414181530475616e-02
6.979584000000000000e+06,6.591704491125336851e+00,1.569120232806221704e+00,1.313870811462402344e+01,1.951270736753940582e-02
7.004160000000000000e+06,6.692439731373647227e+00,1.561584258443023510e+00,9.503463745117187500e+00,1.371136214584112167e-02
7.028736000000000000e+06,6.629176732410313910e+00,1.567120863320518254e+00,1.397299575805664062e+01,1.560890953987836838e-02
7.053312000000000000e+06,7.048939254063932403e+00,1.528836962837157643e+00,1.107902050018310547e+01,2.032211795449256897e-02
7.077888000000000000e+06,7.291821567862136533e+00,1.530030877075942985e+00,7.531024932861328125e+00,1.824840530753135681e-02
7.102464000000000000e+06,6.811781305994909275e+00,1.531079002878453332e+00,1.868369102478027344e+01,1.517020352184772491e-02
7.127040000000000000e+06,6.239522756340806886e+00,1.540152943148639375e+00,2.505927658081054688e+01,1.438923738896846771e-02
7.151616000000000000e+06,6.343872162458321640e+00,1.536738853154887119e+00,2.852910995483398438e+01,1.419231854379177094e-02
7.176192000000000000e+06,5.605506410570469278e+00,1.563459125963629459e+00,2.824029541015625000e+01,1.314103882759809494e-02
7.200768000000000000e+06,6.851483325507729205e+00,1.517697469233002527e+00,1.749381065368652344e+01,2.833004854619503021e-02
7.225344000000000000e+06,7.037288048647404537e+00,1.531496219901431699e+00,1.844452095031738281e+01,2.635895274579524994e-02
7.249920000000000000e+06,6.421599763733520483e+00,1.557054420107363946e+00,1.456751918792724609e+01,2.646437287330627441e-02
7.274496000000000000e+06,6.861859689696892417e+00,1.546925937770472936e+00,9.690675735473632812e+00,2.137563191354274750e-02
7.299072000000000000e+06,6.928646844221211687e+00,1.525069604793648947e+00,1.208581924438476562e+01,1.721161603927612305e-02
7.323648000000000000e+06,6.809399480662389870e+00,1.549211732231998928e+00,9.551260948181152344e+00,2.346605435013771057e-02
7.348224000000000000e+06,6.806206040169759497e+00,1.549450078705816081e+00,6.322888851165771484e+00,2.112701907753944397e-02
7.372800000000000000e+06,7.479522389366128010e+00,1.539992025678273313e+00,8.918922424316406250e+00,2.483400329947471619e-02
7.397376000000000000e+06,6.262965357710352343e+00,1.578723779067752631e+00,1.830712127685546875e+01,1.764908246695995331e-02
7.421952000000000000e+06,7.087015631314351083e+00,1.557710810644989952e+00,1.059976577758789062e+01,2.298944815993309021e-02
7.446528000000000000e+06,6.518947955746429379e+00,1.536010864000928011e+00,1.945701599121093750e+01,1.723117381334304810e-02
7.471104000000000000e+06,6.781093994707267036e+00,1.529890123531892909e+00,1.888567733764648438e+01,1.569302007555961609e-02
7.495680000000000000e+06,5.839184076791596567e+00,1.551623158629808596e+00,2.339158630371093750e+01,1.696974411606788635e-02
7.520256000000000000e+06,7.042262789025245162e+00,1.543557363934412674e+00,2.258731460571289062e+01,1.223099883645772934e-02
7.544832000000000000e+06,6.350693795386008311e+00,1.583391894897133501e+00,1.135286331176757812e+01,2.274870872497558594e-02
7.569408000000000000e+06,6.895498572008527560e+00,1.559198673491393849e+00,1.224064159393310547e+01,3.040242940187454224e-02
7.593984000000000000e+06,6.559911503511751896e+00,1.565587947902026267e+00,1.159512615203857422e+01,2.327666804194450378e-02
7.618560000000000000e+06,7.065129688927730633e+00,1.547344914710781394e+00,1.265072250366210938e+01,1.634922623634338379e-02
7.643136000000000000e+06,6.386502724165040945e+00,1.566174843272317041e+00,1.401359462738037109e+01,3.294035047292709351e-02
7.667712000000000000e+06,7.107759600873645667e+00,1.552421170874607403e+00,2.092592811584472656e+01,1.032334938645362854e-02
7.692288000000000000e+06,6.185972106086879307e+00,1.584176255091584107e+00,1.954593849182128906e+01,1.441293209791183472e-02
7.716864000000000000e+06,6.840741608474862012e+00,1.537433775303389538e+00,2.236250305175781250e+01,1.622478850185871124e-02
7.741440000000000000e+06,6.992956520938105491e+00,1.531614574161751730e+00,1.661256027221679688e+01,2.269080840051174164e-02
7.766016000000000000e+06,6.852217385641412584e+00,1.537743980676564926e+00,1.487817001342773438e+01,1.591666042804718018e-02
7.790592000000000000e+06,6.597911581619643862e+00,1.575230193998682360e+00,1.581385231018066406e+01,3.046501055359840393e-02
7.815168000000000000e+06,7.107772425160937324e+00,1.585527601480884119e+00,7.377769470214843750e+00,2.718473598361015320e-02
7.839744000000000000e+06,6.301178957913026402e+00,1.625907286169166799e+00,7.363300323486328125e+00,2.697489969432353973e-02
7.864320000000000000e+06,6.865374799442616194e+00,1.601284827116006060e+00,5.448876380920410156e+00,2.003298699855804443e-02
7.888896000000000000e+06,7.416994321056484374e+00,1.547284219442511821e+00,1.124002075195312500e+01,1.185736060142517090e-02
7.913472000000000000e+06,6.901271441843722876e+00,1.543811917512747378e+00,1.285403251647949219e+01,1.008180249482393265e-02
7.938048000000000000e+06,6.802396778938278210e+00,1.555345508903125396e+00,1.568230056762695312e+01,1.603973843157291412e-02
7.962624000000000000e+06,7.076364341491252041e+00,1.571751467847882555e+00,1.104847717285156250e+01,1.962882839143276215e-02
7.987200000000000000e+06,6.262522298706104884e+00,1.602875298017660599e+00,1.279746532440185547e+01,1.930500194430351257e-02
8.011776000000000000e+06,6.797461709757456561e+00,1.601416948715692845e+00,1.792103576660156250e+01,1.481946744024753571e-02
8.036352000000000000e+06,6.819099265012142475e+00,1.576263117430081184e+00,1.847189140319824219e+01,1.366040296852588654e-02
8.060928000000000000e+06,6.878762691726026723e+00,1.571780019090301739e+00,8.536876678466796875e+00,2.564742229878902435e-02
8.085504000000000000e+06,7.315985111802256746e+00,1.565440794627109833e+00,7.211204051971435547e+00,2.844929695129394531e-02
8.110080000000000000e+06,7.016565876529299750e+00,1.578944674624359612e+00,9.446846008300781250e+00,1.590707898139953613e-02
8.134656000000000000e+06,6.675704458969767607e+00,1.602358460662888229e+00,7.210653305053710938e+00,1.892244070768356323e-02
8.159232000000000000e+06,6.890452889382488344e+00,1.607112752096830910e+00,7.260182857513427734e+00,1.501545496284961700e-02
8.183808000000000000e+06,6.762035586002490106e+00,1.582036315798116322e+00,1.008744430541992188e+01,2.485916391015052795e-02
8.208384000000000000e+06,7.134059019707564175e+00,1.556669620372603591e+00,1.196449184417724609e+01,1.422318816184997559e-02
8.232960000000000000e+06,7.293094337603567290e+00,1.545273717928215440e+00,8.458161354064941406e+00,1.315102167427539825e-02
8.257536000000000000e+06,7.039066854938684337e+00,1.568865351758172100e+00,7.338536262512207031e+00,2.084501087665557861e-02
8.282112000000000000e+06,6.977247606151981252e+00,1.591383947134025645e+00,8.528285026550292969e+00,1.651893556118011475e-02
8.306688000000000000e+06,6.623025443685421898e+00,1.621523180076367643e+00,1.111381816864013672e+01,2.138714119791984558e-02
8.331264000000000000e+06,6.623232102473262550e+00,1.592256548653037784e+00,1.326013469696044922e+01,1.533028017729520798e-02
8.355840000000000000e+06,7.365539822761182798e+00,1.566181883344451409e+00,1.103996086120605469e+01,1.354243513196706772e-02
8.380416000000000000e+06,7.272752189588636007e+00,1.548582541550787450e+00,1.289497375488281250e+01,1.318741124123334885e-02
8.404992000000000000e+06,6.681053017877093048e+00,1.562352724247956681e+00,1.711404800415039062e+01,1.925151422619819641e-02
8.429568000000000000e+06,7.128207065831603018e+00,1.579409126544161213e+00,9.858905792236328125e+00,1.792794466018676758e-02
8.454144000000000000e+06,6.375391436280000157e+00,1.609455888999704376e+00,1.027903747558593750e+01,2.705227583646774292e-02
8.478720000000000000e+06,6.616176183082319362e+00,1.617069342023079725e+00,7.400368690490722656e+00,1.839444600045681000e-02
8.503296000000000000e+06,7.206354079202442087e+00,1.581619614023858977e+00,1.155783653259277344e+01,1.652996614575386047e-02
8.527872000000000000e+06,6.104979417617397708e+00,1.553018087921097967e+00,1.697479057312011719e+01,8.712356910109519958e-03
8.552448000000000000e+06,6.205327621619066036e+00,1.537488920321365304e+00,2.713838768005371094e+01,1.521155051887035370e-02
8.577024000000000000e+06,6.898622850483014268e+00,1.562813067433961089e+00,8.385622978210449219e+00,3.859704732894897461e-02
8.601600000000000000e+06,6.698676005508961140e+00,1.617269082920825829e+00,5.818412303924560547e+00,3.343267366290092468e-02
8.626176000000000000e+06,6.539677066506873082e+00,1.619152796266661642e+00,1.246824645996093750e+01,1.955732703208923340e-02
8.650752000000000000e+06,6.613094985014188687e+00,1.602331641163694531e+00,2.158987998962402344e+01,1.661409437656402588e-02
8.675328000000000000e+06,6.934147035270970427e+00,1.578254090873025373e+00,1.110003471374511719e+01,4.636093229055404663e-02
8.699904000000000000e+06,7.460304675460618817e+00,1.561617145247994776e+00,9.260107040405273438e+00,1.629481017589569092e-01
8.724480000000000000e+06,7.412069159043213062e+00,1.551904725477972091e+00,8.838815689086914062e+00,1.460260897874832153e-02
8.749056000000000000e+06,6.886849419044810183e+00,1.599322641713440518e+00,6.851125240325927734e+00,2.809265628457069397e-02
8.773632000000000000e+06,6.626390001033151123e+00,1.636322900828524052e+00,6.100564956665039062e+00,2.432186529040336609e-02
8.798208000000000000e+06,7.011405344481477009e+00,1.634418156447940529e+00,3.545215606689453125e+00,2.815613895654678345e-02
8.822784000000000000e+06,6.810232943419113560e+00,1.624975007558311590e+00,9.208359718322753906e+00,3.198909014463424683e-02
8.847360000000000000e+06,7.054202729526731552e+00,1.590885181705094631e+00,8.616003990173339844e+00,1.739208772778511047e-02
8.871936000000000000e+06,7.208232718628177160e+00,1.549987659478977875e+00,9.476904869079589844e+00,1.443267147988080978e-02
8.896512000000000000e+06,6.952606737446601848e+00,1.573978567331031364e+00,1.482260704040527344e+01,1.426018215715885162e-02
8.921088000000000000e+06,6.727095264497990890e+00,1.591910726273880083e+00,1.825960922241210938e+01,1.017152238637208939e-02
8.945664000000000000e+06,6.779910769625158373e+00,1.592913219026400817e+00,1.646106338500976562e+01,1.124052982777357101e-02
8.970240000000000000e+06,6.284541411422940094e+00,1.607211425497574231e+00,1.108267211914062500e+01,1.152767241001129150e-02
8.994816000000000000e+06,6.508798419075084496e+00,1.600012926334693164e+00,1.324310970306396484e+01,1.805188506841659546e-02
9.019392000000000000e+06,6.846400640065209764e+00,1.595332490820709603e+00,1.359689521789550781e+01,1.641313545405864716e-02
9.043968000000000000e+06,6.001463406966852432e+00,1.597457274889982681e+00,2.660343551635742188e+01,2.247535437345504761e-02
9.068544000000000000e+06,6.757158058013786217e+00,1.622579591356125617e+00,1.671139144897460938e+01,1.704767346382141113e-02
9.093120000000000000e+06,6.356966184007741383e+00,1.617008657693359552e+00,1.070607376098632812e+01,5.932708829641342163e-02
9.117696000000000000e+06,6.735941538589398370e+00,1.621794621763362532e+00,7.836822509765625000e+00,2.604362182319164276e-02
9.142272000000000000e+06,6.728243765830018042e+00,1.621838727327044483e+00,1.129535961151123047e+01,2.166412025690078735e-02
9.166848000000000000e+06,6.970529661881862182e+00,1.606245439703455569e+00,6.156567573547363281e+00,1.673869416117668152e-02
9.191424000000000000e+06,6.962697221135346837e+00,1.600726696776556768e+00,7.076848983764648438e+00,1.871724426746368408e-02
9.216000000000000000e+06,6.671631939372299591e+00,1.608788591134466817e+00,1.148335552215576172e+01,1.526740752160549164e-02
9.240576000000000000e+06,7.232131087718880913e+00,1.600807161779117527e+00,6.224914550781250000e+00,1.718419045209884644e-02
9.265152000000000000e+06,6.925901582574016224e+00,1.626963552066218233e+00,6.982288360595703125e+00,2.379196695983409882e-02
9.289728000000000000e+06,6.795533776360453970e+00,1.645540751030135862e+00,4.782294273376464844e+00,1.884174719452857971e-02
9.314304000000000000e+06,7.275611900440921431e+00,1.607211683499364607e+00,5.829276084899902344e+00,2.180301398038864136e-02
9.338880000000000000e+06,6.486968248899271039e+00,1.610122205895795799e+00,1.800937271118164062e+01,1.380642130970954895e-02
9.363456000000000000e+06,6.648597114987844670e+00,1.605350033038989377e+00,1.736897277832031250e+01,1.303151529282331467e-02
9.388032000000000000e+06,6.992355223552878307e+00,1.602319364409839464e+00,1.016522407531738281e+01,1.681063324213027954e-02
9.412608000000000000e+06,6.959080269872011115e+00,1.621052180585683455e+00,1.335208511352539062e+01,2.010318264365196228e-02
9.437184000000000000e+06,6.480611304918433291e+00,1.649166193146968329e+00,9.076791763305664062e+00,2.204713039100170135e-02
9.461760000000000000e+06,7.017029421637239750e+00,1.624784941669829452e+00,6.261928558349609375e+00,1.795324683189392090e-02
9.486336000000000000e+06,6.371644127922915679e+00,1.626308978005220673e+00,1.825880813598632812e+01,1.395503990352153778e-02
9.510912000000000000e+06,6.924929308733493549e+00,1.603743769798244179e+00,9.454242706298828125e+00,1.874903216958045959e-02
9.535488000000000000e+06,7.021143431173126892e+00,1.592889184295942506e+00,6.301897048950195312e+00,1.648979261517524719e-02
9.560064000000000000e+06,7.485319177199106555e+00,1.600032636099584460e+00,8.426042556762695312e+00,1.469172351062297821e-02
9.584640000000000000e+06,6.262018256059881161e+00,1.647535950011174366e+00,1.621757125854492188e+01,2.521829679608345032e-02
9.609216000000000000e+06,6.633259254625639478e+00,1.619512893662966802e+00,7.365451812744140625e+00,1.834584400057792664e-02
9.633792000000000000e+06,7.161996807516047170e+00,1.622821494479347981e+00,4.939257144927978516e+00,2.718582004308700562e-02
9.658368000000000000e+06,6.773507374876078124e+00,1.620694023535314443e+00,1.222034263610839844e+01,1.328451000154018402e-02
9.682944000000000000e+06,6.888741372442513722e+00,1.587456795860988423e+00,1.281987571716308594e+01,3.667319566011428833e-02
9.707520000000000000e+06,7.349209373750325902e+00,1.590043793629229762e+00,1.076130676269531250e+01,1.784249395132064819e-02
9.732096000000000000e+06,6.638963722187027905e+00,1.637435657359108232e+00,1.348066329956054688e+01,1.991431787610054016e-02
9.756672000000000000e+06,6.121626933963550954e+00,1.630212266307173863e+00,2.410235404968261719e+01,6.054170057177543640e-02
9.781248000000000000e+06,6.890305016755498002e+00,1.627065626253709985e+00,6.532566070556640625e+00,2.594146691262722015e-02
9.805824000000000000e+06,6.235883402766480010e+00,1.665647134334172552e+00,1.387801742553710938e+01,1.858310401439666748e-02
9.830400000000000000e+06,6.234880826002086707e+00,1.612912370492430858e+00,2.178497314453125000e+01,1.570772007107734680e-02
9.854976000000000000e+06,6.754784155719313787e+00,1.572148612727571004e+00,1.668858528137207031e+01,2.011253498494625092e-02
9.879552000000000000e+06,6.793857015127540144e+00,1.627708964962802263e+00,1.707019996643066406e+01,1.879463531076908112e-02
9.904128000000000000e+06,6.342595865725481730e+00,1.643296182142558459e+00,1.538305568695068359e+01,1.616292074322700500e-02
9.928704000000000000e+06,7.058810601530662865e+00,1.615920021568562737e+00,1.244104003906250000e+01,1.812410913407802582e-02
9.953280000000000000e+06,6.374500167651373950e+00,1.675495806248605168e+00,4.805353641510009766e+00,2.601276896893978119e-02
9.977856000000000000e+06,6.350267317392320088e+00,1.644583616580872709e+00,1.470158004760742188e+01,1.889805868268013000e-02
1.000243200000000000e+07,7.319445286665043682e+00,1.582976104864217026e+00,7.361711502075195312e+00,3.076971322298049927e-02
