candidate_index,phase,full_cost,first_success_cost,label,pi_0,pi_1,pi_2,pi_3,pi_4,pi_5,pi_6
0,upstream,282,36,1,success,untested,untested,untested,untested,untested,untested
1,upstream,271,34,1,success,untested,untested,untested,untested,untested,untested
2,upstream,217,29,1,success,untested,untested,untested,untested,untested,untested
3,upstream,202,29,1,success,untested,untested,untested,untested,untested,untested
4,upstream,193,26,1,success,untested,untested,untested,untested,untested,untested
5,upstream,191,26,1,success,untested,untested,untested,untested,untested,untested
6,upstream,170,25,1,success,untested,untested,untested,untested,untested,untested
7,upstream,162,24,1,success,untested,untested,untested,untested,untested,untested
8,upstream,149,22,1,success,untested,untested,untested,untested,untested,untested
9,upstream,142,20,1,success,untested,untested,untested,untested,untested,untested
10,upstream,129,18,1,success,untested,untested,untested,untested,untested,untested
11,upstream,120,17,1,success,untested,untested,untested,untested,untested,untested
12,upstream,115,17,1,success,untested,untested,untested,untested,untested,untested
13,upstream,103,14,1,success,untested,untested,untested,untested,untested,untested
14,upstream,94,13,1,success,untested,untested,untested,untested,untested,untested
15,upstream,87,12,1,success,untested,untested,untested,untested,untested,untested
16,upstream,75,10,1,success,untested,untested,untested,untested,untested,untested
17,upstream,67,9,1,success,untested,untested,untested,untested,untested,untested
18,downstream,51,7,1,success,untested,untested,untested,untested,untested,untested
19,downstream,44,6,1,success,untested,untested,untested,untested,untested,untested
20,downstream,38,5,1,success,untested,untested,untested,untested,untested,untested
21,downstream,31,5,1,success,untested,untested,untested,untested,untested,untested
22,downstream,15,2,1,success,untested,untested,untested,untested,untested,untested
23,downstream,7,1,1,success,untested,untested,untested,untested,untested,untested
24,upstream,254,35,1,success,untested,untested,untested,untested,untested,untested
25,upstream,240,31,1,success,untested,untested,untested,untested,untested,untested
26,upstream,243,30,1,success,untested,untested,untested,untested,untested,untested
27,upstream,221,31,1,success,untested,untested,untested,untested,untested,untested
28,upstream,206,28,1,success,untested,untested,untested,untested,untested,untested
29,upstream,197,27,1,success,untested,untested,untested,untested,untested,untested
30,upstream,177,24,1,success,untested,untested,untested,untested,untested,untested
31,upstream,163,24,1,success,untested,untested,untested,untested,untested,untested
32,upstream,158,22,1,success,untested,untested,untested,untested,untested,untested
33,upstream,143,20,1,success,untested,untested,untested,untested,untested,untested
34,upstream,135,19,1,success,untested,untested,untested,untested,untested,untested
35,upstream,128,18,1,success,untested,untested,untested,untested,untested,untested
36,upstream,117,17,1,success,untested,untested,untested,untested,untested,untested
37,upstream,110,16,1,success,untested,untested,untested,untested,untested,untested
38,upstream,102,14,1,success,untested,untested,untested,untested,untested,untested
39,upstream,97,14,1,success,untested,untested,untested,untested,untested,untested
40,upstream,90,13,1,success,untested,untested,untested,untested,untested,untested
41,upstream,83,12,1,success,untested,untested,untested,untested,untested,untested
42,downstream,76,11,1,success,untested,untested,untested,untested,untested,untested
43,downstream,69,10,1,success,untested,untested,untested,untested,untested,untested
44,downstream,62,9,1,success,untested,untested,untested,untested,untested,untested
45,downstream,55,8,1,success,untested,untested,untested,untested,untested,untested
46,downstream,41,6,1,success,untested,untested,untested,untested,untested,untested
47,downstream,33,5,1,success,untested,untested,untested,untested,untested,untested
48,downstream,20,3,1,success,untested,untested,untested,untested,untested,untested
49,downstream,14,2,1,success,untested,untested,untested,untested,untested,untested
50,downstream,7,1,1,success,untested,untested,untested,untested,untested,untested
51,upstream,265,36,1,success,untested,untested,untested,untested,untested,untested
52,upstream,242,32,1,success,untested,untested,untested,untested,untested,untested
53,upstream,238,29,1,success,untested,untested,untested,untested,untested,untested
54,upstream,236,27,1,success,untested,untested,untested,untested,untested,untested
55,upstream,223,28,1,success,untested,untested,untested,untested,untested,untested
56,upstream,216,27,1,success,untested,untested,untested,untested,untested,untested
57,upstream,193,23,1,success,untested,untested,untested,untested,untested,untested
58,upstream,183,26,1,success,untested,untested,untested,untested,untested,untested
59,upstream,169,22,1,success,untested,untested,untested,untested,untested,untested
60,upstream,189,19,1,success,untested,untested,untested,untested,untested,untested
61,upstream,148,18,1,success,untested,untested,untested,untested,untested,untested
62,upstream,150,17,1,success,untested,untested,untested,untested,untested,untested
63,upstream,129,17,1,success,untested,untested,untested,untested,untested,untested
64,upstream,125,17,1,success,untested,untested,untested,untested,untested,untested
65,upstream,118,16,1,success,untested,untested,untested,untested,untested,untested
66,downstream,108,15,1,success,untested,untested,untested,untested,untested,untested
67,downstream,97,13,1,success,untested,untested,untested,untested,untested,untested
68,downstream,87,12,1,success,untested,untested,untested,untested,untested,untested
69,downstream,79,11,1,success,untested,untested,untested,untested,untested,untested
70,downstream,68,9,1,success,untested,untested,untested,untested,untested,untested
71,downstream,52,7,1,success,untested,untested,untested,untested,untested,untested
72,downstream,45,6,1,success,untested,untested,untested,untested,untested,untested
73,downstream,32,5,1,success,untested,untested,untested,untested,untested,untested
74,downstream,18,2,1,success,untested,untested,untested,untested,untested,untested
75,upstream,265,36,1,success,untested,untested,untested,untested,untested,untested
76,upstream,278,34,1,success,untested,untested,untested,untested,untested,untested
77,upstream,320,195,1,failure,failure,failure,success,untested,untested,untested
78,upstream,319,188,1,failure,failure,failure,success,untested,untested,untested
79,upstream,316,183,1,failure,failure,failure,success,untested,untested,untested
80,upstream,296,174,1,failure,failure,failure,success,untested,untested,untested
81,upstream,317,169,1,failure,failure,failure,success,untested,untested,untested
82,upstream,308,162,1,failure,failure,failure,success,untested,untested,untested
83,upstream,294,160,1,failure,failure,failure,success,untested,untested,untested
84,upstream,295,158,1,failure,failure,failure,success,untested,untested,untested
85,upstream,284,152,1,failure,failure,failure,success,untested,untested,untested
86,upstream,278,155,1,failure,failure,failure,success,untested,untested,untested
87,upstream,275,153,1,failure,failure,failure,success,untested,untested,untested
88,upstream,252,61,1,failure,success,untested,untested,untested,untested,untested
89,upstream,259,71,1,failure,success,untested,untested,untested,untested,untested
90,upstream,245,43,1,success,untested,untested,untested,untested,untested,untested
91,upstream,242,133,1,failure,failure,failure,success,untested,untested,untested
92,upstream,231,130,1,failure,failure,failure,success,untested,untested,untested
93,upstream,238,39,1,success,untested,untested,untested,untested,untested,untested
94,upstream,187,103,1,failure,failure,failure,success,untested,untested,untested
95,upstream,186,101,1,failure,failure,failure,success,untested,untested,untested
96,upstream,180,101,1,failure,failure,failure,success,untested,untested,untested
97,upstream,155,84,1,failure,failure,failure,success,untested,untested,untested
98,upstream,145,79,1,failure,failure,conflict,success,untested,untested,untested
99,upstream,132,71,1,failure,failure,conflict,success,untested,untested,untested
100,upstream,125,48,1,failure,failure,success,untested,untested,untested,untested
101,upstream,117,45,1,failure,failure,success,untested,untested,untested,untested
102,upstream,102,38,1,failure,failure,success,untested,untested,untested,untested
103,upstream,95,35,1,failure,failure,success,untested,untested,untested,untested
104,upstream,87,32,1,failure,failure,success,untested,untested,untested,untested
105,upstream,82,31,1,failure,failure,success,untested,untested,untested,untested
106,downstream,69,37,1,failure,failure,conflict,success,untested,untested,untested
107,downstream,62,33,1,failure,failure,conflict,success,untested,untested,untested
108,downstream,48,25,1,failure,failure,failure,success,untested,untested,untested
109,downstream,41,41,,failure,failure,failure,conflict,conflict,conflict,conflict
110,downstream,29,29,,failure,failure,failure,conflict,conflict,failure,conflict
111,downstream,19,10,1,failure,conflict,conflict,success,untested,untested,untested
112,downstream,13,13,,failure,conflict,conflict,conflict,conflict,conflict,conflict
113,upstream,274,35,1,success,untested,untested,untested,untested,untested,untested
114,upstream,237,32,1,success,untested,untested,untested,untested,untested,untested
115,upstream,218,29,1,success,untested,untested,untested,untested,untested,untested
116,upstream,202,27,1,success,untested,untested,untested,untested,untested,untested
117,upstream,200,26,1,success,untested,untested,untested,untested,untested,untested
118,upstream,193,25,1,success,untested,untested,untested,untested,untested,untested
119,upstream,183,24,1,success,untested,untested,untested,untested,untested,untested
120,upstream,161,23,1,success,untested,untested,untested,untested,untested,untested
121,upstream,155,22,1,success,untested,untested,untested,untested,untested,untested
122,upstream,148,21,1,success,untested,untested,untested,untested,untested,untested
123,upstream,133,18,1,success,untested,untested,untested,untested,untested,untested
124,upstream,131,18,1,success,untested,untested,untested,untested,untested,untested
125,upstream,112,15,1,success,untested,untested,untested,untested,untested,untested
126,upstream,108,15,1,success,untested,untested,untested,untested,untested,untested
127,upstream,102,14,1,success,untested,untested,untested,untested,untested,untested
128,upstream,89,13,1,success,untested,untested,untested,untested,untested,untested
129,upstream,84,12,1,success,untested,untested,untested,untested,untested,untested
130,upstream,76,11,1,success,untested,untested,untested,untested,untested,untested
131,upstream,63,9,1,success,untested,untested,untested,untested,untested,untested
132,upstream,56,8,1,success,untested,untested,untested,untested,untested,untested
133,downstream,49,7,1,success,untested,untested,untested,untested,untested,untested
134,downstream,35,5,1,success,untested,untested,untested,untested,untested,untested
135,downstream,26,4,1,success,untested,untested,untested,untested,untested,untested
136,downstream,19,3,1,success,untested,untested,untested,untested,untested,untested
137,downstream,14,2,1,success,untested,untested,untested,untested,untested,untested
138,upstream,263,36,1,success,untested,untested,untested,untested,untested,untested
139,upstream,248,34,1,success,untested,untested,untested,untested,untested,untested
140,upstream,261,30,1,success,untested,untested,untested,untested,untested,untested
141,upstream,259,29,1,success,untested,untested,untested,untested,untested,untested
142,upstream,229,28,1,success,untested,untested,untested,untested,untested,untested
143,upstream,222,26,1,success,untested,untested,untested,untested,untested,untested
144,upstream,209,26,1,success,untested,untested,untested,untested,untested,untested
145,upstream,219,27,1,success,untested,untested,untested,untested,untested,untested
146,upstream,210,26,1,success,untested,untested,untested,untested,untested,untested
147,upstream,188,25,1,success,untested,untested,untested,untested,untested,untested
148,upstream,313,20,1,success,untested,untested,untested,untested,untested,untested
149,upstream,257,22,1,success,untested,untested,untested,untested,untested,untested
150,upstream,195,21,1,success,untested,untested,untested,untested,untested,untested
151,upstream,161,20,1,success,untested,untested,untested,untested,untested,untested
152,upstream,150,20,1,success,untested,untested,untested,untested,untested,untested
153,upstream,134,18,1,success,untested,untested,untested,untested,untested,untested
154,upstream,131,19,1,success,untested,untested,untested,untested,untested,untested
155,upstream,126,18,1,success,untested,untested,untested,untested,untested,untested
156,downstream,119,16,1,success,untested,untested,untested,untested,untested,untested
157,downstream,115,15,1,success,untested,untested,untested,untested,untested,untested
158,downstream,105,15,1,success,untested,untested,untested,untested,untested,untested
159,downstream,93,14,1,success,untested,untested,untested,untested,untested,untested
160,downstream,89,13,1,success,untested,untested,untested,untested,untested,untested
161,downstream,73,10,1,success,untested,untested,untested,untested,untested,untested
162,downstream,65,9,1,success,untested,untested,untested,untested,untested,untested
163,downstream,51,8,1,success,untested,untested,untested,untested,untested,untested
164,downstream,43,7,1,success,untested,untested,untested,untested,untested,untested
165,downstream,28,4,1,success,untested,untested,untested,untested,untested,untested
166,downstream,14,2,1,success,untested,untested,untested,untested,untested,untested
167,downstream,7,1,1,success,untested,untested,untested,untested,untested,untested
168,upstream,279,36,1,success,untested,untested,untested,untested,untested,untested
169,upstream,248,34,1,success,untested,untested,untested,untested,untested,untested
170,upstream,232,30,1,success,untested,untested,untested,untested,untested,untested
171,upstream,220,29,1,success,untested,untested,untested,untested,untested,untested
172,upstream,209,30,1,success,untested,untested,untested,untested,untested,untested
173,upstream,198,25,1,success,untested,untested,untested,untested,untested,untested
174,upstream,191,26,1,success,untested,untested,untested,untested,untested,untested
175,upstream,175,25,1,success,untested,untested,untested,untested,untested,untested
176,upstream,168,25,1,success,untested,untested,untested,untested,untested,untested
177,upstream,155,21,1,success,untested,untested,untested,untested,untested,untested
178,upstream,148,20,1,success,untested,untested,untested,untested,untested,untested
179,upstream,136,19,1,success,untested,untested,untested,untested,untested,untested
180,upstream,126,19,1,success,untested,untested,untested,untested,untested,untested
181,upstream,124,17,1,success,untested,untested,untested,untested,untested,untested
182,upstream,111,16,1,success,untested,untested,untested,untested,untested,untested
183,upstream,104,15,1,success,untested,untested,untested,untested,untested,untested
184,upstream,96,14,1,success,untested,untested,untested,untested,untested,untested
185,upstream,82,12,1,success,untested,untested,untested,untested,untested,untested
186,upstream,75,11,1,success,untested,untested,untested,untested,untested,untested
187,upstream,68,10,1,success,untested,untested,untested,untested,untested,untested
188,downstream,61,9,1,success,untested,untested,untested,untested,untested,untested
189,downstream,46,7,1,success,untested,untested,untested,untested,untested,untested
190,downstream,39,6,1,success,untested,untested,untested,untested,untested,untested
191,downstream,32,5,1,success,untested,untested,untested,untested,untested,untested
192,downstream,16,3,1,success,untested,untested,untested,untested,untested,untested
193,downstream,9,2,1,success,untested,untested,untested,untested,untested,untested
194,upstream,267,36,1,success,untested,untested,untested,untested,untested,untested
195,upstream,271,32,1,success,untested,untested,untested,untested,untested,untested
196,upstream,220,30,1,success,untested,untested,untested,untested,untested,untested
197,upstream,213,27,1,success,untested,untested,untested,untested,untested,untested
198,upstream,209,27,1,success,untested,untested,untested,untested,untested,untested
199,upstream,201,26,1,success,untested,untested,untested,untested,untested,untested
200,upstream,184,24,1,success,untested,untested,untested,untested,untested,untested
201,upstream,178,25,1,success,untested,untested,untested,untested,untested,untested
202,upstream,169,22,1,success,untested,untested,untested,untested,untested,untested
203,upstream,152,21,1,success,untested,untested,untested,untested,untested,untested
204,upstream,149,20,1,success,untested,untested,untested,untested,untested,untested
205,upstream,144,19,1,success,untested,untested,untested,untested,untested,untested
206,upstream,134,17,1,success,untested,untested,untested,untested,untested,untested
207,upstream,117,16,1,success,untested,untested,untested,untested,untested,untested
208,upstream,113,16,1,success,untested,untested,untested,untested,untested,untested
209,upstream,110,16,1,success,untested,untested,untested,untested,untested,untested
210,upstream,92,14,1,success,untested,untested,untested,untested,untested,untested
211,upstream,88,12,1,success,untested,untested,untested,untested,untested,untested
212,upstream,81,11,1,success,untested,untested,untested,untested,untested,untested
213,upstream,67,9,1,success,untested,untested,untested,untested,untested,untested
214,upstream,59,8,1,success,untested,untested,untested,untested,untested,untested
215,downstream,52,7,1,success,untested,untested,untested,untested,untested,untested
216,downstream,46,6,1,success,untested,untested,untested,untested,untested,untested
217,downstream,39,5,1,success,untested,untested,untested,untested,untested,untested
218,downstream,32,4,1,success,untested,untested,untested,untested,untested,untested
219,downstream,24,3,1,success,untested,untested,untested,untested,untested,untested
220,downstream,17,2,1,success,untested,untested,untested,untested,untested,untested
221,upstream,264,36,1,success,untested,untested,untested,untested,untested,untested
222,upstream,248,32,1,success,untested,untested,untested,untested,untested,untested
223,upstream,275,90,1,failure,success,untested,untested,untested,untested,untested
224,upstream,199,29,1,success,untested,untested,untested,untested,untested,untested
225,upstream,186,26,1,success,untested,untested,untested,untested,untested,untested
226,upstream,215,24,1,success,untested,untested,untested,untested,untested,untested
227,upstream,168,25,1,success,untested,untested,untested,untested,untested,untested
228,upstream,159,23,1,success,untested,untested,untested,untested,untested,untested
229,upstream,149,21,1,success,untested,untested,untested,untested,untested,untested
230,upstream,143,19,1,success,untested,untested,untested,untested,untested,untested
231,upstream,138,18,1,success,untested,untested,untested,untested,untested,untested
232,upstream,124,17,1,success,untested,untested,untested,untested,untested,untested
233,upstream,111,16,1,success,untested,untested,untested,untested,untested,untested
234,upstream,103,15,1,success,untested,untested,untested,untested,untested,untested
235,upstream,116,51,1,failure,success,untested,untested,untested,untested,untested
236,upstream,138,40,1,success,untested,untested,untested,untested,untested,untested
237,upstream,125,81,1,failure,failure,success,untested,untested,untested,untested
238,upstream,65,9,1,success,untested,untested,untested,untested,untested,untested
239,upstream,58,8,1,success,untested,untested,untested,untested,untested,untested
240,downstream,44,6,1,success,untested,untested,untested,untested,untested,untested
241,downstream,38,5,1,success,untested,untested,untested,untested,untested,untested
242,downstream,22,3,1,success,untested,untested,untested,untested,untested,untested
243,downstream,15,2,1,success,untested,untested,untested,untested,untested,untested
244,upstream,255,38,1,success,untested,untested,untested,untested,untested,untested
245,upstream,275,34,1,success,untested,untested,untested,untested,untested,untested
246,upstream,209,28,1,success,untested,untested,untested,untested,untested,untested
247,upstream,253,87,1,failure,success,untested,untested,untested,untested,untested
248,upstream,254,24,1,success,untested,untested,untested,untested,untested,untested
249,upstream,184,24,1,success,untested,untested,untested,untested,untested,untested
250,upstream,171,25,1,success,untested,untested,untested,untested,untested,untested
251,upstream,156,24,1,success,untested,untested,untested,untested,untested,untested
252,upstream,146,22,1,success,untested,untested,untested,untested,untested,untested
253,upstream,138,20,1,success,untested,untested,untested,untested,untested,untested
254,upstream,130,19,1,success,untested,untested,untested,untested,untested,untested
255,upstream,125,19,1,success,untested,untested,untested,untested,untested,untested
256,upstream,111,15,1,success,untested,untested,untested,untested,untested,untested
257,upstream,103,14,1,success,untested,untested,untested,untested,untested,untested
258,upstream,96,13,1,success,untested,untested,untested,untested,untested,untested
259,upstream,83,11,1,success,untested,untested,untested,untested,untested,untested
260,upstream,76,10,1,success,untested,untested,untested,untested,untested,untested
261,upstream,69,9,1,success,untested,untested,untested,untested,untested,untested
262,downstream,62,8,1,success,untested,untested,untested,untested,untested,untested
263,downstream,56,8,1,success,untested,untested,untested,untested,untested,untested
264,downstream,49,7,1,success,untested,untested,untested,untested,untested,untested
265,downstream,42,6,1,success,untested,untested,untested,untested,untested,untested
266,downstream,35,5,1,success,untested,untested,untested,untested,untested,untested
267,downstream,21,3,1,success,untested,untested,untested,untested,untested,untested
268,downstream,14,2,1,success,untested,untested,untested,untested,untested,untested
269,downstream,7,1,1,success,untested,untested,untested,untested,untested,untested
270,upstream,264,35,1,success,untested,untested,untested,untested,untested,untested
271,upstream,275,33,1,success,untested,untested,untested,untested,untested,untested
272,upstream,254,29,1,success,untested,untested,untested,untested,untested,untested
273,upstream,245,28,1,success,untested,untested,untested,untested,untested,untested
274,upstream,239,28,1,success,untested,untested,untested,untested,untested,untested
275,upstream,206,27,1,success,untested,untested,untested,untested,untested,untested
276,upstream,200,25,1,success,untested,untested,untested,untested,untested,untested
277,upstream,210,28,1,success,untested,untested,untested,untested,untested,untested
278,upstream,213,31,1,success,untested,untested,untested,untested,untested,untested
279,upstream,169,22,1,success,untested,untested,untested,untested,untested,untested
280,upstream,216,21,1,success,untested,untested,untested,untested,untested,untested
281,upstream,152,19,1,success,untested,untested,untested,untested,untested,untested
282,upstream,143,18,1,success,untested,untested,untested,untested,untested,untested
283,upstream,144,18,1,success,untested,untested,untested,untested,untested,untested
284,upstream,125,17,1,success,untested,untested,untested,untested,untested,untested
285,upstream,120,16,1,success,untested,untested,untested,untested,untested,untested
286,upstream,114,15,1,success,untested,untested,untested,untested,untested,untested
287,downstream,107,14,1,success,untested,untested,untested,untested,untested,untested
288,downstream,101,14,1,success,untested,untested,untested,untested,untested,untested
289,downstream,95,14,1,success,untested,untested,untested,untested,untested,untested
290,downstream,88,12,1,success,untested,untested,untested,untested,untested,untested
291,downstream,74,10,1,success,untested,untested,untested,untested,untested,untested
292,downstream,64,9,1,success,untested,untested,untested,untested,untested,untested
293,downstream,53,8,1,success,untested,untested,untested,untested,untested,untested
294,downstream,47,7,1,success,untested,untested,untested,untested,untested,untested
295,downstream,32,4,1,success,untested,untested,untested,untested,untested,untested
296,downstream,24,3,1,success,untested,untested,untested,untested,untested,untested
297,downstream,18,3,1,success,untested,untested,untested,untested,untested,untested
298,upstream,254,35,1,success,untested,untested,untested,untested,untested,untested
299,upstream,254,33,1,success,untested,untested,untested,untested,untested,untested
300,upstream,225,28,1,success,untested,untested,untested,untested,untested,untested
301,upstream,217,27,1,success,untested,untested,untested,untested,untested,untested
302,upstream,218,26,1,success,untested,untested,untested,untested,untested,untested
303,upstream,225,26,1,success,untested,untested,untested,untested,untested,untested
304,upstream,220,25,1,success,untested,untested,untested,untested,untested,untested
305,upstream,186,24,1,success,untested,untested,untested,untested,untested,untested
306,upstream,184,24,1,success,untested,untested,untested,untested,untested,untested
307,upstream,189,21,1,success,untested,untested,untested,untested,untested,untested
308,upstream,197,19,1,success,untested,untested,untested,untested,untested,untested
309,upstream,156,20,1,success,untested,untested,untested,untested,untested,untested
310,upstream,146,18,1,success,untested,untested,untested,untested,untested,untested
311,upstream,132,18,1,success,untested,untested,untested,untested,untested,untested
312,upstream,126,17,1,success,untested,untested,untested,untested,untested,untested
313,upstream,118,15,1,success,untested,untested,untested,untested,untested,untested
314,upstream,113,16,1,success,untested,untested,untested,untested,untested,untested
315,downstream,101,14,1,success,untested,untested,untested,untested,untested,untested
316,downstream,98,13,1,success,untested,untested,untested,untested,untested,untested
317,downstream,93,13,1,success,untested,untested,untested,untested,untested,untested
318,downstream,79,11,1,success,untested,untested,untested,untested,untested,untested
319,downstream,72,11,1,success,untested,untested,untested,untested,untested,untested
320,downstream,63,9,1,success,untested,untested,untested,untested,untested,untested
321,downstream,50,8,1,success,untested,untested,untested,untested,untested,untested
322,downstream,43,7,1,success,untested,untested,untested,untested,untested,untested
323,downstream,28,4,1,success,untested,untested,untested,untested,untested,untested
324,downstream,14,2,1,success,untested,untested,untested,untested,untested,untested
325,downstream,8,1,1,success,untested,untested,untested,untested,untested,untested
326,upstream,259,35,1,success,untested,untested,untested,untested,untested,untested
327,upstream,241,37,1,success,untested,untested,untested,untested,untested,untested
328,upstream,271,36,1,success,untested,untested,untested,untested,untested,untested
329,upstream,240,29,1,success,untested,untested,untested,untested,untested,untested
330,upstream,239,28,1,success,untested,untested,untested,untested,untested,untested
331,upstream,208,26,1,success,untested,untested,untested,untested,untested,untested
332,upstream,202,28,1,success,untested,untested,untested,untested,untested,untested
333,upstream,197,27,1,success,untested,untested,untested,untested,untested,untested
334,upstream,174,24,1,success,untested,untested,untested,untested,untested,untested
335,upstream,164,23,1,success,untested,untested,untested,untested,untested,untested
336,upstream,162,22,1,success,untested,untested,untested,untested,untested,untested
337,upstream,151,21,1,success,untested,untested,untested,untested,untested,untested
338,upstream,142,18,1,success,untested,untested,untested,untested,untested,untested
339,upstream,131,17,1,success,untested,untested,untested,untested,untested,untested
340,upstream,125,16,1,success,untested,untested,untested,untested,untested,untested
341,upstream,105,15,1,success,untested,untested,untested,untested,untested,untested
342,upstream,100,15,1,success,untested,untested,untested,untested,untested,untested
343,upstream,92,13,1,success,untested,untested,untested,untested,untested,untested
344,downstream,86,12,1,success,untested,untested,untested,untested,untested,untested
345,downstream,82,11,1,success,untested,untested,untested,untested,untested,untested
346,downstream,75,11,1,success,untested,untested,untested,untested,untested,untested
347,downstream,60,8,1,success,untested,untested,untested,untested,untested,untested
348,downstream,46,6,1,success,untested,untested,untested,untested,untested,untested
349,downstream,40,5,1,success,untested,untested,untested,untested,untested,untested
350,downstream,26,3,1,success,untested,untested,untested,untested,untested,untested
351,downstream,19,2,1,success,untested,untested,untested,untested,untested,untested
352,downstream,10,1,1,success,untested,untested,untested,untested,untested,untested
353,upstream,286,35,1,success,untested,untested,untested,untested,untested,untested
354,upstream,253,33,1,success,untested,untested,untested,untested,untested,untested
355,upstream,232,32,1,success,untested,untested,untested,untested,untested,untested
356,upstream,221,29,1,success,untested,untested,untested,untested,untested,untested
357,upstream,217,28,1,success,untested,untested,untested,untested,untested,untested
358,upstream,212,28,1,success,untested,untested,untested,untested,untested,untested
359,upstream,199,24,1,success,untested,untested,untested,untested,untested,untested
360,upstream,188,23,1,success,untested,untested,untested,untested,untested,untested
361,upstream,204,22,1,success,untested,untested,untested,untested,untested,untested
362,upstream,165,20,1,success,untested,untested,untested,untested,untested,untested
363,upstream,179,21,1,success,untested,untested,untested,untested,untested,untested
364,upstream,155,19,1,success,untested,untested,untested,untested,untested,untested
365,upstream,139,18,1,success,untested,untested,untested,untested,untested,untested
366,upstream,134,19,1,success,untested,untested,untested,untested,untested,untested
367,upstream,128,18,1,success,untested,untested,untested,untested,untested,untested
368,upstream,114,15,1,success,untested,untested,untested,untested,untested,untested
369,downstream,108,15,1,success,untested,untested,untested,untested,untested,untested
370,downstream,102,14,1,success,untested,untested,untested,untested,untested,untested
371,downstream,89,13,1,success,untested,untested,untested,untested,untested,untested
372,downstream,80,12,1,success,untested,untested,untested,untested,untested,untested
373,downstream,65,10,1,success,untested,untested,untested,untested,untested,untested
374,downstream,58,9,1,success,untested,untested,untested,untested,untested,untested
375,downstream,50,7,1,success,untested,untested,untested,untested,untested,untested
376,downstream,37,6,1,success,untested,untested,untested,untested,untested,untested
377,downstream,29,4,1,success,untested,untested,untested,untested,untested,untested
378,downstream,23,4,1,success,untested,untested,untested,untested,untested,untested
379,downstream,8,2,1,success,untested,untested,untested,untested,untested,untested
380,upstream,256,35,1,success,untested,untested,untested,untested,untested,untested
381,upstream,249,35,1,success,untested,untested,untested,untested,untested,untested
382,upstream,234,31,1,success,untested,untested,untested,untested,untested,untested
383,upstream,239,26,1,success,untested,untested,untested,untested,untested,untested
384,upstream,228,28,1,success,untested,untested,untested,untested,untested,untested
385,upstream,203,27,1,success,untested,untested,untested,untested,untested,untested
386,upstream,187,25,1,success,untested,untested,untested,untested,untested,untested
387,upstream,190,25,1,success,untested,untested,untested,untested,untested,untested
388,upstream,168,22,1,success,untested,untested,untested,untested,untested,untested
389,upstream,164,21,1,success,untested,untested,untested,untested,untested,untested
390,upstream,152,20,1,success,untested,untested,untested,untested,untested,untested
391,upstream,142,19,1,success,untested,untested,untested,untested,untested,untested
392,upstream,143,19,1,success,untested,untested,untested,untested,untested,untested
393,upstream,124,18,1,success,untested,untested,untested,untested,untested,untested
394,upstream,121,17,1,success,untested,untested,untested,untested,untested,untested
395,downstream,105,14,1,success,untested,untested,untested,untested,untested,untested
396,downstream,100,14,1,success,untested,untested,untested,untested,untested,untested
397,downstream,95,13,1,success,untested,untested,untested,untested,untested,untested
398,downstream,78,12,1,success,untested,untested,untested,untested,untested,untested
399,downstream,70,10,1,success,untested,untested,untested,untested,untested,untested
400,downstream,58,9,1,success,untested,untested,untested,untested,untested,untested
401,downstream,50,7,1,success,untested,untested,untested,untested,untested,untested
402,downstream,37,6,1,success,untested,untested,untested,untested,untested,untested
403,downstream,30,5,1,success,untested,untested,untested,untested,untested,untested
404,downstream,15,2,1,success,untested,untested,untested,untested,untested,untested
405,downstream,7,1,1,success,untested,untested,untested,untested,untested,untested
406,upstream,230,30,1,success,untested,untested,untested,untested,untested,untested
407,upstream,205,27,1,success,untested,untested,untested,untested,untested,untested
408,upstream,193,26,1,success,untested,untested,untested,untested,untested,untested
409,upstream,188,27,1,success,untested,untested,untested,untested,untested,untested
410,upstream,174,24,1,success,untested,untested,untested,untested,untested,untested
411,upstream,167,23,1,success,untested,untested,untested,untested,untested,untested
412,upstream,153,21,1,success,untested,untested,untested,untested,untested,untested
413,upstream,147,19,1,success,untested,untested,untested,untested,untested,untested
414,upstream,133,18,1,success,untested,untested,untested,untested,untested,untested
415,upstream,125,19,1,success,untested,untested,untested,untested,untested,untested
416,upstream,117,17,1,success,untested,untested,untested,untested,untested,untested
417,upstream,110,16,1,success,untested,untested,untested,untested,untested,untested
418,upstream,92,13,1,success,untested,untested,untested,untested,untested,untested
419,upstream,85,12,1,success,untested,untested,untested,untested,untested,untested
420,upstream,78,11,1,success,untested,untested,untested,untested,untested,untested
421,upstream,64,9,1,success,untested,untested,untested,untested,untested,untested
422,upstream,57,8,1,success,untested,untested,untested,untested,untested,untested
423,downstream,50,7,1,success,untested,untested,untested,untested,untested,untested
424,downstream,36,5,1,success,untested,untested,untested,untested,untested,untested
425,downstream,29,4,1,success,untested,untested,untested,untested,untested,untested
426,downstream,23,3,1,success,untested,untested,untested,untested,untested,untested
427,downstream,7,1,1,success,untested,untested,untested,untested,untested,untested
428,upstream,240,29,1,success,untested,untested,untested,untested,untested,untested
429,upstream,212,27,1,success,untested,untested,untested,untested,untested,untested
430,upstream,199,26,1,success,untested,untested,untested,untested,untested,untested
431,upstream,203,25,1,success,untested,untested,untested,untested,untested,untested
432,upstream,179,23,1,success,untested,untested,untested,untested,untested,untested
433,upstream,179,22,1,success,untested,untested,untested,untested,untested,untested
434,upstream,167,22,1,success,untested,untested,untested,untested,untested,untested
435,upstream,159,19,1,success,untested,untested,untested,untested,untested,untested
436,upstream,148,18,1,success,untested,untested,untested,untested,untested,untested
437,upstream,137,19,1,success,untested,untested,untested,untested,untested,untested
438,upstream,123,17,1,success,untested,untested,untested,untested,untested,untested
439,upstream,121,17,1,success,untested,untested,untested,untested,untested,untested
440,upstream,114,16,1,success,untested,untested,untested,untested,untested,untested
441,upstream,103,14,1,success,untested,untested,untested,untested,untested,untested
442,upstream,98,14,1,success,untested,untested,untested,untested,untested,untested
443,upstream,84,12,1,success,untested,untested,untested,untested,untested,untested
444,upstream,77,11,1,success,untested,untested,untested,untested,untested,untested
445,upstream,70,10,1,success,untested,untested,untested,untested,untested,untested
446,downstream,56,8,1,success,untested,untested,untested,untested,untested,untested
447,downstream,49,7,1,success,untested,untested,untested,untested,untested,untested
448,downstream,35,5,1,success,untested,untested,untested,untested,untested,untested
449,downstream,28,4,1,success,untested,untested,untested,untested,untested,untested
450,downstream,21,3,1,success,untested,untested,untested,untested,untested,untested
451,downstream,7,1,1,success,untested,untested,untested,untested,untested,untested
452,upstream,226,30,1,success,untested,untested,untested,untested,untested,untested
453,upstream,213,27,1,success,untested,untested,untested,untested,untested,untested
454,upstream,179,25,1,success,untested,untested,untested,untested,untested,untested
455,upstream,170,23,1,success,untested,untested,untested,untested,untested,untested
456,upstream,165,22,1,success,untested,untested,untested,untested,untested,untested
457,upstream,148,21,1,success,untested,untested,untested,untested,untested,untested
458,upstream,139,19,1,success,untested,untested,untested,untested,untested,untested
459,downstream,134,19,1,success,untested,untested,untested,untested,untested,untested
460,downstream,129,17,1,success,untested,untested,untested,untested,untested,untested
461,downstream,119,16,1,success,untested,untested,untested,untested,untested,untested
462,downstream,108,14,1,success,untested,untested,untested,untested,untested,untested
463,downstream,102,13,1,success,untested,untested,untested,untested,untested,untested
464,downstream,95,13,1,success,untested,untested,untested,untested,untested,untested
465,downstream,82,12,1,success,untested,untested,untested,untested,untested,untested
466,downstream,74,10,1,success,untested,untested,untested,untested,untested,untested
467,downstream,61,8,1,success,untested,untested,untested,untested,untested,untested
468,downstream,53,7,1,success,untested,untested,untested,untested,untested,untested
469,downstream,39,5,1,success,untested,untested,untested,untested,untested,untested
470,downstream,35,5,1,success,untested,untested,untested,untested,untested,untested
471,downstream,21,3,1,success,untested,untested,untested,untested,untested,untested
472,downstream,11,1,1,success,untested,untested,untested,untested,untested,untested
473,downstream,7,1,1,success,untested,untested,untested,untested,untested,untested
474,upstream,241,31,1,success,untested,untested,untested,untested,untested,untested
475,upstream,251,29,1,success,untested,untested,untested,untested,untested,untested
476,upstream,229,28,1,success,untested,untested,untested,untested,untested,untested
477,upstream,216,28,1,success,untested,untested,untested,untested,untested,untested
478,upstream,202,28,1,success,untested,untested,untested,untested,untested,untested
479,upstream,190,23,1,success,untested,untested,untested,untested,untested,untested
480,upstream,198,24,1,success,untested,untested,untested,untested,untested,untested
481,upstream,192,24,1,success,untested,untested,untested,untested,untested,untested
482,upstream,284,21,1,success,untested,untested,untested,untested,untested,untested
483,upstream,172,21,1,success,untested,untested,untested,untested,untested,untested
484,upstream,228,19,1,success,untested,untested,untested,untested,untested,untested
485,upstream,142,18,1,success,untested,untested,untested,untested,untested,untested
486,upstream,139,19,1,success,untested,untested,untested,untested,untested,untested
487,upstream,126,16,1,success,untested,untested,untested,untested,untested,untested
488,upstream,122,16,1,success,untested,untested,untested,untested,untested,untested
489,downstream,110,16,1,success,untested,untested,untested,untested,untested,untested
490,downstream,112,16,1,success,untested,untested,untested,untested,untested,untested
491,downstream,106,15,1,success,untested,untested,untested,untested,untested,untested
492,downstream,97,13,1,success,untested,untested,untested,untested,untested,untested
493,downstream,83,11,1,success,untested,untested,untested,untested,untested,untested
494,downstream,75,10,1,success,untested,untested,untested,untested,untested,untested
495,downstream,64,8,1,success,untested,untested,untested,untested,untested,untested
496,downstream,56,7,1,success,untested,untested,untested,untested,untested,untested
497,downstream,44,6,1,success,untested,untested,untested,untested,untested,untested
498,downstream,29,4,1,success,untested,untested,untested,untested,untested,untested
499,downstream,21,3,1,success,untested,untested,untested,untested,untested,untested
500,downstream,7,1,1,success,untested,untested,untested,untested,untested,untested
501,upstream,258,31,1,success,untested,untested,untested,untested,untested,untested
502,upstream,254,28,1,success,untested,untested,untested,untested,untested,untested
503,upstream,259,30,1,success,untested,untested,untested,untested,untested,untested
504,upstream,246,30,1,success,untested,untested,untested,untested,untested,untested
505,upstream,236,29,1,success,untested,untested,untested,untested,untested,untested
506,upstream,229,30,1,success,untested,untested,untested,untested,untested,untested
507,upstream,233,25,1,success,untested,untested,untested,untested,untested,untested
508,upstream,318,26,1,success,untested,untested,untested,untested,untested,untested
509,upstream,312,24,1,success,untested,untested,untested,untested,untested,untested
510,upstream,209,24,1,success,untested,untested,untested,untested,untested,untested
511,upstream,207,22,1,success,untested,untested,untested,untested,untested,untested
512,upstream,199,23,1,success,untested,untested,untested,untested,untested,untested
513,upstream,204,21,1,success,untested,untested,untested,untested,untested,untested
514,upstream,266,21,1,success,untested,untested,untested,untested,untested,untested
515,upstream,201,20,1,success,untested,untested,untested,untested,untested,untested
516,upstream,166,20,1,success,untested,untested,untested,untested,untested,untested
517,upstream,157,20,1,success,untested,untested,untested,untested,untested,untested
518,upstream,160,18,1,success,untested,untested,untested,untested,untested,untested
519,upstream,146,19,1,success,untested,untested,untested,untested,untested,untested
520,downstream,135,18,1,success,untested,untested,untested,untested,untested,untested
521,downstream,139,17,1,success,untested,untested,untested,untested,untested,untested
522,downstream,124,17,1,success,untested,untested,untested,untested,untested,untested
523,downstream,117,15,1,success,untested,untested,untested,untested,untested,untested
524,downstream,98,13,1,success,untested,untested,untested,untested,untested,untested
525,downstream,88,13,1,success,untested,untested,untested,untested,untested,untested
526,downstream,73,11,1,success,untested,untested,untested,untested,untested,untested
527,downstream,54,8,1,success,untested,untested,untested,untested,untested,untested
528,downstream,40,6,1,success,untested,untested,untested,untested,untested,untested
529,downstream,7,1,1,success,untested,untested,untested,untested,untested,untested
530,upstream,241,31,1,success,untested,untested,untested,untested,untested,untested
531,upstream,218,26,1,success,untested,untested,untested,untested,untested,untested
532,upstream,227,26,1,success,untested,untested,untested,untested,untested,untested
533,upstream,216,26,1,success,untested,untested,untested,untested,untested,untested
534,upstream,189,24,1,success,untested,untested,untested,untested,untested,untested
535,upstream,186,23,1,success,untested,untested,untested,untested,untested,untested
536,upstream,175,21,1,success,untested,untested,untested,untested,untested,untested
537,upstream,169,23,1,success,untested,untested,untested,untested,untested,untested
538,upstream,158,20,1,success,untested,untested,untested,untested,untested,untested
539,upstream,151,19,1,success,untested,untested,untested,untested,untested,untested
540,upstream,144,19,1,success,untested,untested,untested,untested,untested,untested
541,upstream,129,16,1,success,untested,untested,untested,untested,untested,untested
542,upstream,121,16,1,success,untested,untested,untested,untested,untested,untested
543,downstream,113,15,1,success,untested,untested,untested,untested,untested,untested
544,downstream,106,15,1,success,untested,untested,untested,untested,untested,untested
545,downstream,98,13,1,success,untested,untested,untested,untested,untested,untested
546,downstream,82,11,1,success,untested,untested,untested,untested,untested,untested
547,downstream,77,11,1,success,untested,untested,untested,untested,untested,untested
548,downstream,62,8,1,success,untested,untested,untested,untested,untested,untested
549,downstream,57,8,1,success,untested,untested,untested,untested,untested,untested
550,downstream,41,5,1,success,untested,untested,untested,untested,untested,untested
551,downstream,37,5,1,success,untested,untested,untested,untested,untested,untested
552,downstream,24,4,1,success,untested,untested,untested,untested,untested,untested
553,downstream,17,3,1,success,untested,untested,untested,untested,untested,untested
554,upstream,237,30,1,success,untested,untested,untested,untested,untested,untested
555,upstream,208,28,1,success,untested,untested,untested,untested,untested,untested
556,upstream,205,26,1,success,untested,untested,untested,untested,untested,untested
557,upstream,203,25,1,success,untested,untested,untested,untested,untested,untested
558,upstream,177,23,1,success,untested,untested,untested,untested,untested,untested
559,upstream,171,22,1,success,untested,untested,untested,untested,untested,untested
560,upstream,159,22,1,success,untested,untested,untested,untested,untested,untested
561,upstream,152,19,1,success,untested,untested,untested,untested,untested,untested
562,upstream,134,18,1,success,untested,untested,untested,untested,untested,untested
563,upstream,129,17,1,success,untested,untested,untested,untested,untested,untested
564,upstream,119,17,1,success,untested,untested,untested,untested,untested,untested
565,upstream,108,15,1,success,untested,untested,untested,untested,untested,untested
566,upstream,105,15,1,success,untested,untested,untested,untested,untested,untested
567,upstream,90,12,1,success,untested,untested,untested,untested,untested,untested
568,upstream,82,11,1,success,untested,untested,untested,untested,untested,untested
569,upstream,75,10,1,success,untested,untested,untested,untested,untested,untested
570,upstream,61,9,1,success,untested,untested,untested,untested,untested,untested
571,downstream,54,8,1,success,untested,untested,untested,untested,untested,untested
572,downstream,41,6,1,success,untested,untested,untested,untested,untested,untested
573,downstream,34,4,1,success,untested,untested,untested,untested,untested,untested
574,downstream,27,4,1,success,untested,untested,untested,untested,untested,untested
575,downstream,14,2,1,success,untested,untested,untested,untested,untested,untested
576,downstream,7,1,1,success,untested,untested,untested,untested,untested,untested
577,upstream,221,30,1,success,untested,untested,untested,untested,untested,untested
578,upstream,217,28,1,success,untested,untested,untested,untested,untested,untested
579,upstream,198,26,1,success,untested,untested,untested,untested,untested,untested
580,upstream,219,24,1,success,untested,untested,untested,untested,untested,untested
581,upstream,212,23,1,success,untested,untested,untested,untested,untested,untested
582,upstream,152,20,1,success,untested,untested,untested,untested,untested,untested
583,downstream,143,19,1,success,untested,untested,untested,untested,untested,untested
584,downstream,130,18,1,success,untested,untested,untested,untested,untested,untested
585,downstream,103,15,1,success,untested,untested,untested,untested,untested,untested
586,downstream,93,13,1,success,untested,untested,untested,untested,untested,untested
587,downstream,88,13,1,success,untested,untested,untested,untested,untested,untested
588,downstream,72,11,1,success,untested,untested,untested,untested,untested,untested
589,downstream,63,9,1,success,untested,untested,untested,untested,untested,untested
590,downstream,58,8,1,success,untested,untested,untested,untested,untested,untested
591,downstream,43,6,1,success,untested,untested,untested,untested,untested,untested
592,downstream,37,5,1,success,untested,untested,untested,untested,untested,untested
593,downstream,24,4,1,success,untested,untested,untested,untested,untested,untested
594,downstream,15,2,1,success,untested,untested,untested,untested,untested,untested
595,upstream,240,29,1,success,untested,untested,untested,untested,untested,untested
596,upstream,246,29,1,success,untested,untested,untested,untested,untested,untested
597,upstream,241,28,1,success,untested,untested,untested,untested,untested,untested
598,upstream,225,27,1,success,untested,untested,untested,untested,untested,untested
599,upstream,203,23,1,success,untested,untested,untested,untested,untested,untested
600,upstream,217,24,1,success,untested,untested,untested,untested,untested,untested
601,upstream,169,22,1,success,untested,untested,untested,untested,untested,untested
602,upstream,176,22,1,success,untested,untested,untested,untested,untested,untested
603,upstream,319,19,1,success,untested,untested,untested,untested,untested,untested
604,upstream,251,20,1,success,untested,untested,untested,untested,untested,untested
605,upstream,180,18,1,success,untested,untested,untested,untested,untested,untested
606,upstream,167,19,1,success,untested,untested,untested,untested,untested,untested
607,upstream,130,18,1,success,untested,untested,untested,untested,untested,untested
608,upstream,117,16,1,success,untested,untested,untested,untested,untested,untested
609,downstream,110,16,1,success,untested,untested,untested,untested,untested,untested
610,downstream,107,15,1,success,untested,untested,untested,untested,untested,untested
611,downstream,90,12,1,success,untested,untested,untested,untested,untested,untested
612,downstream,85,11,1,success,untested,untested,untested,untested,untested,untested
613,downstream,74,9,1,success,untested,untested,untested,untested,untested,untested
614,downstream,65,8,1,success,untested,untested,untested,untested,untested,untested
615,downstream,54,8,1,success,untested,untested,untested,untested,untested,untested
616,downstream,46,6,1,success,untested,untested,untested,untested,untested,untested
617,downstream,32,4,1,success,untested,untested,untested,untested,untested,untested
618,downstream,19,2,1,success,untested,untested,untested,untested,untested,untested
619,downstream,14,2,1,success,untested,untested,untested,untested,untested,untested
620,upstream,244,31,1,success,untested,untested,untested,untested,untested,untested
621,upstream,226,26,1,success,untested,untested,untested,untested,untested,untested
622,upstream,208,26,1,success,untested,untested,untested,untested,untested,untested
623,upstream,193,26,1,success,untested,untested,untested,untested,untested,untested
624,upstream,179,24,1,success,untested,untested,untested,untested,untested,untested
625,upstream,167,22,1,success,untested,untested,untested,untested,untested,untested
626,upstream,151,20,1,success,untested,untested,untested,untested,untested,untested
627,upstream,143,20,1,success,untested,untested,untested,untested,untested,untested
628,upstream,136,18,1,success,untested,untested,untested,untested,untested,untested
629,upstream,129,18,1,success,untested,untested,untested,untested,untested,untested
630,upstream,119,16,1,success,untested,untested,untested,untested,untested,untested
631,upstream,110,16,1,success,untested,untested,untested,untested,untested,untested
632,upstream,102,15,1,success,untested,untested,untested,untested,untested,untested
633,upstream,87,13,1,success,untested,untested,untested,untested,untested,untested
634,upstream,80,12,1,success,untested,untested,untested,untested,untested,untested
635,upstream,73,11,1,success,untested,untested,untested,untested,untested,untested
636,upstream,58,8,1,success,untested,untested,untested,untested,untested,untested
637,downstream,52,7,1,success,untested,untested,untested,untested,untested,untested
638,downstream,36,5,1,success,untested,untested,untested,untested,untested,untested
639,downstream,31,5,1,success,untested,untested,untested,untested,untested,untested
640,downstream,23,3,1,success,untested,untested,untested,untested,untested,untested
641,downstream,10,2,1,success,untested,untested,untested,untested,untested,untested
642,upstream,242,29,1,success,untested,untested,untested,untested,untested,untested
643,upstream,221,26,1,success,untested,untested,untested,untested,untested,untested
644,upstream,202,26,1,success,untested,untested,untested,untested,untested,untested
645,upstream,196,26,1,success,untested,untested,untested,untested,untested,untested
646,upstream,180,23,1,success,untested,untested,untested,untested,untested,untested
647,upstream,169,21,1,success,untested,untested,untested,untested,untested,untested
648,upstream,157,21,1,success,untested,untested,untested,untested,untested,untested
649,upstream,151,20,1,success,untested,untested,untested,untested,untested,untested
650,upstream,139,19,1,success,untested,untested,untested,untested,untested,untested
651,upstream,131,17,1,success,untested,untested,untested,untested,untested,untested
652,upstream,125,16,1,success,untested,untested,untested,untested,untested,untested
653,upstream,112,15,1,success,untested,untested,untested,untested,untested,untested
654,upstream,106,16,1,success,untested,untested,untested,untested,untested,untested
655,downstream,100,15,1,success,untested,untested,untested,untested,untested,untested
656,downstream,86,13,1,success,untested,untested,untested,untested,untested,untested
657,downstream,79,11,1,success,untested,untested,untested,untested,untested,untested
658,downstream,64,9,1,success,untested,untested,untested,untested,untested,untested
659,downstream,56,8,1,success,untested,untested,untested,untested,untested,untested
660,downstream,45,7,1,success,untested,untested,untested,untested,untested,untested
661,downstream,37,5,1,success,untested,untested,untested,untested,untested,untested
662,downstream,24,4,1,success,untested,untested,untested,untested,untested,untested
663,downstream,14,2,1,success,untested,untested,untested,untested,untested,untested
664,downstream,7,1,1,success,untested,untested,untested,untested,untested,untested
665,upstream,226,31,1,success,untested,untested,untested,untested,untested,untested
666,upstream,199,28,1,success,untested,untested,untested,untested,untested,untested
667,upstream,187,28,1,success,untested,untested,untested,untested,untested,untested
668,upstream,169,24,1,success,untested,untested,untested,untested,untested,untested
669,upstream,168,25,1,success,untested,untested,untested,untested,untested,untested
670,upstream,152,21,1,success,untested,untested,untested,untested,untested,untested
671,upstream,150,20,1,success,untested,untested,untested,untested,untested,untested
672,upstream,134,18,1,success,untested,untested,untested,untested,untested,untested
673,upstream,129,18,1,success,untested,untested,untested,untested,untested,untested
674,upstream,121,18,1,success,untested,untested,untested,untested,untested,untested
675,upstream,112,15,1,success,untested,untested,untested,untested,untested,untested
676,downstream,108,15,1,success,untested,untested,untested,untested,untested,untested
677,downstream,99,13,1,success,untested,untested,untested,untested,untested,untested
678,downstream,84,11,1,success,untested,untested,untested,untested,untested,untested
679,downstream,77,10,1,success,untested,untested,untested,untested,untested,untested
680,downstream,62,8,1,success,untested,untested,untested,untested,untested,untested
681,downstream,55,7,1,success,untested,untested,untested,untested,untested,untested
682,downstream,46,6,1,success,untested,untested,untested,untested,untested,untested
683,downstream,38,5,1,success,untested,untested,untested,untested,untested,untested
684,downstream,31,4,1,success,untested,untested,untested,untested,untested,untested
685,downstream,16,3,1,success,untested,untested,untested,untested,untested,untested
686,downstream,10,2,1,success,untested,untested,untested,untested,untested,untested
687,upstream,245,30,1,success,untested,untested,untested,untested,untested,untested
688,upstream,249,28,1,success,untested,untested,untested,untested,untested,untested
689,upstream,218,26,1,success,untested,untested,untested,untested,untested,untested
690,upstream,208,26,1,success,untested,untested,untested,untested,untested,untested
691,upstream,201,24,1,success,untested,untested,untested,untested,untested,untested
692,upstream,186,23,1,success,untested,untested,untested,untested,untested,untested
693,upstream,195,21,1,success,untested,untested,untested,untested,untested,untested
694,upstream,163,21,1,success,untested,untested,untested,untested,untested,untested
695,upstream,300,21,1,success,untested,untested,untested,untested,untested,untested
696,upstream,200,20,1,success,untested,untested,untested,untested,untested,untested
697,upstream,150,18,1,success,untested,untested,untested,untested,untested,untested
698,upstream,144,18,1,success,untested,untested,untested,untested,untested,untested
699,upstream,131,17,1,success,untested,untested,untested,untested,untested,untested
700,downstream,113,16,1,success,untested,untested,untested,untested,untested,untested
701,downstream,112,15,1,success,untested,untested,untested,untested,untested,untested
702,downstream,107,15,1,success,untested,untested,untested,untested,untested,untested
703,downstream,93,12,1,success,untested,untested,untested,untested,untested,untested
704,downstream,85,11,1,success,untested,untested,untested,untested,untested,untested
705,downstream,72,9,1,success,untested,untested,untested,untested,untested,untested
706,downstream,64,8,1,success,untested,untested,untested,untested,untested,untested
707,downstream,53,7,1,success,untested,untested,untested,untested,untested,untested
708,downstream,46,6,1,success,untested,untested,untested,untested,untested,untested
709,downstream,32,4,1,success,untested,untested,untested,untested,untested,untested
710,downstream,20,3,1,success,untested,untested,untested,untested,untested,untested
711,downstream,14,2,1,success,untested,untested,untested,untested,untested,untested
712,upstream,247,31,1,success,untested,untested,untested,untested,untested,untested
713,upstream,236,30,1,success,untested,untested,untested,untested,untested,untested
714,upstream,224,30,1,success,untested,untested,untested,untested,untested,untested
715,upstream,214,26,1,success,untested,untested,untested,untested,untested,untested
716,upstream,195,24,1,success,untested,untested,untested,untested,untested,untested
717,upstream,193,27,1,success,untested,untested,untested,untested,untested,untested
718,upstream,183,23,1,success,untested,untested,untested,untested,untested,untested
719,upstream,223,24,1,success,untested,untested,untested,untested,untested,untested
720,upstream,198,20,1,success,untested,untested,untested,untested,untested,untested
721,upstream,175,20,1,success,untested,untested,untested,untested,untested,untested
722,upstream,154,20,1,success,untested,untested,untested,untested,untested,untested
723,upstream,137,20,1,success,untested,untested,untested,untested,untested,untested
724,upstream,132,19,1,success,untested,untested,untested,untested,untested,untested
725,upstream,118,16,1,success,untested,untested,untested,untested,untested,untested
726,upstream,113,16,1,success,untested,untested,untested,untested,untested,untested
727,downstream,104,14,1,success,untested,untested,untested,untested,untested,untested
728,downstream,96,13,1,success,untested,untested,untested,untested,untested,untested
729,downstream,87,13,1,success,untested,untested,untested,untested,untested,untested
730,downstream,71,10,1,success,untested,untested,untested,untested,untested,untested
731,downstream,65,9,1,success,untested,untested,untested,untested,untested,untested
732,downstream,50,7,1,success,untested,untested,untested,untested,untested,untested
733,downstream,44,6,1,success,untested,untested,untested,untested,untested,untested
734,downstream,32,5,1,success,untested,untested,untested,untested,untested,untested
735,downstream,25,4,1,success,untested,untested,untested,untested,untested,untested
736,downstream,8,1,1,success,untested,untested,untested,untested,untested,untested
737,upstream,43,31,1,success,untested,untested,untested,untested,untested,untested
