case,scene,engine,apex,apex_time_s,max_root_height_m,end_time_s,end_code,final_x_m,final_z_m,first_post_apex_contact_s,post_contact_observed_s,one_second_observed,within_limits_one_second_and_both_wheels_at_endpoint,contact_measure,landing_roll_deg,landing_pitch_deg,trace
natural,platform,MJX-Warp,True,1.0,0.6025194525718689,6.1000000000000005,3,14.451407432556152,0.10052908957004547,3.38,2.7200000000000006,True,True,MuJoCo-Warp reported wheel-floor contact distance<=0; RK4 derived-stage sampling,0.9964646886253671,19.761250140248784,/home/qy/ISAAC——SIM/results/sim2sim_fast_path_20260928/source_natural_retry/natural/trace.npz
natural,platform,Isaac PhysX,False,,0.1499999761581421,0.78,8,2.6813032627105713,0.12508809566497803,,,False,False,PhysX last-substep wheel net contact force magnitude>0.1N; flat scene only floor remains,,,/home/qy/ISAAC——SIM/results/review_corrections_20260928/matched5ms/natural/trace.npz
natural,flat,MJX-Warp,True,1.0,0.6095673441886902,6.28,3,14.712647438049316,0.09836441278457642,1.34,4.94,True,True,MuJoCo-Warp reported wheel-floor contact distance<=0; RK4 derived-stage sampling,-0.16622196182309112,0.45227199910515636,/home/qy/ISAAC——SIM/results/platform_removal_20260928/mjx/natural/trace.npz
natural,flat,Isaac PhysX,False,,0.1499999761581421,0.78,8,2.6813032627105713,0.12508809566497803,,,False,False,PhysX last-substep wheel net contact force magnitude>0.1N; flat scene only floor remains,,,/home/qy/ISAAC——SIM/results/platform_removal_20260928/physx/natural/trace.npz
vx_minus,platform,MJX-Warp,True,1.0,0.6298519968986511,6.42,3,15.030911445617676,0.09774632006883621,3.52,2.9,True,True,MuJoCo-Warp reported wheel-floor contact distance<=0; RK4 derived-stage sampling,0.30426746031823937,12.291582644944985,/home/qy/ISAAC——SIM/results/sim2sim_fast_path_20260928/source_neighbors/vx_minus/trace.npz
vx_minus,platform,Isaac PhysX,True,1.1,0.5597544312477112,1.6,3,3.3361573219299316,0.17692601680755615,1.46,0.14000000000000012,False,False,PhysX last-substep wheel net contact force magnitude>0.1N; flat scene only floor remains,19.287329962566204,1.7321149443434465,/home/qy/ISAAC——SIM/results/review_corrections_20260928/matched5ms/vx_minus/trace.npz
vx_minus,flat,MJX-Warp,True,1.0,0.629777729511261,6.16,3,14.768658638000488,0.10078858584165573,1.6600000000000001,4.5,True,True,MuJoCo-Warp reported wheel-floor contact distance<=0; RK4 derived-stage sampling,1.1349483428011746,0.021546851582020056,/home/qy/ISAAC——SIM/results/platform_removal_20260928/mjx/vx_minus/trace.npz
vx_minus,flat,Isaac PhysX,True,1.1,0.5597544312477112,1.6,3,3.3361573219299316,0.17692601680755615,1.46,0.14000000000000012,False,False,PhysX last-substep wheel net contact force magnitude>0.1N; flat scene only floor remains,19.287329962566204,1.7321149443434465,/home/qy/ISAAC——SIM/results/platform_removal_20260928/physx/vx_minus/trace.npz
x_minus,platform,MJX-Warp,True,1.0,0.6280712485313416,6.4,3,15.028692245483398,0.09768428653478622,3.4,3.0000000000000004,True,True,MuJoCo-Warp reported wheel-floor contact distance<=0; RK4 derived-stage sampling,0.20166069654971175,18.374019723722142,/home/qy/ISAAC——SIM/results/sim2sim_fast_path_20260928/source_neighbors/x_minus/trace.npz
x_minus,platform,Isaac PhysX,True,1.1400000000000001,0.5536649823188782,1.7,3,3.3461806774139404,0.10245345532894135,1.42,0.28,False,False,PhysX last-substep wheel net contact force magnitude>0.1N; flat scene only floor remains,8.238472305337368,-25.307903516864467,/home/qy/ISAAC——SIM/results/review_corrections_20260928/matched5ms/x_minus/trace.npz
x_minus,flat,MJX-Warp,True,1.0,0.6280931830406189,6.18,3,14.62186336517334,0.09746842831373215,1.34,4.84,True,True,MuJoCo-Warp reported wheel-floor contact distance<=0; RK4 derived-stage sampling,1.1896953441170972,7.636064236862222,/home/qy/ISAAC——SIM/results/platform_removal_20260928/mjx/x_minus/trace.npz
x_minus,flat,Isaac PhysX,True,1.1400000000000001,0.5536649823188782,1.68,3,3.428624391555786,0.11215336620807648,1.42,0.26,False,False,PhysX last-substep wheel net contact force magnitude>0.1N; flat scene only floor remains,8.238472305337368,-25.307903516864467,/home/qy/ISAAC——SIM/results/platform_removal_20260928/physx/x_minus/trace.npz
vx_plus,platform,MJX-Warp,True,1.0,0.6459255218505859,1.58,4,4.253240585327148,0.3976367115974426,,,False,False,MuJoCo-Warp reported wheel-floor contact distance<=0; RK4 derived-stage sampling,,,/home/qy/ISAAC——SIM/results/sim2sim_fast_path_20260928/source_neighbors_retry/vx_plus/trace.npz
vx_plus,platform,Isaac PhysX,True,1.24,0.5608346462249756,1.54,10,3.2320759296417236,0.1951436549425125,1.5,0.040000000000000036,False,False,PhysX last-substep wheel net contact force magnitude>0.1N; flat scene only floor remains,-4.7123328309885535,-47.934546764542226,/home/qy/ISAAC——SIM/results/review_corrections_20260928/matched5ms/vx_plus/trace.npz
vx_plus,flat,MJX-Warp,True,1.0,0.6457965970039368,1.46,4,4.063200950622559,0.31333956122398376,,,False,False,MuJoCo-Warp reported wheel-floor contact distance<=0; RK4 derived-stage sampling,,,/home/qy/ISAAC——SIM/results/platform_removal_20260928/mjx/vx_plus/trace.npz
vx_plus,flat,Isaac PhysX,True,1.24,0.5608346462249756,1.54,10,3.2320759296417236,0.1951436549425125,1.5,0.040000000000000036,False,False,PhysX last-substep wheel net contact force magnitude>0.1N; flat scene only floor remains,-4.7123328309885535,-47.934546764542226,/home/qy/ISAAC——SIM/results/platform_removal_20260928/physx/vx_plus/trace.npz
x_plus,platform,MJX-Warp,True,0.98,0.6014569997787476,6.32,3,14.814316749572754,0.0985264703631401,3.48,2.8400000000000003,True,True,MuJoCo-Warp reported wheel-floor contact distance<=0; RK4 derived-stage sampling,0.08059141431730492,12.092563839321784,/home/qy/ISAAC——SIM/results/sim2sim_fast_path_20260928/source_neighbors_retry/x_plus/trace.npz
x_plus,platform,Isaac PhysX,True,1.08,0.5731416940689087,1.52,3,3.343560218811035,0.11142148822546005,1.42,0.10000000000000009,False,False,PhysX last-substep wheel net contact force magnitude>0.1N; flat scene only floor remains,19.68589631012388,-11.803731711511924,/home/qy/ISAAC——SIM/results/review_corrections_20260928/matched5ms/x_plus/trace.npz
x_plus,flat,MJX-Warp,True,0.98,0.6014586091041565,1.72,3,4.530334949493408,0.17098674178123474,1.32,0.3999999999999999,False,False,MuJoCo-Warp reported wheel-floor contact distance<=0; RK4 derived-stage sampling,0.9240373450199876,1.4314572325829444,/home/qy/ISAAC——SIM/results/platform_removal_20260928/mjx/x_plus/trace.npz
x_plus,flat,Isaac PhysX,True,1.08,0.5731416940689087,1.52,3,3.343560218811035,0.11142148822546005,1.42,0.10000000000000009,False,False,PhysX last-substep wheel net contact force magnitude>0.1N; flat scene only floor remains,19.68589631012388,-11.803731711511924,/home/qy/ISAAC——SIM/results/platform_removal_20260928/physx/x_plus/trace.npz
