time_s,x_m,y_m,z_m,vx_world_m_s,vy_world_m_s,vz_world_m_s,speed_world_m_s,roll_deg,pitch_deg,yaw_deg,apex_seen,contact_detected,front_clearance_m,rear_clearance_m,done,end_code
0.0,1.5099999904632568,-3.725290298461914e-09,0.1499999761581421,2.0,0.0,0.0,2.0,0.0,0.0,0.0,0.0,False,0.031215976158385006,0.03095497615838634,False,0
0.02,1.5496541261672974,7.406517397612333e-06,0.14797383546829224,1.989833943654235,0.00024147769416923732,-0.1857398214144064,1.9984840411894955,0.0022688395221117904,0.5158344933784775,0.004437927198487647,0.0,False,0.02771037941694099,0.029961465657838554,False,0
0.04,1.589492678642273,1.1114811059087515e-05,0.1418507695198059,1.9940110182085644,0.00012174549432596306,-0.38105665731693067,2.030094611500822,0.003328186965402342,0.7916984546244261,0.0027329362244907828,0.0,False,0.020797788933034037,0.02439224471791121,False,0
0.06,1.6294313669204712,1.269136555492878e-05,0.1317187249660492,1.9978434551967488,7.203674926892423e-05,-0.580109805489584,2.080361954825876,0.003778455205533198,0.9405565143687329,0.0018146069999913847,0.0,False,0.010240215324044441,0.014559516936594949,False,0
0.08,1.6711103916168213,0.00045953429071232677,0.11866559088230133,2.3467923173465577,0.09112877641553682,-0.5890390076120878,2.421302456765047,0.10189164449999567,-0.33136167460739535,0.08971144370080654,0.0,True,0.0008338216998803882,-0.0010408589481789438,False,0
0.1,1.7123074531555176,0.0010471162386238575,0.12119816243648529,2.0126260754631176,0.023903827184468936,0.10260798541096504,2.015381728422244,0.22688674020948524,-0.8365773610492145,0.4682232160480594,0.0,False,0.0048218397894934095,0.0004869639558919697,False,0
0.12,1.751792550086975,0.0015221170615404844,0.12196806818246841,1.872092291239576,0.0660253323837246,0.0844301627219349,1.875157951696944,0.3159412380774151,-1.219386175095759,0.8129468528150466,0.0,True,0.006697472543466698,0.0004984881909296524,False,0
0.14,1.7878309488296509,0.002298192121088505,0.12194009870290756,1.7510574665495657,0.04426966569861253,-0.0369843153065256,1.7520073898356545,0.4783456398433306,-1.1944007327540835,1.0745955663781073,0.0,False,0.006599099588427457,0.0005215530318384565,False,0
0.16,1.8215714693069458,0.003109624143689871,0.12016098201274872,1.5890101543753397,0.03523257986991796,-0.006433572342940605,1.589413727210547,0.6636160818693361,-0.34482439330551684,1.304652877516372,0.0,True,0.0023733519745751525,0.00043287504591174586,False,0
0.18,1.8535113334655762,0.0038193862419575453,0.12153644114732742,1.6345884792504581,0.05939373392680786,0.28272007754407313,1.6599210084743854,0.8423832961852175,0.677801410684648,0.8278532376355011,0.0,False,0.0008173558132248682,0.0038579681880082234,False,0
0.2,1.8867751359939575,0.005018519703298807,0.12367118895053864,1.6589681639380152,0.05942490177903213,0.04904841892096114,1.660756585207466,1.1152318394457434,1.1059453182657193,-0.04840893187515281,0.0,False,0.0017350058087643172,0.006861732879631363,False,0
0.22,1.9207301139831543,0.005683731287717819,0.12259402871131897,1.8246077526707813,-0.02966039464867621,-0.05102861941792688,1.825562135375494,1.2625110112865074,1.1600183444381555,-1.043264663308669,0.0,True,0.0005082062277391303,0.005898843759886807,False,0
0.24,1.9575409889221191,0.00487144198268652,0.12253232300281525,1.8564444425532491,-0.0483330334156869,-0.04504391183114603,1.8576197146884121,1.1276655027909042,0.4911974843574313,-2.296565766152508,0.0,False,0.002355508846387383,0.004487786160571369,False,0
0.26,1.9941415786743164,0.0034187696874141693,0.1197509616613388,1.6593320567147618,-0.13609414341551496,-0.026061324159598616,1.665107709107791,0.8946120854829183,-0.10601847707387525,-3.5125681218766576,0.0,True,0.0012817711259233422,0.0005043920222008724,False,0
0.28,2.0268659591674805,0.0012680895160883665,0.11949591338634491,1.6070356879689287,-0.09705950188938028,-0.019928827941508652,1.6100873912604574,0.48721244658380664,-0.11876637421061506,-3.9547779145028605,0.0,False,0.0010553838683477479,0.00021593087865935667,False,0
0.3,2.057360887527466,-0.0008252223487943411,0.12049537152051926,1.4806953208841367,-0.12367178038710472,0.2569288453638113,1.5079011155020325,0.05992675134951933,0.28409976464851927,-4.269270852354287,0.0,False,0.0008958838229392585,0.0020184612858847872,False,0
0.32,2.0873219966888428,-0.003325805999338627,0.1225350946187973,1.4939937114692523,-0.12438862583993049,0.0396393225956983,1.4996869726859212,-0.4675695902117701,0.49760232258922504,-4.605517518346749,0.0,False,0.0023292917248374373,0.004491530294661497,False,0
0.34,2.117396354675293,-0.005543926730751991,0.12108631432056427,1.6216345794232647,-0.03423322143414198,-0.12879648597143067,1.6271014588616215,-0.9339164410632733,0.7545609818332807,-4.87323883546489,0.0,True,0.00015736435863325515,0.0035711905135879934,False,0
0.36,2.1506006717681885,-0.007113724015653133,0.11955751478672028,1.662725812824138,-0.07727782010038839,-0.12766451371208007,1.6694092422688034,-1.2133332502894647,0.05835769429410892,-4.962153175129003,0.0,False,0.0006349126004434325,0.0006582336684210072,False,0
0.38,2.1823394298553467,-0.00871985498815775,0.12000787258148193,1.5625094609066255,-0.08558905652357128,0.08881447374905752,1.5673701900848538,-1.559662171944308,-0.24688005983944045,-4.997039613330861,0.0,False,0.0019800873133615643,0.0005165023176140898,False,0
0.4,2.2129786014556885,-0.010581424459815025,0.12049902975559235,1.4558407718412256,-0.09891059486972825,0.07385747505303802,1.4610648806106967,-2.0052708151532546,-0.6170342440508835,-5.098753317108447,0.0,True,0.003566544976456351,0.0002987306353364194,False,0
0.42,2.241271734237671,-0.012371893972158432,0.11971573531627655,1.338208670777449,-0.0803835221500816,-0.03231665011905166,1.341010187527342,-2.503976019053698,-0.28556931708990835,-5.162697808472683,0.0,True,0.0018670728351848631,0.00021498069632208683,False,0
0.44,2.268507242202759,-0.013062814250588417,0.1196262389421463,1.3933698937331072,-0.001335869413457709,0.07831065045266661,1.3955694190126193,-2.831110765898816,0.246338718635919,-4.561203141127757,0.0,False,0.000273763852078876,0.0012185493624211063,False,0
0.46,2.297619342803955,-0.014051545411348343,0.11990384757518768,1.4908272870017827,-0.1313871467773655,-0.014809863801509128,1.496678961592369,-3.2319374620176053,0.13845341025335564,-3.5991304477223816,0.0,False,0.0009010274021892251,0.0013224779733061742,False,0
0.48,2.3270297050476074,-0.014840916730463505,0.11913636326789856,1.414400163449408,0.05270725188387251,0.11535656327634383,1.4200750027578795,-3.628602350120616,-0.012874944540216217,-2.7886374012585557,0.0,True,0.0006127206128282853,0.00029953557774350936,False,0
0.5,2.3546273708343506,-0.013092816807329655,0.11911282688379288,1.334007237158884,0.09152423212276346,-0.030047837982920416,1.337480791049123,-3.5651685937527775,-0.024726567042185378,-1.2459750585328329,0.0,False,0.0006134019427254805,0.00024444533670799073,False,0
0.52,2.380553722381592,-0.01031334139406681,0.11997222900390625,1.2652073710840173,0.15426273766764376,0.08649347754622504,1.2775084366594553,-3.329845536450297,0.16896857806287996,0.5003317139420691,0.0,False,0.0008840414420593218,0.0014630222077005178,False,0
0.54,2.4062774181365967,-0.0065928865224123,0.11989761143922806,1.3945801405800724,0.26129199735332365,0.028678798185570384,1.4191369736028274,-2.9089032707593696,0.32958446904237954,2.46423717091371,0.0,True,0.00030340951898737145,0.0016643726565400557,False,0
0.56,2.4334325790405273,-0.0012931087985634804,0.11941304802894592,1.3626879617379353,0.26532657177226865,-0.10832611182408497,1.3924981929097207,-2.2061797259238722,-0.046854484759814366,4.713617705867999,0.0,False,0.000847871847567544,0.00036406865477664474,False,0
0.58,2.4593355655670166,0.003832112066447735,0.11932657659053802,1.2335652172016842,0.24748426111623467,0.10462775813140869,1.2624890385115,-1.5823473454174795,-0.04436076924526418,6.624895625935573,0.0,True,0.0007153068744173985,0.00024068662901659266,False,0
0.6,2.483555555343628,0.008996079675853252,0.11914779990911484,1.0932333996679529,0.24206757549907282,0.047806502536845624,1.1207325456782071,-0.9413286886773687,-0.059098447584351024,8.312481191855069,0.0,True,0.0005512815201617755,3.0203760215674613e-06,False,0
0.62,2.5065979957580566,0.014068461954593658,0.11956565827131271,1.1797773482069562,0.23474378566860846,-0.003176163963670097,1.2029086932389306,-0.28974564709924644,0.2283513608218727,9.957019912744613,0.0,False,0.00012832941687672406,0.0009797639438885314,False,0
0.64,2.530794620513916,0.020103633403778076,0.11924905329942703,1.165996763818857,0.31690495430096555,0.05525718295025061,1.2095580017362302,0.5214168676829662,0.02444537959829015,11.764843730070822,0.0,True,0.0003973996096810761,0.0002555689000500183,False,0
0.66,2.554363489151001,0.026154454797506332,0.11910834908485413,1.167917144019601,0.3011229974744138,0.1412276309186416,1.2143519912437948,1.3484179142416421,0.02322482983278302,13.054834777498453,0.0,True,0.00028250246254785116,0.00013535871972891744,False,0
0.68,2.5782177448272705,0.032309457659721375,0.11897201836109161,1.2525322567114403,0.32326072252486476,0.05962598149912328,1.294947800685296,2.1229531196703397,-0.003667832630052619,14.09582506713354,0.0,True,0.0002651487320938922,-1.2432524894759323e-05,False,0
0.7000000000000001,2.6043803691864014,0.03902686387300491,0.11898614466190338,1.4041422165195594,0.3669973069085419,0.09069220124929638,1.4541414865335582,2.793129250239848,0.00746347913775739,14.80795784955067,0.0,True,0.0003003269077450077,7.674150571103378e-05,False,0
0.72,2.633622407913208,0.04602643847465515,0.11927131563425064,1.572302824129876,0.35997332081942696,0.10905255467820485,1.6166661443075971,3.233990716714671,0.09556829135824922,15.655985731237216,0.0,True,0.0003761125930751008,0.0005809600176291951,False,0
0.74,2.658832311630249,0.05296692997217178,0.11881248652935028,1.1266705478344623,0.28657652919991244,0.026935654307929352,1.162857755668711,3.733005971042229,-0.033881611156826495,16.1321446358296,0.0,True,0.000345283188445622,-8.011797598683756e-05,False,0
0.76,2.6759777069091797,0.05703011155128479,0.11855548620223999,0.620205314128467,0.11184579306538638,0.09801269596014582,0.6377857019947936,4.116970166476637,-0.046497886851771676,16.081445635287814,0.0,True,0.00017356637927473662,-0.0003132049621541594,False,0
0.78,2.686629295349121,0.058660440146923065,0.12565010786056519,0.31093447435801175,-0.07689408465815373,1.2251227594673464,1.2663011977269047,4.413386121237689,2.805108140196393,16.358095744500023,0.0,False,-0.000817856857096691,0.012576286964812444,False,0
0.8,2.694593667984009,0.05419428274035454,0.18410161137580872,0.6188837914394054,-0.20939974236895237,3.4427241898502188,3.5041711212197444,4.7704711251866545,18.204078011954742,17.881828541355905,0.0,False,0.016693764133670255,0.10361098010841537,False,0
0.8200000000000001,2.713712215423584,0.052758120000362396,0.2455025017261505,1.0473980959053617,-0.006683271688285447,2.6429468985554796,2.8429308373596895,5.152792445443892,23.0089885505746,18.119886729505577,0.0,False,0.06661052633765988,0.1754810179224201,False,0
0.84,2.736377716064453,0.052721649408340454,0.3018133342266083,1.0986137103620028,0.013668628213439296,2.370939377249305,2.6131384285153985,5.38747221673787,20.978893320411782,17.51988355049577,0.0,False,0.12777943790336294,0.2274251460741662,False,0
0.86,2.7603280544281006,0.05208594724535942,0.3622545897960663,1.1941342713013718,-0.05314661648854391,3.086945470213834,3.310289044300263,5.502848671868804,14.635620762175837,16.453402723955488,0.0,False,0.20403590002536542,0.27418953420243364,False,0
0.88,2.7809317111968994,0.051206380128860474,0.4106011986732483,0.9422763234649989,-0.035907768186458695,2.052365992516044,2.258623519937578,5.735913618394474,11.719149241706726,15.913194675780108,0.0,False,0.26006587389134883,0.31634423953168156,False,0
0.9,2.798973560333252,0.05042809993028641,0.44778719544410706,0.9033080197161201,-0.036498810287265204,1.7588904824342297,1.9776231367056671,6.086165205984466,13.45035358834272,15.972398166444643,0.0,False,0.29280827071509863,0.35728863001872124,False,0
0.92,2.816843032836914,0.05000961571931839,0.4772205650806427,0.8954065074064996,-0.021737408112631824,1.4067932576290898,1.667720779425629,6.454446493532813,15.36392859285474,16.07802190754529,0.0,False,0.31742862122593407,0.39089662455261154,False,0
0.9400000000000001,2.8349921703338623,0.04955575615167618,0.5036874413490295,0.9132110954501779,-0.021574604245308847,1.2525534074425004,1.5502612705274792,6.819802814144083,16.713443530515395,16.11072363815062,0.0,False,0.34063562686312304,0.4203419096658525,False,0
0.96,2.8529038429260254,0.04928402602672577,0.5242499113082886,0.8977028444437755,-0.015526008217405775,0.9740016346635489,1.3246851090658784,7.21247668636334,18.47892154546261,16.21552955146699,0.0,False,0.35701554065866586,0.4447963792294728,False,0
0.98,2.8704278469085693,0.049083225429058075,0.539597749710083,0.8803365896269485,-0.014116692419788017,0.7343435053623363,1.1464956065806466,7.654088308482353,20.968724395125168,16.445312268401317,0.0,False,0.36659680842689407,0.46562445378151607,False,0
1.0,2.8884103298187256,0.048725683242082596,0.553249716758728,0.9056133231985432,-0.017191896792713473,0.6174914710056869,1.0962329903970265,8.074707143371985,22.529930497858814,16.53050808067225,0.0,False,0.37681513651096343,0.48275078672495747,False,0
1.02,2.9066948890686035,0.0483747273683548,0.5635969638824463,0.9177433914166124,-0.01711364824343435,0.44671654565899754,1.0208337188840173,8.473856121612625,23.423813790087678,16.506612638230067,0.0,False,0.385326087631454,0.49512665135681044,False,0
1.04,2.9250264167785645,0.04805378615856171,0.5699555277824402,0.918948937816652,-0.016446399743516766,0.25079205482952494,0.9526984250771552,8.874855242095204,24.175655955403442,16.461775861984478,0.0,False,0.39021205961749483,0.5032096345051985,False,0
1.06,2.9436404705047607,0.04769551753997803,0.5731416940689087,0.9323329107204882,-0.016707346425485572,0.07939031142144469,0.9358560858298208,9.245055399126807,24.353177990301976,16.309602004755615,0.0,False,0.3932088562769922,0.5068748446377475,False,0
1.08,2.9625020027160645,0.04732014238834381,0.572877824306488,0.9432199598905157,-0.01742303376340059,-0.0965162394963634,0.9483052458612184,9.581011312452858,23.999503069237992,16.05421329353259,1.0,False,0.3939198827146292,0.5059380697032722,False,0
1.1,2.9814846515655518,0.04693339020013809,0.5688846111297607,0.9482394484296882,-0.018351075393673495,-0.28171498610719703,0.9893726026749082,9.89826742530674,23.370854730006116,15.744828958551764,1.0,False,0.3915098312107654,0.5006773363276366,False,0
1.12,3.000620126724243,0.046490952372550964,0.5614442229270935,0.9553106633594179,-0.020750167889042354,-0.4570785769390742,1.0592307862275736,10.191990090911114,22.40232602180576,15.366672695470992,1.0,False,0.386415466872754,0.49123339943342076,False,0
1.1400000000000001,3.019909381866455,0.045963920652866364,0.5506762862205505,0.9622548866813203,-0.024791748167268327,-0.6251559493357554,1.1477669879854357,10.462144180294796,21.071609721405295,14.915315502898133,1.0,False,0.3788366728220707,0.4776782425144372,False,0
1.16,3.039308547973633,0.04533108323812485,0.5366080403327942,0.9671618272079769,-0.030033973921901227,-0.7906413747788231,1.2495670542671815,10.716804778662274,19.444906797673315,14.406049936026855,1.0,False,0.3686931554205224,0.46018634520639334,False,0
1.18,3.058807134628296,0.044542815536260605,0.5194640159606934,0.971820629720882,-0.03758400601865253,-0.9454476698400419,1.356362484834149,10.960272523355087,17.508744991825548,13.837026284552135,1.0,False,0.3562859557603616,0.4389593860760663,False,0
1.2,3.0783896446228027,0.04354317486286163,0.49949151277542114,0.9757964434187962,-0.04804406787540923,-1.0872999364100933,1.4617482967885347,11.198886268212657,15.242810387879798,13.205446394903664,1.0,False,0.3419666464152271,0.41421243704930144,False,0
1.22,3.0980193614959717,0.042277902364730835,0.4768964946269989,0.9780446372457658,-0.06133000912733905,-1.2179308866290315,1.563230094090355,11.443315754786283,12.66321820795692,12.515664224206589,1.0,False,0.32596501436584385,0.38620546247692744,False,0
1.24,3.11765718460083,0.040681108832359314,0.45194098353385925,0.9784447443852682,-0.07808733944581477,-1.334525756656657,1.6566263144043383,11.706311782399633,9.780378137953527,11.769512455468586,1.0,False,0.30857994375487185,0.35525107579099374,False,0
1.26,3.1372580528259277,0.03867014870047569,0.42495492100715637,0.9767498901985335,-0.0992448766807589,-1.4333901310970116,1.7373822726954866,12.003239310383142,6.592454745681331,10.96370068159486,1.0,False,0.2902079252518645,0.3217151655584856,False,0
1.28,3.1567623615264893,0.03617001324892044,0.39621296525001526,0.9722182997923011,-0.12427298687690985,-1.518144116648918,1.8070455878682377,12.354286272580806,3.1240393897757044,10.097749548063403,1.0,False,0.27111334611089394,0.2859772208378652,False,0
1.3,3.17610764503479,0.03310941904783249,0.36596471071243286,0.9647897585069701,-0.15294219545364465,-1.5904192854089334,1.8664522754870485,12.784872991018073,-0.5894854706318167,9.169005567063785,1.0,False,0.2514891683432722,0.24842585817378554,False,0
1.32,3.1952342987060547,0.029434528201818466,0.3343770503997803,0.9548479301603162,-0.18413175630029988,-1.6553640864842536,1.919861800294886,13.327523286449633,-4.499478726520375,8.171843143375552,1.0,False,0.2313868892897331,0.20940291216543233,False,0
1.34,3.2141523361206055,0.0260133258998394,0.2979733645915985,0.9444921987767466,-0.15983772020908682,-1.9399662657111443,2.163580995121055,14.000871902821773,-7.902008552846399,7.266218037893038,1.0,False,0.2052620855224988,0.16682492112072467,False,0
1.36,3.2329602241516113,0.023459244519472122,0.25452888011932373,0.9400276091145591,-0.111532726332037,-2.308119258922125,2.494695566266135,14.787518357877824,-10.475611385979008,6.534153064227619,1.0,False,0.16985038567344773,0.11898277402849362,False,0
1.3800000000000001,3.2517471313476562,0.021834157407283783,0.20395007729530334,0.9396756362041081,-0.06688233327916229,-2.655707859604289,2.81784452788731,15.660031643036534,-12.347371410376164,5.954119646883565,1.0,False,0.12535339925742872,0.06543931259881294,False,0
1.4000000000000001,3.270552396774292,0.020982053130865097,0.14688993990421295,0.9408978145387947,-0.0313024664736277,-2.96660118076383,3.1123931479683864,16.594244162701504,-13.718140080348926,5.485938025757251,1.0,False,0.07297739465923016,0.006413630443329418,False,0
1.42,3.2824654579162598,0.013858921825885773,0.13485972583293915,0.4233320871678058,-0.3401472013915571,-0.4965864027483382,0.7358724278262462,19.68589631012388,-11.803731711511924,3.94563854567972,1.0,True,0.05717488111157103,-0.00042601626142024784,False,0
1.44,3.2902369499206543,0.005900248885154724,0.12439735233783722,0.3748956480297797,-0.39377490220045674,-0.5473248206724479,0.7714725399123257,22.82494707776748,-7.219617331407433,2.623029460730752,1.0,True,0.03528443360664135,-0.00023699491526822658,False,0
1.46,3.2944910526275635,-0.0004078950732946396,0.10901961475610733,0.11424282770262484,-0.22482701260807542,-0.8997775863425934,0.9344508088520586,25.768070444704428,-0.5163593411202636,2.230527578010295,1.0,True,0.0025032281679239904,-0.00023848091792151582,False,0
1.48,3.3064780235290527,-0.0049140434712171555,0.10748113691806793,0.7136519475879065,-0.35504447492113617,0.2096684582717176,0.8242066147890809,29.955921153160386,1.1861564838736671,1.5255034903197198,1.0,True,-0.0002871211104032434,0.005339455366777761,False,0
1.5,3.3233425617218018,-0.011843536049127579,0.11013488471508026,0.9242515375614576,-0.3272242437586218,0.13376175917428249,0.9895498060257094,33.985394638591785,3.4590817093075406,1.8057086035254788,1.0,True,-0.0002673630335238847,0.016591179518145524,False,0
1.52,3.343560218811035,-0.016970794647932053,0.11142148822546005,1.075289997715993,-0.20792946417732788,0.04117155846271758,1.0959828185183287,37.95456089217826,5.433423800995424,3.5853508836250634,1.0,True,-0.00040831049327935687,0.026213093655175726,True,3
