stage,tick,episode,x,z,base_action_0,requested_delta_0,effective_delta_0,action_0,base_action_1,requested_delta_1,effective_delta_1,action_1,base_action_2,requested_delta_2,effective_delta_2,action_2,base_action_3,requested_delta_3,effective_delta_3,action_3
initial,0,0,2.5398218631744385,0.14851507544517517,-0.8977648019790649,0.0,0.0,-0.8977648019790649,-0.4166301488876343,0.0,0.0,-0.4166301488876343,-0.5685432553291321,0.0,0.0,-0.5685432553291321,0.9489665031433105,0.0,0.0,0.9489665031433105
initial,0,1,2.5398218631744385,0.14851507544517517,-0.8977648019790649,0.0,0.0,-0.8977648019790649,-0.4166301488876343,0.0,0.0,-0.4166301488876343,-0.5685432553291321,0.0,0.0,-0.5685432553291321,0.9489665031433105,0.0,0.0,0.9489665031433105
initial,1,0,2.5798513889312744,0.14257767796516418,-0.6551288962364197,0.0,0.0,-0.6551288962364197,-0.9146854877471924,0.0,0.0,-0.9146854877471924,-0.1489304155111313,0.0,0.0,-0.1489304155111313,0.9595323204994202,0.0,0.0,0.9595323204994202
initial,1,1,2.5798513889312744,0.14257767796516418,-0.6551288962364197,0.0,0.0,-0.6551288962364197,-0.9146854877471924,0.0,0.0,-0.9146854877471924,-0.1489304155111313,0.0,0.0,-0.1489304155111313,0.9595323204994202,0.0,0.0,0.9595323204994202
initial,2,0,2.6198577880859375,0.13301095366477966,-0.6969488263130188,0.0,0.0,-0.6969488263130188,-0.9649321436882019,0.0,0.0,-0.9649321436882019,-0.2951211929321289,0.0,0.0,-0.2951211929321289,0.880426824092865,0.0,0.0,0.880426824092865
initial,2,1,2.6198577880859375,0.13301095366477966,-0.6969488263130188,0.0,0.0,-0.6969488263130188,-0.9649321436882019,0.0,0.0,-0.9649321436882019,-0.2951211929321289,0.0,0.0,-0.2951211929321289,0.880426824092865,0.0,0.0,0.880426824092865
initial,3,0,2.659778356552124,0.11888933926820755,-0.31874892115592957,0.0,0.0,-0.31874892115592957,-0.8912726640701294,0.0,0.0,-0.8912726640701294,-0.6209113597869873,0.0,0.0,-0.6209113597869873,-0.030019361525774002,0.0,0.0,-0.030019361525774002
initial,3,1,2.659778356552124,0.11888933926820755,-0.31874892115592957,0.0,0.0,-0.31874892115592957,-0.8912726640701294,0.0,0.0,-0.8912726640701294,-0.6209113597869873,0.0,0.0,-0.6209113597869873,-0.030019361525774002,0.0,0.0,-0.030019361525774002
initial,4,0,2.699638843536377,0.11847914010286331,-0.07461881637573242,0.0,0.0,-0.07461881637573242,-0.9257088899612427,0.0,0.0,-0.9257088899612427,-0.3180754780769348,0.0,0.0,-0.3180754780769348,0.16442053020000458,0.0,0.0,0.16442053020000458
initial,4,1,2.699638843536377,0.1184791550040245,-0.07461881637573242,0.0,0.0,-0.07461881637573242,-0.9257088899612427,0.0,0.0,-0.9257088899612427,-0.3180754780769348,0.0,0.0,-0.3180754780769348,0.16442053020000458,0.0,0.0,0.16442053020000458
initial,5,0,2.736867666244507,0.11887361854314804,0.08524651825428009,0.0,0.0,0.08524651825428009,-0.8181189298629761,0.0,0.0,-0.8181189298629761,-0.3142823278903961,0.0,0.0,-0.3142823278903961,-0.1511843353509903,0.0,0.0,-0.1511843353509903
initial,5,1,2.736867666244507,0.11887362599372864,0.08524651825428009,0.0,0.0,0.08524651825428009,-0.8181189298629761,0.0,0.0,-0.8181189298629761,-0.3142823278903961,0.0,0.0,-0.3142823278903961,-0.1511843353509903,0.0,0.0,-0.1511843353509903
initial,6,0,2.7728116512298584,0.11898782104253769,0.308079332113266,0.0,0.0,0.308079332113266,-0.7766537666320801,0.0,0.0,-0.7766537666320801,0.02636777237057686,0.0,0.0,0.02636777237057686,-0.32905930280685425,0.0,0.0,-0.32905930280685425
initial,6,1,2.7728116512298584,0.11898786574602127,0.308079332113266,0.0,0.0,0.308079332113266,-0.7766537666320801,0.0,0.0,-0.7766537666320801,0.02636777237057686,0.0,0.0,0.02636777237057686,-0.32905930280685425,0.0,0.0,-0.32905930280685425
initial,7,0,2.801354169845581,0.11862101405858994,0.025462858378887177,0.0,0.0,0.025462858378887177,-0.7236257791519165,0.0,0.0,-0.7236257791519165,0.29992035031318665,0.0,0.0,0.29992035031318665,-0.4435863494873047,0.0,0.0,-0.4435863494873047
initial,7,1,2.8013546466827393,0.11862122267484665,0.025482160970568657,0.0,0.0,0.025482160970568657,-0.7235724925994873,0.0,0.0,-0.7235724925994873,0.2999011278152466,0.0,0.0,0.2999011278152466,-0.44362810254096985,0.0,0.0,-0.44362810254096985
initial,8,0,2.81722354888916,0.11861353367567062,0.10077838599681854,0.0,0.0,0.10077838599681854,-0.5530875325202942,0.0,0.0,-0.5530875325202942,0.4779741168022156,0.0,0.0,0.4779741168022156,-0.6908423900604248,0.0,0.0,-0.6908423900604248
initial,8,1,2.8172249794006348,0.11861399561166763,0.1009100079536438,0.0,0.0,0.1009100079536438,-0.5530967712402344,0.0,0.0,-0.5530967712402344,0.4779386520385742,0.0,0.0,0.4779386520385742,-0.6907766461372375,0.0,0.0,-0.6907766461372375
initial,9,0,2.830270290374756,0.1190592423081398,-0.14890119433403015,0.0,0.0,-0.14890119433403015,-0.3387928009033203,0.0,0.0,-0.3387928009033203,0.5234648585319519,0.0,0.0,0.5234648585319519,-0.8216506242752075,0.0,0.0,-0.8216506242752075
initial,9,1,2.8303070068359375,0.11912074685096741,-0.14885970950126648,0.0,0.0,-0.14885970950126648,-0.33868470788002014,0.0,0.0,-0.33868470788002014,0.5236693024635315,0.0,0.0,0.5236693024635315,-0.8216546773910522,0.0,0.0,-0.8216546773910522
initial,10,0,2.845625400543213,0.12755326926708221,-0.16197682917118073,0.0,0.0,-0.16197682917118073,-0.345002144575119,0.0,0.0,-0.345002144575119,0.37443605065345764,0.0,0.0,0.37443605065345764,-0.8737007975578308,0.0,0.0,-0.8737007975578308
initial,10,1,2.8456737995147705,0.1274435669183731,-0.16445082426071167,0.0,0.0,-0.16445082426071167,-0.3464944064617157,0.0,0.0,-0.3464944064617157,0.3767928183078766,0.0,0.0,0.3767928183078766,-0.8729908466339111,0.0,0.0,-0.8729908466339111
initial,11,0,2.863682746887207,0.14882716536521912,-0.24321793019771576,0.0,0.0,-0.24321793019771576,-0.3624713718891144,0.0,0.0,-0.3624713718891144,0.2320202738046646,0.0,0.0,0.2320202738046646,-0.831898033618927,0.0,0.0,-0.831898033618927
initial,11,1,2.8637468814849854,0.14862075448036194,-0.24854879081249237,0.0,0.0,-0.24854879081249237,-0.37376394867897034,0.0,0.0,-0.37376394867897034,0.23480074107646942,0.0,0.0,0.23480074107646942,-0.8337069749832153,0.0,0.0,-0.8337069749832153
initial,12,0,2.8849098682403564,0.19245418906211853,-0.16524772346019745,0.0,0.0,-0.16524772346019745,-0.3951902687549591,0.0,0.0,-0.3951902687549591,0.03362191468477249,0.0,0.0,0.03362191468477249,-0.7070763111114502,0.0,0.0,-0.7070763111114502
initial,12,1,2.8849804401397705,0.19221116602420807,-0.17825181782245636,0.0,0.0,-0.17825181782245636,-0.3819963335990906,0.0,0.0,-0.3819963335990906,0.03403893858194351,0.0,0.0,0.03403893858194351,-0.7091643810272217,0.0,0.0,-0.7091643810272217
initial,13,0,2.9177331924438477,0.2531166672706604,0.13748136162757874,0.0,0.0,0.13748136162757874,-0.4454911947250366,0.0,0.0,-0.4454911947250366,-0.2002648264169693,0.0,0.0,-0.2002648264169693,-0.39711421728134155,0.0,0.0,-0.39711421728134155
initial,13,1,2.917842149734497,0.25297147035598755,0.1380486935377121,0.0,0.0,0.1380486935377121,-0.44521963596343994,0.0,0.0,-0.44521963596343994,-0.20387974381446838,0.0,0.0,-0.20387974381446838,-0.3947717845439911,0.0,0.0,-0.3947717845439911
initial,14,0,2.9614217281341553,0.3126974105834961,0.550801694393158,0.0,0.0,0.550801694393158,-0.8893862366676331,0.0,0.0,-0.8893862366676331,-0.1535022258758545,0.0,0.0,-0.1535022258758545,0.01836940459907055,0.0,0.0,0.01836940459907055
initial,14,1,2.9616618156433105,0.31262338161468506,0.5493367314338684,0.0,0.0,0.5493367314338684,-0.8897577524185181,0.0,0.0,-0.8897577524185181,-0.16111144423484802,0.0,0.0,-0.16111144423484802,0.027002602815628052,0.0,0.0,0.027002602815628052
initial,15,0,3.0077595710754395,0.37352845072746277,0.8131046295166016,0.0,0.0,0.8131046295166016,-0.9773955345153809,0.0,0.0,-0.9773955345153809,-0.3144751191139221,0.0,0.0,-0.3144751191139221,-0.0904952883720398,0.0,0.0,-0.0904952883720398
initial,15,1,3.007859945297241,0.3731533885002136,0.8104814887046814,0.0,0.0,0.8104814887046814,-0.9787873029708862,0.0,0.0,-0.9787873029708862,-0.3209800124168396,0.0,0.0,-0.3209800124168396,-0.09828325361013412,0.0,0.0,-0.09828325361013412
initial,16,0,3.0491418838500977,0.42480191588401794,0.8694320321083069,0.0,0.0,0.8694320321083069,-0.9677205085754395,0.0,0.0,-0.9677205085754395,-0.4060228168964386,0.0,0.0,-0.4060228168964386,-0.3430882692337036,0.0,0.0,-0.3430882692337036
initial,16,1,3.049067258834839,0.4237391948699951,0.8709996938705444,0.0,0.0,0.8709996938705444,-0.9726057052612305,0.0,0.0,-0.9726057052612305,-0.3991309404373169,0.0,0.0,-0.3991309404373169,-0.342986136674881,0.0,0.0,-0.342986136674881
initial,17,0,3.084388256072998,0.4573872685432434,0.874142050743103,0.0,0.0,0.874142050743103,-0.953162670135498,0.0,0.0,-0.953162670135498,-0.14847970008850098,0.0,0.0,-0.14847970008850098,-0.37638160586357117,0.0,0.0,-0.37638160586357117
initial,17,1,3.084892749786377,0.4576345980167389,0.8326876163482666,0.0,0.0,0.8326876163482666,-0.9613434672355652,0.0,0.0,-0.9613434672355652,-0.15621311962604523,0.0,0.0,-0.15621311962604523,-0.34390756487846375,0.0,0.0,-0.34390756487846375
initial,18,0,3.1184301376342773,0.474278062582016,0.8431455492973328,0.0,0.0,0.8431455492973328,-0.9360483884811401,0.0,0.0,-0.9360483884811401,0.26118168234825134,0.0,0.0,0.26118168234825134,-0.4238394498825073,0.0,0.0,-0.4238394498825073
initial,18,1,3.1199958324432373,0.47814327478408813,0.8251445293426514,0.0,0.0,0.8251445293426514,-0.9457067847251892,0.0,0.0,-0.9457067847251892,0.2153262346982956,0.0,0.0,0.2153262346982956,-0.385853111743927,0.0,0.0,-0.385853111743927
initial,19,0,3.152130603790283,0.4819020628929138,0.8085018992424011,0.0,0.0,0.8085018992424011,-0.919141948223114,0.0,0.0,-0.919141948223114,0.44359830021858215,0.0,0.0,0.44359830021858215,-0.5034770965576172,0.0,0.0,-0.5034770965576172
initial,19,1,3.1551997661590576,0.48861879110336304,0.7559280395507812,0.0,0.0,0.7559280395507812,-0.9328691959381104,0.0,0.0,-0.9328691959381104,0.41505709290504456,0.0,0.0,0.41505709290504456,-0.44118955731391907,0.0,0.0,-0.44118955731391907
initial,20,0,3.1849846839904785,0.4853067100048065,0.7946959137916565,0.0,0.0,0.7946959137916565,-0.889516294002533,0.0,0.0,-0.889516294002533,0.5895334482192993,0.0,0.0,0.5895334482192993,-0.596675455570221,0.0,0.0,-0.596675455570221
initial,20,1,3.1890950202941895,0.4930616021156311,0.7386277914047241,0.0,0.0,0.7386277914047241,-0.9103203415870667,0.0,0.0,-0.9103203415870667,0.5185734629631042,0.0,0.0,0.5185734629631042,-0.5469569563865662,0.0,0.0,-0.5469569563865662
initial,21,0,3.217318296432495,0.4890766441822052,0.7782500386238098,0.0,0.0,0.7782500386238098,-0.8501918315887451,0.0,0.0,-0.8501918315887451,0.7111566662788391,0.0,0.0,0.7111566662788391,-0.6761089563369751,0.0,0.0,-0.6761089563369751
initial,21,1,3.2221925258636475,0.4952838122844696,0.7041423320770264,0.0,0.0,0.7041423320770264,-0.8648573756217957,0.0,0.0,-0.8648573756217957,0.6625016927719116,0.0,0.0,0.6625016927719116,-0.6209402084350586,0.0,0.0,-0.6209402084350586
initial,22,0,3.2508814334869385,0.4965934753417969,0.766488790512085,0.0,0.0,0.766488790512085,-0.8087495565414429,0.0,0.0,-0.8087495565414429,0.7620953321456909,0.0,0.0,0.7620953321456909,-0.683912456035614,0.0,0.0,-0.683912456035614
initial,22,1,3.2556657791137695,0.4995691478252411,0.696816623210907,0.0,0.0,0.696816623210907,-0.8353340029716492,0.0,0.0,-0.8353340029716492,0.7312929630279541,0.0,0.0,0.7312929630279541,-0.6600229740142822,0.0,0.0,-0.6600229740142822
initial,23,0,3.2865188121795654,0.5061236619949341,0.7394736409187317,0.0,0.0,0.7394736409187317,-0.7617468237876892,0.0,0.0,-0.7617468237876892,0.7803983092308044,0.0,0.0,0.7803983092308044,-0.6503123641014099,0.0,0.0,-0.6503123641014099
initial,23,1,3.2908594608306885,0.5060691833496094,0.7403473854064941,0.0,0.0,0.7403473854064941,-0.8260124325752258,0.0,0.0,-0.8260124325752258,0.7496365904808044,0.0,0.0,0.7496365904808044,-0.634300172328949,0.0,0.0,-0.634300172328949
initial,24,0,3.323716402053833,0.5156064629554749,0.7705994844436646,0.0,0.0,0.7705994844436646,-0.7695286273956299,0.0,0.0,-0.7695286273956299,0.7779518961906433,0.0,0.0,0.7779518961906433,-0.6221711039543152,0.0,0.0,-0.6221711039543152
initial,24,1,3.327232599258423,0.5123721361160278,0.7360606789588928,0.0,0.0,0.7360606789588928,-0.807119607925415,0.0,0.0,-0.807119607925415,0.7539864778518677,0.0,0.0,0.7539864778518677,-0.6226909756660461,0.0,0.0,-0.6226909756660461
initial,25,0,3.3619751930236816,0.5252557396888733,0.7936128973960876,0.0,0.0,0.7936128973960876,-0.7740550637245178,0.0,0.0,-0.7740550637245178,0.7552427649497986,0.0,0.0,0.7552427649497986,-0.5895354151725769,0.0,0.0,-0.5895354151725769
initial,25,1,3.3653197288513184,0.5196654796600342,0.7130547761917114,0.0,0.0,0.7130547761917114,-0.7634842991828918,0.0,0.0,-0.7634842991828918,0.7096557021141052,0.0,0.0,0.7096557021141052,-0.5608714818954468,0.0,0.0,-0.5608714818954468
initial,26,0,3.400512456893921,0.5342355370521545,0.7971564531326294,0.0,0.0,0.7971564531326294,-0.7807697653770447,0.0,0.0,-0.7807697653770447,0.7494847774505615,0.0,0.0,0.7494847774505615,-0.5739387273788452,0.0,0.0,-0.5739387273788452
initial,26,1,3.4030117988586426,0.5252874493598938,0.4240180253982544,0.0,0.0,0.4240180253982544,-0.56956547498703,0.0,0.0,-0.56956547498703,0.6372522711753845,0.0,0.0,0.6372522711753845,-0.5596057772636414,0.0,0.0,-0.5596057772636414
initial,27,0,3.4390156269073486,0.5427666306495667,0.807927131652832,0.0,0.0,0.807927131652832,-0.7577571868896484,0.0,0.0,-0.7577571868896484,0.7273274064064026,0.0,0.0,0.7273274064064026,-0.5562049150466919,0.0,0.0,-0.5562049150466919
initial,27,1,3.4405767917633057,0.5291110873222351,0.6181327700614929,0.0,0.0,0.6181327700614929,-0.5899871587753296,0.0,0.0,-0.5899871587753296,0.6108846664428711,0.0,0.0,0.6108846664428711,-0.5306212902069092,0.0,0.0,-0.5306212902069092
initial,28,0,3.477421283721924,0.5507141351699829,0.7994641065597534,0.0,0.0,0.7994641065597534,-0.7373281717300415,0.0,0.0,-0.7373281717300415,0.699171781539917,0.0,0.0,0.699171781539917,-0.5369459390640259,0.0,0.0,-0.5369459390640259
initial,28,1,3.4789514541625977,0.5294966101646423,0.7114505171775818,0.0,0.0,0.7114505171775818,-0.6955476999282837,0.0,0.0,-0.6955476999282837,0.6551951169967651,0.0,0.0,0.6551951169967651,-0.5100514888763428,0.0,0.0,-0.5100514888763428
initial,29,0,3.5153470039367676,0.5569590330123901,0.7928932309150696,0.0,0.0,0.7928932309150696,-0.7390624284744263,0.0,0.0,-0.7390624284744263,0.683750331401825,0.0,0.0,0.683750331401825,-0.5334364771842957,0.0,0.0,-0.5334364771842957
initial,29,1,3.519137144088745,0.5289861559867859,0.620252251625061,0.0,0.0,0.620252251625061,-0.589871883392334,0.0,0.0,-0.589871883392334,0.6482539176940918,0.0,0.0,0.6482539176940918,-0.41795411705970764,0.0,0.0,-0.41795411705970764
initial,30,0,3.5528783798217773,0.5619299411773682,0.7828450798988342,0.0,0.0,0.7828450798988342,-0.6797049045562744,0.0,0.0,-0.6797049045562744,0.6428281664848328,0.0,0.0,0.6428281664848328,-0.5162243247032166,0.0,0.0,-0.5162243247032166
initial,30,1,3.557358741760254,0.5248860716819763,0.7069519758224487,0.0,0.0,0.7069519758224487,-0.6526733040809631,0.0,0.0,-0.6526733040809631,0.5463601350784302,0.0,0.0,0.5463601350784302,-0.46084269881248474,0.0,0.0,-0.46084269881248474
initial,31,0,3.590099811553955,0.5648822784423828,0.7711818814277649,0.0,0.0,0.7711818814277649,-0.6701474785804749,0.0,0.0,-0.6701474785804749,0.6161583662033081,0.0,0.0,0.6161583662033081,-0.5059242248535156,0.0,0.0,-0.5059242248535156
initial,31,1,3.593204975128174,0.5209130644798279,0.7468619346618652,0.0,0.0,0.7468619346618652,-0.7056131362915039,0.0,0.0,-0.7056131362915039,0.33150362968444824,0.0,0.0,0.33150362968444824,-0.4263343811035156,0.0,0.0,-0.4263343811035156
initial,32,0,3.627372980117798,0.5658365488052368,0.7748929858207703,0.0,0.0,0.7748929858207703,-0.6703915596008301,0.0,0.0,-0.6703915596008301,0.5913103222846985,0.0,0.0,0.5913103222846985,-0.4857947528362274,0.0,0.0,-0.4857947528362274
initial,32,1,3.6300761699676514,0.5170584917068481,0.4269886612892151,0.0,0.0,0.4269886612892151,-0.5892363786697388,0.0,0.0,-0.5892363786697388,0.2786298096179962,0.0,0.0,0.2786298096179962,-0.3342861235141754,0.0,0.0,-0.3342861235141754
initial,33,0,3.665292978286743,0.5652295351028442,0.6929695010185242,0.0,0.0,0.6929695010185242,-0.5046607255935669,0.0,0.0,-0.5046607255935669,0.5842145085334778,0.0,0.0,0.5842145085334778,-0.4432544708251953,0.0,0.0,-0.4432544708251953
initial,33,1,3.6666958332061768,0.5182912349700928,0.13836202025413513,0.0,0.0,0.13836202025413513,-0.3962598741054535,0.0,0.0,-0.3962598741054535,0.01894357055425644,0.0,0.0,0.01894357055425644,-0.2307962328195572,0.0,0.0,-0.2307962328195572
initial,34,0,3.7026522159576416,0.5616687536239624,0.6915635466575623,0.0,0.0,0.6915635466575623,-0.49425506591796875,0.0,0.0,-0.49425506591796875,0.5355650782585144,0.0,0.0,0.5355650782585144,-0.4486594498157501,0.0,0.0,-0.4486594498157501
initial,34,1,3.7043702602386475,0.52327561378479,0.12000510841608047,0.0,0.0,0.12000510841608047,-0.4100889265537262,0.0,0.0,-0.4100889265537262,-0.2082870900630951,0.0,0.0,-0.2082870900630951,-0.09209320694208145,0.0,0.0,-0.09209320694208145
initial,35,0,3.739579200744629,0.5560485124588013,0.68402498960495,0.0,0.0,0.68402498960495,-0.4593084752559662,0.0,0.0,-0.4593084752559662,0.48632892966270447,0.0,0.0,0.48632892966270447,-0.4219880998134613,0.0,0.0,-0.4219880998134613
initial,35,1,3.7419931888580322,0.5257178544998169,-0.054952993988990784,0.0,0.0,-0.054952993988990784,-0.5152031779289246,0.0,0.0,-0.5152031779289246,-0.43314430117607117,0.0,0.0,-0.43314430117607117,-0.07776334136724472,0.0,0.0,-0.07776334136724472
initial,36,0,3.7765181064605713,0.5490382313728333,0.6759054064750671,0.0,0.0,0.6759054064750671,-0.4360787868499756,0.0,0.0,-0.4360787868499756,0.42513784766197205,0.0,0.0,0.42513784766197205,-0.3832835555076599,0.0,0.0,-0.3832835555076599
initial,36,1,3.779024124145508,0.5251460671424866,-0.0013158844085410237,0.0,0.0,-0.0013158844085410237,-0.584893524646759,0.0,0.0,-0.584893524646759,-0.6642038822174072,0.0,0.0,-0.6642038822174072,-0.015924058854579926,0.0,0.0,-0.015924058854579926
initial,37,0,3.8126935958862305,0.5400891900062561,0.6896404027938843,0.0,0.0,0.6896404027938843,-0.4607974588871002,0.0,0.0,-0.4607974588871002,0.31961530447006226,0.0,0.0,0.31961530447006226,-0.3654707372188568,0.0,0.0,-0.3654707372188568
initial,37,1,3.81569242477417,0.5168894529342651,-0.1709495633840561,0.0,0.0,-0.1709495633840561,-0.6044469475746155,0.0,0.0,-0.6044469475746155,-0.796273410320282,0.0,0.0,-0.796273410320282,-0.03286357596516609,0.0,0.0,-0.03286357596516609
initial,38,0,3.848250389099121,0.5313769578933716,0.6808253526687622,0.0,0.0,0.6808253526687622,-0.47553181648254395,0.0,0.0,-0.47553181648254395,0.19936896860599518,0.0,0.0,0.19936896860599518,-0.30631476640701294,0.0,0.0,-0.30631476640701294
initial,38,1,3.85248064994812,0.49465882778167725,-0.2370273619890213,0.0,0.0,-0.2370273619890213,-0.6180823445320129,0.0,0.0,-0.6180823445320129,-0.8035195469856262,0.0,0.0,-0.8035195469856262,-0.08973080664873123,0.0,0.0,-0.08973080664873123
initial,39,0,3.8826496601104736,0.5239246487617493,0.6428831815719604,0.0,0.0,0.6428831815719604,-0.48507601022720337,0.0,0.0,-0.48507601022720337,0.022252652794122696,0.0,0.0,0.022252652794122696,-0.25378698110580444,0.0,0.0,-0.25378698110580444
initial,39,1,3.8895301818847656,0.4627796709537506,-0.30902963876724243,0.0,0.0,-0.30902963876724243,-0.6278160214424133,0.0,0.0,-0.6278160214424133,-0.7889521718025208,0.0,0.0,-0.7889521718025208,-0.07163676619529724,0.0,0.0,-0.07163676619529724
initial,40,0,3.9174273014068604,0.5172004699707031,0.6161218285560608,0.0,0.0,0.6161218285560608,-0.5135725736618042,0.0,0.0,-0.5135725736618042,-0.14295250177383423,0.0,0.0,-0.14295250177383423,-0.16027171909809113,0.0,0.0,-0.16027171909809113
initial,40,1,3.9274251461029053,0.4203077554702759,-0.35093048214912415,0.0,0.0,-0.35093048214912415,-0.6039215326309204,0.0,0.0,-0.6039215326309204,-0.7543079257011414,0.0,0.0,-0.7543079257011414,-0.137803852558136,0.0,0.0,-0.137803852558136
initial,41,0,3.952578067779541,0.5098065137863159,0.5788257122039795,0.0,0.0,0.5788257122039795,-0.5179980993270874,0.0,0.0,-0.5179980993270874,-0.35603415966033936,0.0,0.0,-0.35603415966033936,-0.09503068774938583,0.0,0.0,-0.09503068774938583
initial,41,1,3.9658572673797607,0.370124489068985,-0.3515380620956421,0.0,0.0,-0.3515380620956421,-0.5752736926078796,0.0,0.0,-0.5752736926078796,-0.6742067933082581,0.0,0.0,-0.6742067933082581,-0.13721491396427155,0.0,0.0,-0.13721491396427155
initial,42,0,3.987391948699951,0.5012975335121155,0.6304487586021423,0.0,0.0,0.6304487586021423,-0.526306688785553,0.0,0.0,-0.526306688785553,-0.577446699142456,0.0,0.0,-0.577446699142456,-0.03141528367996216,0.0,0.0,-0.03141528367996216
initial,42,1,4.004582405090332,0.315234899520874,-0.3774232566356659,0.0,0.0,-0.3774232566356659,-0.5066479444503784,0.0,0.0,-0.5066479444503784,-0.6038739085197449,0.0,0.0,-0.6038739085197449,-0.15597538650035858,0.0,0.0,-0.15597538650035858
initial,43,0,4.022392749786377,0.48283150792121887,0.614508867263794,0.0,0.0,0.614508867263794,-0.5106676816940308,0.0,0.0,-0.5106676816940308,-0.7290145754814148,0.0,0.0,-0.7290145754814148,-0.09042015671730042,0.0,0.0,-0.09042015671730042
initial,43,1,4.038355350494385,0.28436359763145447,-0.3641310930252075,0.0,0.0,-0.3641310930252075,-0.4290390610694885,0.0,0.0,-0.4290390610694885,-0.525696873664856,0.0,0.0,-0.525696873664856,-0.19184893369674683,0.0,0.0,-0.19184893369674683
initial,44,0,4.058426380157471,0.4503379762172699,0.5982422828674316,0.0,0.0,0.5982422828674316,-0.5287361741065979,0.0,0.0,-0.5287361741065979,-0.7026835680007935,0.0,0.0,-0.7026835680007935,-0.13549306988716125,0.0,0.0,-0.13549306988716125
initial,45,0,4.095785140991211,0.40587538480758667,0.5646522045135498,0.0,0.0,0.5646522045135498,-0.5405237078666687,0.0,0.0,-0.5405237078666687,-0.6079326868057251,0.0,0.0,-0.6079326868057251,-0.17598825693130493,0.0,0.0,-0.17598825693130493
initial,46,0,4.133640289306641,0.3556319773197174,0.5562916398048401,0.0,0.0,0.5562916398048401,-0.5190789103507996,0.0,0.0,-0.5190789103507996,-0.45871448516845703,0.0,0.0,-0.45871448516845703,-0.16511498391628265,0.0,0.0,-0.16511498391628265
initial,47,0,4.1717119216918945,0.3014746904373169,0.5158944129943848,0.0,0.0,0.5158944129943848,-0.4364411532878876,0.0,0.0,-0.4364411532878876,-0.3591139316558838,0.0,0.0,-0.3591139316558838,-0.17978592216968536,0.0,0.0,-0.17978592216968536
batch_0001,0,0,2.539795160293579,0.14856070280075073,-0.8977648019790649,-0.004752495791763067,-0.004752516746520996,-0.9025173187255859,-0.4166301488876343,0.11321023851633072,0.11321023106575012,-0.30341991782188416,-0.5685432553291321,-0.04571658372879028,-0.04571658372879028,-0.6142598390579224,0.9489665031433105,0.008012478239834309,0.008012473583221436,0.956978976726532
batch_0001,0,1,2.539825677871704,0.148507758975029,-0.8977648019790649,0.01564793474972248,0.015647947788238525,-0.8821168541908264,-0.4166301488876343,0.11928635090589523,0.11928635835647583,-0.29734379053115845,-0.5685432553291321,0.007352132815867662,0.007352113723754883,-0.5611911416053772,0.9489665031433105,0.017762023955583572,0.01776200532913208,0.9667285084724426
batch_0001,1,0,2.579850673675537,0.1425614058971405,-0.6513452529907227,-0.08877773582935333,-0.08877772092819214,-0.7401229739189148,-0.9117856025695801,0.11808047443628311,0.1180804967880249,-0.7937051057815552,-0.160191610455513,0.05593336001038551,0.055933356285095215,-0.10425825417041779,0.9595587849617004,-0.027102932333946228,-0.027102947235107422,0.932455837726593
batch_0001,1,1,2.579911231994629,0.14246727526187897,-0.6461926698684692,0.10930503904819489,0.10930502414703369,-0.5368876457214355,-0.9109135866165161,-0.0015128040686249733,-0.0015128254890441895,-0.9124264121055603,-0.15577740967273712,0.10620098561048508,0.10620098561048508,-0.049576424062252045,0.9594710469245911,-0.023987559601664543,-0.023987531661987305,0.9354835152626038
batch_0001,2,0,2.619960069656372,0.13291053473949432,-0.6969022154808044,0.1324356347322464,0.1324356198310852,-0.5644665956497192,-0.9623796343803406,0.12375233322381973,0.12375235557556152,-0.838627278804779,-0.2747298777103424,0.06402909010648727,0.06402909755706787,-0.21070078015327454,0.8782442212104797,0.009060611017048359,0.00906062126159668,0.8873048424720764
batch_0001,2,1,2.6199424266815186,0.132974773645401,-0.6811904311180115,-0.1307583749294281,-0.1307583451271057,-0.8119487762451172,-0.9631316065788269,0.0927349403500557,0.0927349328994751,-0.8703966736793518,-0.2822318375110626,-0.0482003353536129,-0.0482003390789032,-0.3304321765899658,0.8848762512207031,0.07397858798503876,0.07397860288619995,0.9588548541069031
batch_0001,3,0,2.6598105430603027,0.11999187618494034,-0.326019823551178,0.008276090025901794,0.008276104927062988,-0.317743718624115,-0.863676130771637,0.015762286260724068,0.015762269496917725,-0.8479138612747192,-0.6039488315582275,-0.10681132227182388,-0.10681134462356567,-0.7107601761817932,-0.05503702908754349,0.10908299684524536,0.10908299684524536,0.054045967757701874
batch_0001,3,1,2.6604983806610107,0.1166580393910408,-0.35785022377967834,0.14434029161930084,0.14434029161930084,-0.2135099321603775,-0.8646372556686401,-0.10121562331914902,-0.10121560096740723,-0.9658528566360474,-0.6261633634567261,-0.08305377513170242,-0.08305376768112183,-0.7092171311378479,-0.07437446713447571,-0.04301813989877701,-0.04301813989877701,-0.11739260703325272
batch_0001,4,0,2.6989057064056396,0.11846849322319031,-0.18574832379817963,-0.012261303141713142,-0.012261301279067993,-0.19800962507724762,-0.9188326597213745,0.002179006114602089,0.0021790266036987305,-0.9166536331176758,-0.3609432280063629,0.05931152403354645,0.05931153893470764,-0.3016316890716553,0.15482042729854584,-0.008178280666470528,-0.008178278803825378,0.14664214849472046
batch_0001,4,1,2.70038104057312,0.11951152235269547,-0.1596805304288864,-0.059601347893476486,-0.059601351618766785,-0.2192818820476532,-0.8606194853782654,-0.09877199679613113,-0.09877198934555054,-0.9593914747238159,-0.4837404489517212,0.056268081068992615,0.05626809597015381,-0.4274723529815674,0.36475521326065063,0.06867476552724838,0.06867477297782898,0.4334299862384796
batch_0001,5,0,2.7362070083618164,0.11847411096096039,-0.03209613263607025,-0.08367002755403519,-0.08367002755403519,-0.11576616019010544,-0.701418399810791,0.13122938573360443,0.13122940063476562,-0.5701889991760254,-0.45673948526382446,-0.011203242465853691,-0.011203229427337646,-0.4679427146911621,-0.16074296832084656,-0.027698775753378868,-0.02769877016544342,-0.18844173848628998
batch_0001,5,1,2.738795518875122,0.11860094219446182,-0.13997016847133636,0.014326001517474651,0.014326006174087524,-0.12564416229724884,-0.7608967423439026,-0.045582033693790436,-0.04558205604553223,-0.8064787983894348,-0.21191073954105377,-0.011881254613399506,-0.011881247162818909,-0.22379198670387268,-0.3763398826122284,0.01668977178633213,0.016689777374267578,-0.3596501052379608
batch_0001,6,0,2.772238254547119,0.11894437670707703,0.2699050307273865,-0.05249568819999695,-0.05249568819999695,0.21740934252738953,-0.6771896481513977,-0.1068386361002922,-0.1068386435508728,-0.7840282917022705,0.11452634632587433,-0.06300926208496094,-0.06300926208496094,0.05151708424091339,-0.19327029585838318,-0.08958138525485992,-0.08958140015602112,-0.2828516960144043
batch_0001,6,1,2.7760822772979736,0.11872465163469315,-0.10901390016078949,0.1238313838839531,0.1238313838839531,0.014817483723163605,-0.6199038028717041,0.1004553809762001,0.1004554033279419,-0.5194483995437622,-0.09561509639024734,0.12918952107429504,0.12918952107429504,0.0335744246840477,-0.46696025133132935,0.10673048347234726,0.10673049092292786,-0.3602297604084015
batch_0001,7,0,2.808626651763916,0.11888210475444794,0.19730250537395477,0.1204477921128273,0.1204477995634079,0.31775030493736267,-0.718891978263855,-0.09012860059738159,-0.09012860059738159,-0.8090205788612366,0.1618136614561081,-0.08327502012252808,-0.08327502012252808,0.07853864133358002,-0.45756348967552185,0.07664930820465088,0.07664930820465088,-0.38091418147087097
batch_0001,7,1,2.8079702854156494,0.11817484349012375,0.22420890629291534,0.01546249259263277,0.015462487936019897,0.23967139422893524,-0.716229259967804,-0.0745864138007164,-0.07458639144897461,-0.7908156514167786,0.20012167096138,0.058834463357925415,0.058834463357925415,0.2589561343193054,-0.5598145127296448,0.05878046527504921,0.0587804913520813,-0.5010340213775635
batch_0001,8,0,2.8418335914611816,0.11875814199447632,0.03562004864215851,-0.01463231723755598,-0.014632318168878555,0.020987730473279953,-0.7538273334503174,-0.001803412800654769,-0.0018033981323242188,-0.7556307315826416,0.36310961842536926,-0.05433501675724983,-0.05433502793312073,0.30877459049224854,-0.4697411358356476,-0.06710217893123627,-0.06710216403007507,-0.5368432998657227
batch_0001,8,1,2.8347604274749756,0.11860285699367523,-0.053183067589998245,0.13895918428897858,0.13895918428897858,0.08577612042427063,-0.5425087213516235,0.0920097678899765,0.0920097827911377,-0.45049893856048584,0.4293491542339325,-0.10420338809490204,-0.10420337319374084,0.32514578104019165,-0.6800219416618347,-0.10700984299182892,-0.10700982809066772,-0.7870317697525024
batch_0001,9,0,2.8643970489501953,0.11757304519414902,-0.1807018518447876,-0.13533568382263184,-0.13533568382263184,-0.31603753566741943,-0.6517124176025391,0.08982238918542862,0.08982241153717041,-0.5618900060653687,0.583262026309967,0.10277887433767319,0.1027788519859314,0.6860408782958984,-0.6396334171295166,0.09450238943099976,0.09450238943099976,-0.5451310276985168
batch_0001,9,1,2.858424663543701,0.11786897480487823,0.05366549640893936,0.05092226341366768,0.05092226713895798,0.10458776354789734,-0.5227325558662415,0.05234934017062187,0.05234932899475098,-0.4703832268714905,0.5456294417381287,0.012822956778109074,0.012822985649108887,0.5584524273872375,-0.7758382558822632,-0.10670369863510132,-0.10670369863510132,-0.8825419545173645
batch_0001,10,0,2.8778295516967773,0.12256118655204773,-0.25171178579330444,-0.0400969535112381,-0.040096938610076904,-0.29180872440338135,-0.11194419115781784,-0.028897034004330635,-0.028897039592266083,-0.14084123075008392,0.5690920352935791,-0.056349895894527435,-0.056349873542785645,0.5127421617507935,-0.8689896464347839,0.07669758051633835,0.07669758796691895,-0.792292058467865
batch_0001,10,1,2.8760886192321777,0.11898666620254517,-0.2940191626548767,0.00900949351489544,0.009009480476379395,-0.2850096821784973,-0.2437492161989212,0.06782420724630356,0.06782419979572296,-0.17592501640319824,0.5827229619026184,0.09299718588590622,0.09299719333648682,0.6757201552391052,-0.865324854850769,0.12342926114797592,0.12342923879623413,-0.7418956160545349
batch_0001,11,0,2.8937816619873047,0.1438581943511963,-0.10419438034296036,-0.12232042849063873,-0.12232043594121933,-0.2265148162841797,-0.2602026164531708,-0.1230596974492073,-0.12305968999862671,-0.3832623064517975,0.27064287662506104,-0.07455204427242279,-0.07455204427242279,0.19609083235263824,-0.8604557514190674,0.05427570268511772,0.054275691509246826,-0.8061800599098206
batch_0001,11,1,2.89422607421875,0.13406896591186523,-0.1367424726486206,-0.08111496269702911,-0.08111496269702911,-0.21785743534564972,-0.01709700934588909,-0.028636539354920387,-0.028636539354920387,-0.04573354870080948,0.4347209632396698,-0.019214507192373276,-0.019214510917663574,0.4155064523220062,-0.8798404335975647,0.056251201778650284,0.05625122785568237,-0.8235892057418823
batch_0001,12,0,2.9127273559570312,0.19914206862449646,-0.11133043467998505,-0.13530685007572174,-0.13530685007572174,-0.2466372847557068,-0.36460891366004944,0.04487594589591026,0.04487594962120056,-0.3197329640388489,-0.14322176575660706,0.0772356167435646,0.0772356167435646,-0.06598614901304245,-0.7262166142463684,-0.06568194180727005,-0.06568193435668945,-0.7918985486030579
batch_0001,12,1,2.9184327125549316,0.18920376896858215,0.08090724796056747,0.13334523141384125,0.13334521651268005,0.21425247192382812,-0.4059318006038666,0.07838723063468933,0.07838723063468933,-0.32754456996917725,-0.2063620239496231,-0.07585709542036057,-0.07585708796977997,-0.2822191119194031,-0.7094303965568542,0.09595143049955368,0.09595143795013428,-0.61347895860672
batch_0001,13,0,2.943113327026367,0.26842984557151794,0.05368676781654358,0.11792468279600143,0.11792469024658203,0.1716114580631256,-0.35516414046287537,-0.03822321072220802,-0.038223206996917725,-0.3933873474597931,-0.23799046874046326,-0.11068601161241531,-0.11068600416183472,-0.348676472902298,-0.3943040370941162,-0.11900462210178375,-0.11900460720062256,-0.5133086442947388
batch_0001,13,1,2.9528467655181885,0.2512718439102173,0.11661790311336517,0.10318316519260406,0.10318316519260406,0.21980106830596924,-0.3488231897354126,-0.005275558214634657,-0.005275547504425049,-0.35409873723983765,-0.10363581776618958,-0.061615537852048874,-0.06161554157733917,-0.16525135934352875,-0.3942580819129944,-0.06781824678182602,-0.06781825423240662,-0.462076336145401
batch_0001,14,0,2.9829940795898438,0.328006774187088,0.5618852972984314,-0.06858842074871063,-0.06858843564987183,0.49329686164855957,-0.8587998151779175,0.01074327901005745,0.010743260383605957,-0.8480565547943115,-0.3216758370399475,0.08064280450344086,0.08064280450344086,-0.24103303253650665,0.07101327925920486,0.05287088081240654,0.05287087708711624,0.1238841563463211
batch_0001,14,1,2.9949607849121094,0.309908002614975,0.4961066246032715,0.11563006043434143,0.11563003063201904,0.6117366552352905,-0.8620939254760742,0.03140045702457428,0.031400442123413086,-0.8306934833526611,-0.20970037579536438,0.1091427281498909,0.1091427281498909,-0.10055764764547348,0.12748853862285614,0.02626633271574974,0.02626633644104004,0.15375487506389618
batch_0001,15,0,3.027411937713623,0.3910273313522339,0.7829475998878479,0.12866505980491638,0.128665030002594,0.9116126298904419,-0.9784409999847412,0.004824185743927956,0.004824161529541016,-0.9736168384552002,-0.44672873616218567,-0.12901203334331512,-0.12901201844215393,-0.5757407546043396,-0.08800433576107025,0.06780524551868439,0.06780524551868439,-0.020199090242385864
batch_0001,15,1,3.0423521995544434,0.3748621642589569,0.8227646350860596,0.13047367334365845,0.13047367334365845,0.953238308429718,-0.9329551458358765,0.06163869425654411,0.061638712882995605,-0.8713164329528809,-0.5630667209625244,0.11511456221342087,0.11511456966400146,-0.44795215129852295,0.02935970388352871,0.03008493408560753,0.03008493222296238,0.05944463610649109
batch_0001,16,0,3.0674479007720947,0.450213760137558,0.8640086650848389,0.11708882451057434,0.11708879470825195,0.9810974597930908,-0.9807190299034119,0.017936479300260544,0.01793646812438965,-0.9627825617790222,-0.5213255882263184,0.07978825271129608,0.07978826761245728,-0.4415373206138611,-0.37903472781181335,0.004997784271836281,0.0049977898597717285,-0.3740369379520416
batch_0001,16,1,3.0853683948516846,0.4339756369590759,0.9066480398178101,-0.04541339352726936,-0.04541337490081787,0.8612346649169922,-0.9287103414535522,0.05447886511683464,0.05447888374328613,-0.8742314577102661,-0.6559826135635376,-0.017589988186955452,-0.017589986324310303,-0.6735725998878479,-0.28200316429138184,0.11669380962848663,0.11669380962848663,-0.1653093546628952
batch_0001,17,0,3.1048271656036377,0.5017115473747253,0.8304778933525085,-0.07062365859746933,-0.07062363624572754,0.759854257106781,-0.9472559094429016,-0.12009679526090622,-0.05274409055709839,-1.0,-0.2585064768791199,0.1422434002161026,0.1422434002161026,-0.11626307666301727,-0.2769145965576172,0.14661262929439545,0.14661262929439545,-0.13030196726322174
batch_0001,17,1,3.1257882118225098,0.484569787979126,0.8853186368942261,0.01628962904214859,0.01628965139389038,0.9016082882881165,-0.8693597316741943,0.04208068177103996,0.042080700397491455,-0.8272790312767029,-0.5423991680145264,0.12413931638002396,0.12413930892944336,-0.418259859085083,-0.17207220196723938,0.08869065344333649,0.08869065344333649,-0.0833815485239029
batch_0001,18,0,3.1416380405426025,0.5475805997848511,0.8341940641403198,0.02505088783800602,0.025050878524780273,0.8592449426651001,-0.9371328949928284,0.031255196779966354,0.03125518560409546,-0.9058777093887329,-0.19325973093509674,0.12059599906206131,0.12059599906206131,-0.07266373187303543,-0.29393115639686584,0.14797402918338776,0.14797402918338776,-0.1459571272134781
batch_0001,18,1,3.166344404220581,0.5320348739624023,0.8621746897697449,0.0796174556016922,0.079617440700531,0.9417921304702759,-0.8142021298408508,0.1344010978937149,0.1344010829925537,-0.6798010468482971,-0.45706507563591003,0.08583933860063553,0.08583933115005493,-0.3712257444858551,-0.09985621273517609,0.05503051355481148,0.05503051355481148,-0.04482569918036461
batch_0001,19,0,3.1771390438079834,0.5769728422164917,0.8508362174034119,-0.026866493746638298,-0.026866495609283447,0.8239697217941284,-0.9333368539810181,-0.007666619960218668,-0.007666647434234619,-0.9410035014152527,0.060250576585531235,0.10977625846862793,0.10977625846862793,0.17002683877944946,-0.2745770215988159,0.04415954276919365,0.04415954649448395,-0.23041747510433197
batch_0001,19,1,3.2060892581939697,0.5724062323570251,0.885285496711731,-0.13218393921852112,-0.13218390941619873,0.7531015872955322,-0.8109533190727234,0.12279292196035385,0.12279289960861206,-0.6881604194641113,-0.425712525844574,0.14167703688144684,0.14167702198028564,-0.28403550386428833,-0.028774971142411232,-0.03101080283522606,-0.031010804697871208,-0.05978577584028244
batch_0001,20,0,3.2117836475372314,0.6013842225074768,0.8002313375473022,0.04299923777580261,0.042999267578125,0.8432306051254272,-0.9060363173484802,-0.06902165710926056,-0.06902164220809937,-0.9750579595565796,0.2403564304113388,-0.09606865048408508,-0.09606865048408508,0.14428777992725372,-0.2919744849205017,0.08957429230213165,0.08957429230213165,-0.20240019261837006
batch_0001,20,1,3.245161533355713,0.6069521307945251,0.8702691197395325,0.08605910837650299,0.0860590934753418,0.9563282132148743,-0.7549957036972046,0.13284091651439667,0.13284093141555786,-0.6221547722816467,-0.39189645648002625,-0.032193660736083984,-0.032193660736083984,-0.42409011721611023,0.03534538298845291,-0.06652096658945084,-0.06652096658945084,-0.031175583600997925
batch_0001,21,0,3.2444980144500732,0.6123260855674744,0.7972443699836731,0.09018855541944504,0.09018856287002563,0.8874329328536987,-0.8886874318122864,0.007794922683387995,0.00779491662979126,-0.8808925151824951,0.26006773114204407,-0.039348259568214417,-0.039348259568214417,0.22071947157382965,-0.29071369767189026,-0.1282440423965454,-0.1282440423965454,-0.41895774006843567
batch_0001,21,1,3.2831547260284424,0.6320134401321411,0.8649308085441589,0.11973616480827332,0.11973613500595093,0.9846669435501099,-0.7402043342590332,0.09861024469137192,0.09861022233963013,-0.6415941119194031,-0.3836159408092499,0.05733824148774147,0.05733823776245117,-0.3262777030467987,0.05764833465218544,-0.13749736547470093,-0.13749736547470093,-0.07984903454780579
batch_0001,22,0,3.2757294178009033,0.6025410294532776,0.7546393275260925,0.0005087999743409455,0.0005087852478027344,0.7551481127738953,-0.8280657529830933,0.04487436264753342,0.044874370098114014,-0.7831913828849792,0.5310901999473572,0.06844472885131836,0.06844472885131836,0.5995349287986755,-0.3831404447555542,-0.07095316797494888,-0.07095316052436829,-0.4540936052799225
batch_0001,22,1,3.320690870285034,0.651608943939209,0.8746767044067383,-0.13891427218914032,-0.1389142870903015,0.7357624173164368,-0.7171095609664917,0.04231332987546921,0.042313337326049805,-0.6747962236404419,-0.29649364948272705,-0.0944502204656601,-0.09445023536682129,-0.39094388484954834,0.042912520468235016,-0.08096823841333389,-0.08096823841333389,-0.03805571794509888
batch_0001,23,0,3.304978609085083,0.5962087512016296,0.6523095965385437,0.011939896270632744,0.0119398832321167,0.6642494797706604,-0.6598051190376282,-0.0999332144856453,-0.0999332070350647,-0.7597383260726929,0.5946788787841797,-0.1335439532995224,-0.1335439682006836,0.4611349105834961,-0.46448981761932373,-0.05608725547790527,-0.05608725547790527,-0.520577073097229
batch_0001,23,1,3.3588616847991943,0.6701920032501221,0.87212735414505,-0.053544968366622925,-0.05354493856430054,0.8185824155807495,-0.679508626461029,0.06261227279901505,0.06261229515075684,-0.6168963313102722,-0.3627959191799164,0.07568301260471344,0.07568302750587463,-0.28711289167404175,0.11205964535474777,0.07453521341085434,0.07453521341085434,0.1865948587656021
batch_0001,24,0,3.337954044342041,0.5958137512207031,0.6593950390815735,-0.13483935594558716,-0.13483935594558716,0.5245556831359863,-0.5954705476760864,0.024363474920392036,0.024363458156585693,-0.5711070895195007,0.6972566843032837,-0.05336515232920647,-0.05336517095565796,0.6438915133476257,-0.4571762681007385,0.047373659908771515,0.04737365245819092,-0.4098026156425476
batch_0001,24,1,3.397151470184326,0.6855901479721069,0.8773694634437561,-0.05411753058433533,-0.05411750078201294,0.8232519626617432,-0.6578693389892578,-0.045501142740249634,-0.045501112937927246,-0.7033704519271851,-0.42406556010246277,0.05627128854393959,0.05627128481864929,-0.3677942752838135,0.11708461493253708,-0.06518208235502243,-0.06518208235502243,0.05190253257751465
batch_0001,25,0,3.3737246990203857,0.5957546234130859,0.6002752780914307,-0.052446186542510986,-0.052446186542510986,0.5478290915489197,-0.47298794984817505,0.0684175118803978,0.0684175193309784,-0.40457043051719666,0.6761282086372375,0.06406807154417038,0.06406807899475098,0.7401962876319885,-0.48999422788619995,0.052549343556165695,0.0525493323802948,-0.43744489550590515
batch_0001,25,1,3.434999465942383,0.6956921219825745,0.8823463320732117,-0.03668641299009323,-0.03668642044067383,0.8456599116325378,-0.6755486130714417,-0.09817897528409958,-0.09817898273468018,-0.7737275958061218,-0.4972509741783142,-0.09667729586362839,-0.09667730331420898,-0.5939282774925232,0.1499587744474411,-0.09521331638097763,-0.09521331638097763,0.05474545806646347
batch_0001,26,0,3.409954071044922,0.5966725945472717,0.6646996736526489,-0.005008482839912176,-0.0050084590911865234,0.6596912145614624,-0.45912468433380127,-0.07308894395828247,-0.07308894395828247,-0.5322136282920837,0.6110824942588806,0.12500207126140594,0.12500208616256714,0.7360845804214478,-0.44916340708732605,0.039073746651411057,0.03907373547554016,-0.4100896716117859
batch_0001,26,1,3.472520589828491,0.6999780535697937,0.8901199698448181,0.13016709685325623,0.10988003015518188,1.0,-0.6711037158966064,-0.08811171352863312,-0.08811169862747192,-0.7592154145240784,-0.5749659538269043,-0.02368267811834812,-0.02368265390396118,-0.5986486077308655,0.19162410497665405,-0.09021453559398651,-0.09021453559398651,0.10140956938266754
batch_0001,27,0,3.4467196464538574,0.6025886535644531,0.6201103329658508,-0.06390037387609482,-0.06390035152435303,0.5562099814414978,-0.33282819390296936,0.06398206949234009,0.06398206949234009,-0.2688461244106293,0.5326700806617737,0.037652596831321716,0.03765261173248291,0.5703226923942566,-0.4234609305858612,0.10985784977674484,0.10985785722732544,-0.31360307335853577
batch_0001,27,1,3.5098845958709717,0.6987205147743225,0.9035406708717346,-0.08178339898586273,-0.08178341388702393,0.8217572569847107,-0.6532710194587708,-0.10405910760164261,-0.10405910015106201,-0.7573301196098328,-0.5975039601325989,0.08284784853458405,0.08284783363342285,-0.514656126499176,0.16195368766784668,0.0424455925822258,0.042445600032806396,0.20439928770065308
batch_0001,28,0,3.4796292781829834,0.5993362069129944,0.6424420475959778,0.12452815473079681,0.12452816963195801,0.7669702172279358,-0.3721672594547272,-0.039028532803058624,-0.03902852535247803,-0.4111957848072052,0.48165613412857056,-0.022864755243062973,-0.02286475896835327,0.4587913751602173,-0.4237140119075775,-0.03210972994565964,-0.032109737396240234,-0.45582374930381775
batch_0001,28,1,3.5463032722473145,0.6844170689582825,0.8835155963897705,-0.07032360881567001,-0.07032358646392822,0.8131920099258423,-0.5963571071624756,0.015944473445415497,0.015944480895996094,-0.5804126262664795,-0.5810874700546265,0.07421108335256577,0.07421106100082397,-0.5068764090538025,-0.2586088478565216,-0.04637308791279793,-0.04637309908866882,-0.30498194694519043
batch_0001,29,0,3.5103254318237305,0.5890467166900635,0.5972456932067871,0.11689088493585587,0.11689090728759766,0.7141366004943848,-0.4244546890258789,0.07903314381837845,0.07903313636779785,-0.34542155265808105,0.5195990204811096,-0.04567550867795944,-0.04567551612854004,0.4739235043525696,-0.3580448031425476,-0.10346439480781555,-0.10346439480781555,-0.46150919795036316
batch_0001,29,1,3.581467628479004,0.6562603116035461,0.8613786697387695,-0.07725447416305542,-0.07725447416305542,0.7841241955757141,-0.5662809014320374,-0.09045390039682388,-0.09045392274856567,-0.656734824180603,-0.3004732131958008,-0.14287631213665009,-0.14287632703781128,-0.44334954023361206,-0.2677474021911621,0.1209217980504036,0.120921790599823,-0.1468256115913391
batch_0001,30,0,3.546431303024292,0.5828224420547485,0.5832673907279968,-0.05875181779265404,-0.058751821517944336,0.5245155692100525,-0.40249204635620117,-0.12089946120977402,-0.12089943885803223,-0.5233914852142334,0.5308737754821777,0.07721373438835144,0.07721376419067383,0.6080875396728516,-0.27498960494995117,0.07183308154344559,0.07183307409286499,-0.20315653085708618
batch_0001,30,1,3.6161396503448486,0.6159723997116089,0.8663794994354248,-0.14017467200756073,-0.14017468690872192,0.7262048125267029,-0.4567013084888458,0.061984557658433914,0.06198456883430481,-0.394716739654541,-0.0955873355269432,0.0979398638010025,0.0979398638010025,0.0023525282740592957,-0.27296239137649536,-0.03633812069892883,-0.03633812069892883,-0.3093005120754242
batch_0001,31,0,3.5812840461730957,0.5752143263816833,0.6002481579780579,-0.05883873999118805,-0.058838725090026855,0.541409432888031,-0.5631086230278015,-0.07762385904788971,-0.07762384414672852,-0.64073246717453,0.2619476914405823,0.048615917563438416,0.04861593246459961,0.3105636239051819,-0.34712231159210205,-0.09097960591316223,-0.09097960591316223,-0.4381019175052643
batch_0001,31,1,3.6526834964752197,0.5676619410514832,0.8349900841712952,0.06554372608661652,0.06554371118545532,0.9005337953567505,-0.3217287063598633,0.08248867094516754,0.08248867094516754,-0.23924003541469574,0.30217689275741577,-0.03531922027468681,-0.03531920909881592,0.26685768365859985,-0.20059999823570251,-0.0586635060608387,-0.058663517236709595,-0.2592635154724121
batch_0001,32,0,3.615478754043579,0.56878262758255,0.6026989221572876,-0.009795529767870903,-0.009795546531677246,0.5929033756256104,-0.5288534164428711,0.01896269991993904,0.01896268129348755,-0.5098907351493835,0.3152002990245819,-0.05546972528100014,-0.05546972155570984,0.25973057746887207,-0.19848276674747467,0.06802450865507126,0.06802450120449066,-0.130458265542984
batch_0001,32,1,3.6902167797088623,0.525087296962738,0.7981653213500977,-0.0501096174120903,-0.0501096248626709,0.7480556964874268,-0.0885641798377037,0.013179020956158638,0.013179019093513489,-0.07538516074419022,0.38214224576950073,-0.06042208895087242,-0.06042209267616272,0.321720153093338,-0.2814503312110901,0.029964249581098557,0.02996423840522766,-0.2514860928058624
batch_0001,33,0,3.650973081588745,0.5635088086128235,0.4766712486743927,0.06781939417123795,0.06781938672065735,0.54449063539505,-0.5019532442092896,-0.11356284469366074,-0.11356282234191895,-0.6155160665512085,0.02233053557574749,0.09362249076366425,0.09362249076366425,0.11595302820205688,-0.25819966197013855,0.03136688098311424,0.03136688470840454,-0.226832777261734
batch_0001,33,1,3.7266528606414795,0.4737395942211151,0.8233091831207275,-0.11197070777416229,-0.11197072267532349,0.711338460445404,-0.017624227330088615,0.07002826780080795,0.07002826780080795,0.05240403860807419,0.3704199194908142,0.015983395278453827,0.015983402729034424,0.38640332221984863,-0.3392549753189087,-0.13528555631637573,-0.13528555631637573,-0.4745405316352844
batch_0001,34,0,3.686173915863037,0.5556801557540894,0.5503360033035278,0.11880533397197723,0.11880534887313843,0.6691413521766663,-0.6200175285339355,-0.0465974360704422,-0.046597421169281006,-0.6666149497032166,-0.00012240069918334484,0.07803347706794739,0.07803347706794739,0.07791107892990112,-0.10688130557537079,-0.04123800992965698,-0.04123800992965698,-0.14811931550502777
batch_0001,34,1,3.7622947692871094,0.42444077134132385,0.7496580481529236,0.08391840755939484,0.08391839265823364,0.8335764408111572,0.030295569449663162,-0.11484620720148087,-0.11484619975090027,-0.0845506340265274,0.5497673153877258,-0.12416920810937881,-0.12416920065879822,0.4255981147289276,-0.3868749439716339,0.12466775625944138,0.12466776371002197,-0.26220718026161194
batch_0001,35,0,3.720548391342163,0.5428465008735657,0.487125962972641,-0.049990464001894,-0.04999047517776489,0.4371354877948761,-0.624015212059021,-0.02134360373020172,-0.021343588829040527,-0.6453588008880615,-0.22025297582149506,-0.07303227484226227,-0.07303227484226227,-0.2932852506637573,-0.031351298093795776,-0.13904260098934174,-0.13904260098934174,-0.1703938990831375
batch_0001,35,1,3.799748659133911,0.38554489612579346,0.731182336807251,0.05396878346800804,0.05396878719329834,0.7851511240005493,0.14697834849357605,0.07706820219755173,0.07706820964813232,0.22404655814170837,0.36649441719055176,0.0212753526866436,0.021275341510772705,0.38776975870132446,-0.34580227732658386,0.052404291927814484,0.05240428447723389,-0.29339799284935
batch_0001,36,0,3.7562882900238037,0.5314640402793884,0.5204017758369446,0.0013537168269976974,0.0013537406921386719,0.5217555165290833,-0.6705862879753113,0.08808004856109619,0.08808004856109619,-0.5825062394142151,-0.17290489375591278,0.13542316854000092,0.13542316854000092,-0.037481725215911865,0.06911257654428482,-0.056912656873464584,-0.056912656873464584,0.012199919670820236
batch_0001,36,1,3.835857391357422,0.3472460210323334,0.7523311376571655,0.09875952452421188,0.09875953197479248,0.851090669631958,0.1259090155363083,-0.10668697208166122,-0.10668697208166122,0.019222043454647064,0.3243577480316162,-0.08090190589427948,-0.08090190589427948,0.24345584213733673,-0.2559407651424408,-0.041619673371315,-0.041619688272476196,-0.297560453414917
batch_0001,37,0,3.7928154468536377,0.5193731188774109,0.4525328576564789,-0.08497418463230133,-0.08497419953346252,0.36755865812301636,-0.6296995878219604,0.001885104924440384,0.0018851161003112793,-0.6278144717216492,-0.4513818621635437,-0.00046617150655947626,-0.0004661679267883301,-0.45184803009033203,0.05188876390457153,-0.0709296390414238,-0.0709296390414238,-0.019040875136852264
batch_0001,37,1,3.8735544681549072,0.31467747688293457,0.7048474550247192,-0.08951208740472794,-0.08951210975646973,0.6153353452682495,0.09203684329986572,0.11682920902967453,0.11682921648025513,0.20886605978012085,0.21148048341274261,0.05019868537783623,0.050198689103126526,0.26167917251586914,-0.16193212568759918,0.11335249990224838,0.11335249990224838,-0.0485796257853508
batch_0001,38,0,3.8287198543548584,0.5001428127288818,0.4764282703399658,0.0006655599572695792,0.0006655454635620117,0.47709381580352783,-0.6751306056976318,-0.044332265853881836,-0.044332265853881836,-0.7194628715515137,-0.5434893369674683,-0.10207312554121017,-0.10207313299179077,-0.645562469959259,0.10693462193012238,-0.09007388353347778,-0.09007388353347778,0.016860738396644592
batch_0001,38,1,3.9088826179504395,0.2844781279563904,0.7073466181755066,-0.05196157842874527,-0.05196160078048706,0.6553850173950195,0.17574428021907806,0.13871408998966217,0.13871408998966217,0.31445837020874023,-0.11300680041313171,0.11431867629289627,0.11431867629289627,0.0013118758797645569,-0.12016946077346802,-0.1267392784357071,-0.1267392784357071,-0.2469087392091751
batch_0001,39,0,3.8641602993011475,0.47285735607147217,0.3446090519428253,0.09201990813016891,0.09201991558074951,0.43662896752357483,-0.6576987504959106,0.1232825368642807,0.1232825517654419,-0.5344161987304688,-0.6464080214500427,-0.11757028102874756,-0.11757028102874756,-0.7639783024787903,0.0974198505282402,-0.05862937122583389,-0.05862937122583389,0.03879047930240631
batch_0001,40,0,3.8994030952453613,0.43695053458213806,0.37258380651474,0.0706864446401596,0.0706864595413208,0.4432702660560608,-0.667003333568573,0.025674795731902122,0.025674819946289062,-0.6413285136222839,-0.6233797669410706,0.03713826835155487,0.037138283252716064,-0.5862414836883545,0.04595046490430832,0.020625000819563866,0.020625002682209015,0.06657546758651733
batch_0001,41,0,3.9345359802246094,0.3933987617492676,0.32271116971969604,0.03597014397382736,0.03597015142440796,0.358681321144104,-0.661393404006958,0.07052334398031235,0.07052332162857056,-0.5908700823783875,-0.6029934287071228,0.11401110887527466,0.11401110887527466,-0.48898231983184814,0.019237833097577095,0.019563432782888412,0.01956343464553356,0.03880126774311066
batch_0001,42,0,3.9693713188171387,0.3405029773712158,0.2537566125392914,-0.08732222020626068,-0.08732222020626068,0.1664343923330307,-0.6136481165885925,-0.06239348277449608,-0.06239348649978638,-0.6760416030883789,-0.5058315396308899,-0.08321502059698105,-0.08321499824523926,-0.5890465378761292,-0.0022566989064216614,-0.03671820089221001,-0.03671820089221001,-0.03897489979863167
batch_0001,43,0,4.001992225646973,0.2838156223297119,0.09943933039903641,0.056433480232954025,0.05643347650766373,0.15587280690670013,-0.5957281589508057,-0.0506068654358387,-0.05060684680938721,-0.6463350057601929,-0.3839111626148224,0.10629016160964966,0.10629016160964966,-0.27762100100517273,0.016360381618142128,-0.06908174604177475,-0.06908174604177475,-0.05272136628627777
final,0,0,2.5398218631744385,0.14851465821266174,-0.8977648019790649,1.8483957319404e-05,1.8477439880371094e-05,-0.8977463245391846,-0.4166301488876343,-0.00038216382381506264,-0.000382155179977417,-0.4170123040676117,-0.5685432553291321,0.0004431453999131918,0.0004431605339050293,-0.568100094795227,0.9489665031433105,-0.0006426500622183084,-0.0006426572799682617,0.9483238458633423
final,0,1,2.5398218631744385,0.14851465821266174,-0.8977648019790649,1.8483957319404e-05,1.8477439880371094e-05,-0.8977463245391846,-0.4166301488876343,-0.00038216382381506264,-0.000382155179977417,-0.4170123040676117,-0.5685432553291321,0.0004431453999131918,0.0004431605339050293,-0.568100094795227,0.9489665031433105,-0.0006426500622183084,-0.0006426572799682617,0.9483238458633423
final,1,0,2.5798521041870117,0.14257627725601196,-0.6556262969970703,0.00013983435928821564,0.0001398324966430664,-0.6554864645004272,-0.9146813750267029,7.187478331616148e-06,7.212162017822266e-06,-0.9146741628646851,-0.14818070828914642,0.0003036907874047756,0.00030368566513061523,-0.1478770226240158,0.9595150351524353,-0.0004234358202666044,-0.000423431396484375,0.9590916037559509
final,1,1,2.5798521041870117,0.14257627725601196,-0.6556262969970703,0.00013983435928821564,0.0001398324966430664,-0.6554864645004272,-0.9146813750267029,7.187478331616148e-06,7.212162017822266e-06,-0.9146741628646851,-0.14818070828914642,0.0003036907874047756,0.00030368566513061523,-0.1478770226240158,0.9595150351524353,-0.0004234358202666044,-0.000423431396484375,0.9590916037559509
final,2,0,2.619858741760254,0.13300952315330505,-0.6970059871673584,0.00010415584984002635,0.00010412931442260742,-0.6969018578529358,-0.964905321598053,9.64636419666931e-05,9.644031524658203e-05,-0.9648088812828064,-0.29482579231262207,0.0001630264741834253,0.00016301870346069336,-0.2946627736091614,0.8802658915519714,-0.00014638570428360254,-0.00014638900756835938,0.8801195025444031
final,2,1,2.619858741760254,0.13300952315330505,-0.6970059871673584,0.00010415584984002635,0.00010412931442260742,-0.6969018578529358,-0.964905321598053,9.64636419666931e-05,9.644031524658203e-05,-0.9648088812828064,-0.29482579231262207,0.0001630264741834253,0.00016301870346069336,-0.2946627736091614,0.8802658915519714,-0.00014638570428360254,-0.00014638900756835938,0.8801195025444031
final,3,0,2.659775733947754,0.1188608929514885,-0.3186807334423065,0.00010625589493429288,0.00010624527931213379,-0.3185744881629944,-0.891273021697998,-3.461846790742129e-05,-3.463029861450195e-05,-0.8913076519966125,-0.620838463306427,3.35546319547575e-05,3.355741500854492e-05,-0.6208049058914185,-0.030438991263508797,-1.809884088288527e-05,-1.809932291507721e-05,-0.030457090586423874
final,3,1,2.659775733947754,0.1188608929514885,-0.3186807334423065,0.00010625589493429288,0.00010624527931213379,-0.3185744881629944,-0.891273021697998,-3.461846790742129e-05,-3.463029861450195e-05,-0.8913076519966125,-0.620838463306427,3.35546319547575e-05,3.355741500854492e-05,-0.6208049058914185,-0.030438991263508797,-1.809884088288527e-05,-1.809932291507721e-05,-0.030457090586423874
final,4,0,2.6996729373931885,0.11897632479667664,-0.07434907555580139,9.92764180409722e-05,9.927898645401001e-05,-0.07424979656934738,-0.9257453680038452,-3.6259971238905564e-05,-3.62396240234375e-05,-0.9257816076278687,-0.3175849914550781,5.965000673313625e-05,5.9664249420166016e-05,-0.31752532720565796,0.16413284838199615,-1.219777186634019e-05,-1.220405101776123e-05,0.1641206443309784
final,4,1,2.6996729373931885,0.11897632479667664,-0.07434907555580139,9.92764180409722e-05,9.927898645401001e-05,-0.07424979656934738,-0.9257453680038452,-3.6259971238905564e-05,-3.62396240234375e-05,-0.9257816076278687,-0.3175849914550781,5.965000673313625e-05,5.9664249420166016e-05,-0.31752532720565796,0.16413284838199615,-1.219777186634019e-05,-1.220405101776123e-05,0.1641206443309784
final,5,0,2.7371180057525635,0.11891200393438339,0.06423424929380417,8.480135875288397e-05,8.480250835418701e-05,0.06431905180215836,-0.768709659576416,-1.908004196593538e-05,-1.9073486328125e-05,-0.7687287330627441,-0.2622707486152649,5.03299743286334e-05,5.033612251281738e-05,-0.2622204124927521,-0.24119073152542114,-6.709256467729574e-06,-6.705522537231445e-06,-0.24119743704795837
final,5,1,2.7371180057525635,0.11891200393438339,0.06423424929380417,8.480135875288397e-05,8.480250835418701e-05,0.06431905180215836,-0.768709659576416,-1.908004196593538e-05,-1.9073486328125e-05,-0.7687287330627441,-0.2622707486152649,5.03299743286334e-05,5.033612251281738e-05,-0.2622204124927521,-0.24119073152542114,-6.709256467729574e-06,-6.705522537231445e-06,-0.24119743704795837
final,6,0,2.7739944458007812,0.11898119002580643,0.2600048780441284,7.193982310127467e-05,7.194280624389648e-05,0.2600768208503723,-0.7846255898475647,-2.902838787122164e-05,-2.9027462005615234e-05,-0.7846546173095703,0.021420465782284737,4.3865133193321526e-05,4.386529326438904e-05,0.021464331075549126,-0.30884748697280884,-1.3566940651799086e-05,-1.3560056686401367e-05,-0.30886104702949524
final,6,1,2.7739944458007812,0.11898119002580643,0.2600048780441284,7.193982310127467e-05,7.194280624389648e-05,0.2600768208503723,-0.7846255898475647,-2.902838787122164e-05,-2.9027462005615234e-05,-0.7846546173095703,0.021420465782284737,4.3865133193321526e-05,4.386529326438904e-05,0.021464331075549126,-0.30884748697280884,-1.3566940651799086e-05,-1.3560056686401367e-05,-0.30886104702949524
final,7,0,2.8045785427093506,0.11816097050905228,0.1542726457118988,6.398141704266891e-05,6.398558616638184e-05,0.15433663129806519,-0.7857435941696167,-2.2565593098988757e-05,-2.2590160369873047e-05,-0.7857661843299866,0.291910856962204,4.24033023591619e-05,4.240870475769043e-05,0.29195326566696167,-0.4439573884010315,-6.851139914942905e-06,-6.854534149169922e-06,-0.44396424293518066
final,7,1,2.8045785427093506,0.11816097050905228,0.1542726457118988,6.398141704266891e-05,6.398558616638184e-05,0.15433663129806519,-0.7857435941696167,-2.2565593098988757e-05,-2.2590160369873047e-05,-0.7857661843299866,0.291910856962204,4.24033023591619e-05,4.240870475769043e-05,0.29195326566696167,-0.4439573884010315,-6.851139914942905e-06,-6.854534149169922e-06,-0.44396424293518066
final,8,0,2.8222830295562744,0.11872224509716034,-0.04697391763329506,5.569048153120093e-05,5.568936467170715e-05,-0.04691822826862335,-0.6492516994476318,-1.973911639652215e-05,-1.9729137420654297e-05,-0.6492714285850525,0.4700857698917389,3.0476006941171363e-05,3.0487775802612305e-05,0.4701162576675415,-0.675211489200592,-1.4501756595564075e-07,-1.1920928955078125e-07,-0.6752116084098816
final,8,1,2.8222830295562744,0.11872224509716034,-0.04697391763329506,5.569048153120093e-05,5.568936467170715e-05,-0.04691822826862335,-0.6492516994476318,-1.973911639652215e-05,-1.9729137420654297e-05,-0.6492714285850525,0.4700857698917389,3.0476006941171363e-05,3.0487775802612305e-05,0.4701162576675415,-0.675211489200592,-1.4501756595564075e-07,-1.1920928955078125e-07,-0.6752116084098816
final,9,0,2.835735321044922,0.11875274777412415,-0.27123093605041504,5.7638590078568086e-05,5.7637691497802734e-05,-0.27117329835891724,-0.43134769797325134,-2.6560162950772792e-05,-2.6553869247436523e-05,-0.4313742518424988,0.5571011900901794,4.2955241951858625e-05,4.297494888305664e-05,0.5571441650390625,-0.8372347354888916,-8.04843602963956e-06,-8.046627044677734e-06,-0.8372427821159363
final,9,1,2.835735321044922,0.11875274777412415,-0.27123093605041504,5.7638590078568086e-05,5.7637691497802734e-05,-0.27117329835891724,-0.43134769797325134,-2.6560162950772792e-05,-2.6553869247436523e-05,-0.4313742518424988,0.5571011900901794,4.2955241951858625e-05,4.297494888305664e-05,0.5571441650390625,-0.8372347354888916,-8.04843602963956e-06,-8.046627044677734e-06,-0.8372427821159363
final,10,0,2.8503737449645996,0.12580925226211548,-0.23398958146572113,7.313246896956116e-05,7.31348991394043e-05,-0.23391644656658173,-0.28085920214653015,-3.04084132949356e-05,-3.039836883544922e-05,-0.2808896005153656,0.4307350814342499,6.538359593832865e-05,6.538629531860352e-05,0.4308004677295685,-0.8829321265220642,-2.2451626136898994e-05,-2.2470951080322266e-05,-0.8829545974731445
final,10,1,2.8503737449645996,0.12580925226211548,-0.23398958146572113,7.313246896956116e-05,7.31348991394043e-05,-0.23391644656658173,-0.28085920214653015,-3.04084132949356e-05,-3.039836883544922e-05,-0.2808896005153656,0.4307350814342499,6.538359593832865e-05,6.538629531860352e-05,0.4308004677295685,-0.8829321265220642,-2.2451626136898994e-05,-2.2470951080322266e-05,-0.8829545974731445
final,11,0,2.8678042888641357,0.1475972682237625,-0.23561321198940277,8.527252066414803e-05,8.527934551239014e-05,-0.23552793264389038,-0.38981980085372925,-2.608322938613128e-05,-2.60770320892334e-05,-0.3898458778858185,0.23404553532600403,8.591150981374085e-05,8.590519428253174e-05,0.23413144052028656,-0.8489939570426941,-2.4133689294103533e-05,-2.4139881134033203e-05,-0.8490180969238281
final,11,1,2.8678042888641357,0.1475972682237625,-0.23561321198940277,8.527252066414803e-05,8.527934551239014e-05,-0.23552793264389038,-0.38981980085372925,-2.608322938613128e-05,-2.60770320892334e-05,-0.3898458778858185,0.23404553532600403,8.591150981374085e-05,8.590519428253174e-05,0.23413144052028656,-0.8489939570426941,-2.4133689294103533e-05,-2.4139881134033203e-05,-0.8490180969238281
final,12,0,2.8888204097747803,0.1950131505727768,-0.1562611162662506,9.572394628776237e-05,9.572505950927734e-05,-0.15616539120674133,-0.38155943155288696,-2.494081672921311e-05,-2.4944543838500977e-05,-0.38158437609672546,-0.03554325923323631,0.00010015900625148788,0.00010015815496444702,-0.035443101078271866,-0.7181816697120667,-2.068055619020015e-05,-2.0682811737060547e-05,-0.7182023525238037
final,12,1,2.8888204097747803,0.1950131505727768,-0.1562611162662506,9.572394628776237e-05,9.572505950927734e-05,-0.15616539120674133,-0.38155943155288696,-2.494081672921311e-05,-2.4944543838500977e-05,-0.38158437609672546,-0.03554325923323631,0.00010015900625148788,0.00010015815496444702,-0.035443101078271866,-0.7181816697120667,-2.068055619020015e-05,-2.0682811737060547e-05,-0.7182023525238037
final,13,0,2.921924591064453,0.2581029534339905,0.10946766287088394,8.921378321247175e-05,8.921325206756592e-05,0.10955687612295151,-0.4727918207645416,-2.2533464289153926e-05,-2.2530555725097656e-05,-0.4728143513202667,-0.22781763970851898,0.00010530958388699219,0.00010530650615692139,-0.22771233320236206,-0.3910047709941864,-2.8944079531356692e-05,-2.893805503845215e-05,-0.39103370904922485
final,13,1,2.921924591064453,0.2581029534339905,0.10946766287088394,8.921378321247175e-05,8.921325206756592e-05,0.10955687612295151,-0.4727918207645416,-2.2533464289153926e-05,-2.2530555725097656e-05,-0.4728143513202667,-0.22781763970851898,0.00010530958388699219,0.00010530650615692139,-0.22771233320236206,-0.3910047709941864,-2.8944079531356692e-05,-2.893805503845215e-05,-0.39103370904922485
final,14,0,2.966136932373047,0.3185000717639923,0.5729332566261292,5.8171648561256006e-05,5.817413330078125e-05,0.5729914307594299,-0.9048454165458679,-2.6205956601188518e-05,-2.6226043701171875e-05,-0.9048716425895691,-0.24470745027065277,8.177156996680424e-05,8.177757263183594e-05,-0.24462567269802094,0.05125955119729042,-6.119311001384631e-05,-6.11916184425354e-05,0.051198359578847885
final,14,1,2.966136932373047,0.3185000717639923,0.5729332566261292,5.8171648561256006e-05,5.817413330078125e-05,0.5729914307594299,-0.9048454165458679,-2.6205956601188518e-05,-2.6226043701171875e-05,-0.9048716425895691,-0.24470745027065277,8.177156996680424e-05,8.177757263183594e-05,-0.24462567269802094,0.05125955119729042,-6.119311001384631e-05,-6.11916184425354e-05,0.051198359578847885
final,15,0,3.0126118659973145,0.3796873986721039,0.7894191145896912,4.942343002767302e-05,4.941225051879883e-05,0.78946852684021,-0.9803449511528015,-3.251780435675755e-05,-3.254413604736328e-05,-0.9803774952888489,-0.378535658121109,6.586366362171248e-05,6.586313247680664e-05,-0.3784697949886322,-0.0976034626364708,-8.756655734032393e-05,-8.756667375564575e-05,-0.09769102931022644
final,15,1,3.0126118659973145,0.3796873986721039,0.7894191145896912,4.942343002767302e-05,4.941225051879883e-05,0.78946852684021,-0.9803449511528015,-3.251780435675755e-05,-3.254413604736328e-05,-0.9803774952888489,-0.378535658121109,6.586366362171248e-05,6.586313247680664e-05,-0.3784697949886322,-0.0976034626364708,-8.756655734032393e-05,-8.756667375564575e-05,-0.09769102931022644
final,16,0,3.0539097785949707,0.4313802421092987,0.8341309428215027,3.8792768464190885e-05,3.88026237487793e-05,0.8341697454452515,-0.9724577069282532,-1.8695223843678832e-05,-1.8715858459472656e-05,-0.9724764227867126,-0.4255281090736389,3.111526893917471e-05,3.1113624572753906e-05,-0.42549699544906616,-0.3548596501350403,-5.072597195976414e-05,-5.072355270385742e-05,-0.35491037368774414
final,16,1,3.0539097785949707,0.4313802421092987,0.8341309428215027,3.8792768464190885e-05,3.88026237487793e-05,0.8341697454452515,-0.9724577069282532,-1.8695223843678832e-05,-1.8715858459472656e-05,-0.9724764227867126,-0.4255281090736389,3.111526893917471e-05,3.1113624572753906e-05,-0.42549699544906616,-0.3548596501350403,-5.072597195976414e-05,-5.072355270385742e-05,-0.35491037368774414
final,17,0,3.0897881984710693,0.46685919165611267,0.787068247795105,2.7226154998061247e-05,2.7239322662353516e-05,0.7870954871177673,-0.9580913782119751,-1.0690620001696516e-05,-1.0669231414794922e-05,-0.9581020474433899,-0.07147570699453354,2.6265051928930916e-05,2.6263296604156494e-05,-0.07144944369792938,-0.33387359976768494,-1.8670751160243526e-05,-1.8656253814697266e-05,-0.33389225602149963
final,17,1,3.0897881984710693,0.46685919165611267,0.787068247795105,2.7226154998061247e-05,2.7239322662353516e-05,0.7870954871177673,-0.9580913782119751,-1.0690620001696516e-05,-1.0669231414794922e-05,-0.9581020474433899,-0.07147570699453354,2.6265051928930916e-05,2.6263296604156494e-05,-0.07144944369792938,-0.33387359976768494,-1.8670751160243526e-05,-1.8656253814697266e-05,-0.33389225602149963
final,18,0,3.1254405975341797,0.4897090494632721,0.7642878293991089,2.507794306438882e-05,2.5093555450439453e-05,0.7643129229545593,-0.9410327672958374,-5.9291746765666176e-06,-5.900859832763672e-06,-0.9410386681556702,0.23964563012123108,2.2189837181940675e-05,2.218782901763916e-05,0.23966781795024872,-0.35126543045043945,-1.2181903912278358e-05,-1.2189149856567383e-05,-0.351277619600296
final,18,1,3.1254405975341797,0.4897090494632721,0.7642878293991089,2.507794306438882e-05,2.5093555450439453e-05,0.7643129229545593,-0.9410327672958374,-5.9291746765666176e-06,-5.900859832763672e-06,-0.9410386681556702,0.23964563012123108,2.2189837181940675e-05,2.218782901763916e-05,0.23966781795024872,-0.35126543045043945,-1.2181903912278358e-05,-1.2189149856567383e-05,-0.351277619600296
final,19,0,3.1602559089660645,0.5014287829399109,0.7583200931549072,2.188386679335963e-05,2.187490463256836e-05,0.7583419680595398,-0.9348861575126648,2.250208126497455e-06,2.2649765014648438e-06,-0.9348838925361633,0.39978352189064026,1.9068183974013664e-05,1.9073486328125e-05,0.3998025953769684,-0.4436068832874298,-8.572184015065432e-06,-8.58306884765625e-06,-0.44361546635627747
final,19,1,3.1602559089660645,0.5014287829399109,0.7583200931549072,2.188386679335963e-05,2.187490463256836e-05,0.7583419680595398,-0.9348861575126648,2.250208126497455e-06,2.2649765014648438e-06,-0.9348838925361633,0.39978352189064026,1.9068183974013664e-05,1.9073486328125e-05,0.3998025953769684,-0.4436068832874298,-8.572184015065432e-06,-8.58306884765625e-06,-0.44361546635627747
final,20,0,3.193573474884033,0.5063061118125916,0.731890082359314,2.899680293921847e-05,2.8967857360839844e-05,0.7319190502166748,-0.9035628437995911,6.469013897003606e-06,6.496906280517578e-06,-0.9035563468933105,0.532998263835907,2.5212761102011427e-05,2.5212764739990234e-05,0.533023476600647,-0.5360233783721924,-7.459197604475776e-06,-7.450580596923828e-06,-0.5360308289527893
final,20,1,3.193573474884033,0.5063061118125916,0.731890082359314,2.899680293921847e-05,2.8967857360839844e-05,0.7319190502166748,-0.9035628437995911,6.469013897003606e-06,6.496906280517578e-06,-0.9035563468933105,0.532998263835907,2.5212761102011427e-05,2.5212764739990234e-05,0.533023476600647,-0.5360233783721924,-7.459197604475776e-06,-7.450580596923828e-06,-0.5360308289527893
final,21,0,3.2258737087249756,0.5086606740951538,0.6982170939445496,3.150301563437097e-05,3.153085708618164e-05,0.6982486248016357,-0.8638829588890076,4.497016107052332e-06,4.470348358154297e-06,-0.8638784885406494,0.6687909364700317,3.101289985352196e-05,3.0994415283203125e-05,0.6688219308853149,-0.6258081197738647,-4.026574060844723e-06,-4.0531158447265625e-06,-0.6258121728897095
final,21,1,3.2258737087249756,0.5086606740951538,0.6982170939445496,3.150301563437097e-05,3.153085708618164e-05,0.6982486248016357,-0.8638829588890076,4.497016107052332e-06,4.470348358154297e-06,-0.8638784885406494,0.6687909364700317,3.101289985352196e-05,3.0994415283203125e-05,0.6688219308853149,-0.6258081197738647,-4.026574060844723e-06,-4.0531158447265625e-06,-0.6258121728897095
final,22,0,3.258936643600464,0.5137783885002136,0.6912940740585327,3.669031138997525e-05,3.6716461181640625e-05,0.6913307905197144,-0.8281384110450745,7.27100655240065e-07,7.152557373046875e-07,-0.8281376957893372,0.7385342717170715,3.839242708636448e-05,3.838539123535156e-05,0.7385726571083069,-0.6517336964607239,-4.664235802920302e-06,-4.649162292480469e-06,-0.6517383456230164
final,22,1,3.258936643600464,0.5137783885002136,0.6912940740585327,3.669031138997525e-05,3.6716461181640625e-05,0.6913307905197144,-0.8281384110450745,7.27100655240065e-07,7.152557373046875e-07,-0.8281376957893372,0.7385342717170715,3.839242708636448e-05,3.838539123535156e-05,0.7385726571083069,-0.6517336964607239,-4.664235802920302e-06,-4.649162292480469e-06,-0.6517383456230164
final,23,0,3.2938241958618164,0.5209298133850098,0.7355696558952332,3.937300425604917e-05,3.93986701965332e-05,0.7356090545654297,-0.8210389018058777,-6.353979642881313e-06,-6.377696990966797e-06,-0.8210452795028687,0.7606722712516785,4.2544947064016014e-05,4.2557716369628906e-05,0.7607148289680481,-0.6353819966316223,-1.0560720511421096e-05,-1.055002212524414e-05,-0.6353925466537476
final,23,1,3.2938241958618164,0.5209298133850098,0.7355696558952332,3.937300425604917e-05,3.93986701965332e-05,0.7356090545654297,-0.8210389018058777,-6.353979642881313e-06,-6.377696990966797e-06,-0.8210452795028687,0.7606722712516785,4.2544947064016014e-05,4.2557716369628906e-05,0.7607148289680481,-0.6353819966316223,-1.0560720511421096e-05,-1.055002212524414e-05,-0.6353925466537476
final,24,0,3.3301498889923096,0.528272271156311,0.7362072467803955,4.049022390972823e-05,4.0471553802490234e-05,0.736247718334198,-0.8005645275115967,-1.6926707758102566e-05,-1.6927719116210938e-05,-0.8005814552307129,0.7682966589927673,4.5090968342265114e-05,4.51207160949707e-05,0.7683417797088623,-0.6182832717895508,-2.1019373889430426e-05,-2.104043960571289e-05,-0.6183043122291565
final,24,1,3.3301498889923096,0.528272271156311,0.7362072467803955,4.049022390972823e-05,4.0471553802490234e-05,0.736247718334198,-0.8005645275115967,-1.6926707758102566e-05,-1.6927719116210938e-05,-0.8005814552307129,0.7682966589927673,4.5090968342265114e-05,4.51207160949707e-05,0.7683417797088623,-0.6182832717895508,-2.1019373889430426e-05,-2.104043960571289e-05,-0.6183043122291565
final,25,0,3.3687498569488525,0.5353925824165344,0.7178928256034851,3.934533742722124e-05,3.933906555175781e-05,0.7179321646690369,-0.7574310302734375,-2.319575651199557e-05,-2.3186206817626953e-05,-0.7574542164802551,0.7293305993080139,4.33948116551619e-05,4.3392181396484375e-05,0.7293739914894104,-0.5453970432281494,-2.7374398996471427e-05,-2.7358531951904297e-05,-0.5454244017601013
final,25,1,3.3687498569488525,0.5353925824165344,0.7178928256034851,3.934533742722124e-05,3.933906555175781e-05,0.7179321646690369,-0.7574310302734375,-2.319575651199557e-05,-2.3186206817626953e-05,-0.7574542164802551,0.7293305993080139,4.33948116551619e-05,4.3392181396484375e-05,0.7293739914894104,-0.5453970432281494,-2.7374398996471427e-05,-2.7358531951904297e-05,-0.5454244017601013
final,26,0,3.4066660404205322,0.5402680039405823,0.5480793118476868,2.811794365698006e-05,2.8133392333984375e-05,0.5481074452400208,-0.668411374092102,-1.8927363271359354e-05,-1.895427703857422e-05,-0.6684303283691406,0.6713466644287109,3.165043381159194e-05,3.165006637573242e-05,0.6713783144950867,-0.5567424893379211,-1.8666691175894812e-05,-1.8656253814697266e-05,-0.5567611455917358
final,26,1,3.4066660404205322,0.5402680039405823,0.5480793118476868,2.811794365698006e-05,2.8133392333984375e-05,0.5481074452400208,-0.668411374092102,-1.8927363271359354e-05,-1.895427703857422e-05,-0.6684303283691406,0.6713466644287109,3.165043381159194e-05,3.165006637573242e-05,0.6713783144950867,-0.5567424893379211,-1.8666691175894812e-05,-1.8656253814697266e-05,-0.5567611455917358
final,27,0,3.444347381591797,0.5439704060554504,0.668381929397583,3.543592902133241e-05,3.546476364135742e-05,0.6684173941612244,-0.6539962291717529,-1.0596454558253754e-05,-1.0609626770019531e-05,-0.654006838798523,0.6147247552871704,3.730348180397414e-05,3.731250762939453e-05,0.6147620677947998,-0.5222547650337219,-1.8416316379443742e-05,-1.8417835235595703e-05,-0.5222731828689575
final,27,1,3.444347381591797,0.5439704060554504,0.668381929397583,3.543592902133241e-05,3.546476364135742e-05,0.6684173941612244,-0.6539962291717529,-1.0596454558253754e-05,-1.0609626770019531e-05,-0.654006838798523,0.6147247552871704,3.730348180397414e-05,3.731250762939453e-05,0.6147620677947998,-0.5222547650337219,-1.8416316379443742e-05,-1.8417835235595703e-05,-0.5222731828689575
final,28,0,3.4819135665893555,0.5430129170417786,0.7024816870689392,4.118793731322512e-05,4.118680953979492e-05,0.702522873878479,-0.6993528008460999,-1.0399554412288126e-05,-1.0371208190917969e-05,-0.6993631720542908,0.661700963973999,3.495305645628832e-05,3.4928321838378906e-05,0.6617358922958374,-0.533513069152832,-2.661072721821256e-05,-2.658367156982422e-05,-0.5335396528244019
final,28,1,3.4819135665893555,0.5430129170417786,0.7024816870689392,4.118793731322512e-05,4.118680953979492e-05,0.702522873878479,-0.6993528008460999,-1.0399554412288126e-05,-1.0371208190917969e-05,-0.6993631720542908,0.661700963973999,3.495305645628832e-05,3.4928321838378906e-05,0.6617358922958374,-0.533513069152832,-2.661072721821256e-05,-2.658367156982422e-05,-0.5335396528244019
final,29,0,3.5211915969848633,0.5448782444000244,0.7641817927360535,3.830541390925646e-05,3.832578659057617e-05,0.764220118522644,-0.7505150437355042,-1.7940943507710472e-05,-1.7940998077392578e-05,-0.7505329847335815,0.516436755657196,4.5632794353878126e-05,4.565715789794922e-05,0.516482412815094,-0.40901657938957214,-3.8282527384581044e-05,-3.8295984268188477e-05,-0.40905487537384033
final,29,1,3.5211915969848633,0.5448782444000244,0.7641817927360535,3.830541390925646e-05,3.832578659057617e-05,0.764220118522644,-0.7505150437355042,-1.7940943507710472e-05,-1.7940998077392578e-05,-0.7505329847335815,0.516436755657196,4.5632794353878126e-05,4.565715789794922e-05,0.516482412815094,-0.40901657938957214,-3.8282527384581044e-05,-3.8295984268188477e-05,-0.40905487537384033
final,30,0,3.560309648513794,0.5451089143753052,0.6113778948783875,2.4794780983938836e-05,2.47955322265625e-05,0.611402690410614,-0.6660910844802856,-2.6727469958132133e-05,-2.6702880859375e-05,-0.666117787361145,0.42554518580436707,1.715689359116368e-05,1.71661376953125e-05,0.4255623519420624,-0.3915688991546631,-3.557266609277576e-05,-3.55839729309082e-05,-0.391604483127594
final,30,1,3.560309648513794,0.5451089143753052,0.6113778948783875,2.4794780983938836e-05,2.47955322265625e-05,0.611402690410614,-0.6660910844802856,-2.6727469958132133e-05,-2.6702880859375e-05,-0.666117787361145,0.42554518580436707,1.715689359116368e-05,1.71661376953125e-05,0.4255623519420624,-0.3915688991546631,-3.557266609277576e-05,-3.55839729309082e-05,-0.391604483127594
final,31,0,3.598580837249756,0.5492550730705261,0.4714685380458832,1.9188737496733665e-05,1.919269561767578e-05,0.47148773074150085,-0.5764610767364502,-2.2034011635696515e-05,-2.205371856689453e-05,-0.5764831304550171,0.1581648737192154,2.7069774660049006e-05,2.707540988922119e-05,0.15819194912910461,-0.2985675632953644,-2.210478123743087e-05,-2.2113323211669922e-05,-0.29858967661857605
final,31,1,3.598580837249756,0.5492550730705261,0.4714685380458832,1.9188737496733665e-05,1.919269561767578e-05,0.47148773074150085,-0.5764610767364502,-2.2034011635696515e-05,-2.205371856689453e-05,-0.5764831304550171,0.1581648737192154,2.7069774660049006e-05,2.707540988922119e-05,0.15819194912910461,-0.2985675632953644,-2.210478123743087e-05,-2.2113323211669922e-05,-0.29858967661857605
final,32,0,3.636704683303833,0.5567601919174194,0.30258169770240784,1.3320027392182965e-05,1.3321638107299805e-05,0.30259501934051514,-0.5680166482925415,-1.5791181795066223e-05,-1.5795230865478516e-05,-0.568032443523407,-0.031012628227472305,1.2626778698177077e-05,1.2626871466636658e-05,-0.03100000135600567,-0.20678278803825378,-7.841636033845134e-06,-7.838010787963867e-06,-0.20679062604904175
final,32,1,3.636704683303833,0.5567601919174194,0.30258169770240784,1.3320027392182965e-05,1.3321638107299805e-05,0.30259501934051514,-0.5680166482925415,-1.5791181795066223e-05,-1.5795230865478516e-05,-0.568032443523407,-0.031012628227472305,1.2626778698177077e-05,1.2626871466636658e-05,-0.03100000135600567,-0.20678278803825378,-7.841636033845134e-06,-7.838010787963867e-06,-0.20679062604904175
final,33,0,3.6762239933013916,0.5657952427864075,0.07972302287817001,1.2558512025862001e-05,1.2561678886413574e-05,0.07973558455705643,-0.49837568402290344,-1.0986914276145399e-05,-1.099705696105957e-05,-0.4983866810798645,-0.21474586427211761,1.972082282009069e-05,1.971423625946045e-05,-0.21472615003585815,-0.09945090860128403,-6.194821708049858e-06,-6.191432476043701e-06,-0.09945710003376007
final,33,1,3.6762239933013916,0.5657952427864075,0.07972302287817001,1.2558512025862001e-05,1.2561678886413574e-05,0.07973558455705643,-0.49837568402290344,-1.0986914276145399e-05,-1.099705696105957e-05,-0.4983866810798645,-0.21474586427211761,1.972082282009069e-05,1.971423625946045e-05,-0.21472615003585815,-0.09945090860128403,-6.194821708049858e-06,-6.191432476043701e-06,-0.09945710003376007
final,34,0,3.716500759124756,0.5766750574111938,0.1044512465596199,1.179957325803116e-05,1.1801719665527344e-05,0.10446304827928543,-0.6138437986373901,-8.160905053955503e-06,-8.165836334228516e-06,-0.6138519644737244,-0.487734854221344,1.2247220183780883e-05,1.2248754501342773e-05,-0.48772260546684265,-0.004507412668317556,-1.20298236652161e-05,-1.2029893696308136e-05,-0.0045194425620138645
final,34,1,3.716500759124756,0.5766750574111938,0.1044512465596199,1.179957325803116e-05,1.1801719665527344e-05,0.10446304827928543,-0.6138437986373901,-8.160905053955503e-06,-8.165836334228516e-06,-0.6138519644737244,-0.487734854221344,1.2247220183780883e-05,1.2248754501342773e-05,-0.48772260546684265,-0.004507412668317556,-1.20298236652161e-05,-1.2029893696308136e-05,-0.0045194425620138645
final,35,0,3.756054639816284,0.5831668972969055,0.0721181333065033,1.4484806342807133e-05,1.4483928680419922e-05,0.07213261723518372,-0.6753129959106445,-9.244174179912079e-06,-9.238719940185547e-06,-0.6753222346305847,-0.7271114587783813,6.562408543686615e-06,6.556510925292969e-06,-0.727104902267456,0.023569338023662567,-1.029763097903924e-05,-1.029670238494873e-05,0.02355904132127762
final,35,1,3.756054639816284,0.5831668972969055,0.0721181333065033,1.4484806342807133e-05,1.4483928680419922e-05,0.07213261723518372,-0.6753129959106445,-9.244174179912079e-06,-9.238719940185547e-06,-0.6753222346305847,-0.7271114587783813,6.562408543686615e-06,6.556510925292969e-06,-0.727104902267456,0.023569338023662567,-1.029763097903924e-05,-1.029670238494873e-05,0.02355904132127762
final,36,0,3.79463529586792,0.5794631242752075,-0.05969652906060219,1.5931525922496803e-05,1.5933066606521606e-05,-0.059680595993995667,-0.6868652701377869,-9.165943083644379e-06,-9.179115295410156e-06,-0.6868744492530823,-0.8106560111045837,3.5525904422684107e-06,3.5762786865234375e-06,-0.8106524348258972,-0.015114737674593925,-2.9793325211358024e-06,-2.9793009161949158e-06,-0.01511771697551012
final,36,1,3.79463529586792,0.5794631242752075,-0.05969652906060219,1.5931525922496803e-05,1.5933066606521606e-05,-0.059680595993995667,-0.6868652701377869,-9.165943083644379e-06,-9.179115295410156e-06,-0.6868744492530823,-0.8106560111045837,3.5525904422684107e-06,3.5762786865234375e-06,-0.8106524348258972,-0.015114737674593925,-2.9793325211358024e-06,-2.9793009161949158e-06,-0.01511771697551012
final,37,0,3.832730770111084,0.5648856163024902,-0.16509376466274261,1.9345045075169764e-05,1.9341707229614258e-05,-0.165074422955513,-0.7037351131439209,-1.042192343447823e-05,-1.043081283569336e-05,-0.7037455439567566,-0.826142430305481,7.367486887233099e-06,7.3909759521484375e-06,-0.8261350393295288,-0.020631687715649605,1.4185345662554028e-06,1.4193356037139893e-06,-0.02063026838004589
final,37,1,3.832730770111084,0.5648856163024902,-0.16509376466274261,1.9345045075169764e-05,1.9341707229614258e-05,-0.165074422955513,-0.7037351131439209,-1.042192343447823e-05,-1.043081283569336e-05,-0.7037455439567566,-0.826142430305481,7.367486887233099e-06,7.3909759521484375e-06,-0.8261350393295288,-0.020631687715649605,1.4185345662554028e-06,1.4193356037139893e-06,-0.02063026838004589
final,38,0,3.8707528114318848,0.5385270714759827,-0.24576909840106964,2.6108902602572925e-05,2.6106834411621094e-05,-0.24574299156665802,-0.7057096362113953,-1.313907250732882e-05,-1.3113021850585938e-05,-0.7057227492332458,-0.8285300731658936,1.3715267414227128e-05,1.3709068298339844e-05,-0.8285163640975952,-0.05667935684323311,-1.4338929759105667e-06,-1.434236764907837e-06,-0.056680791079998016
final,38,1,3.8707528114318848,0.5385270714759827,-0.24576909840106964,2.6108902602572925e-05,2.6106834411621094e-05,-0.24574299156665802,-0.7057096362113953,-1.313907250732882e-05,-1.3113021850585938e-05,-0.7057227492332458,-0.8285300731658936,1.3715267414227128e-05,1.3709068298339844e-05,-0.8285163640975952,-0.05667935684323311,-1.4338929759105667e-06,-1.434236764907837e-06,-0.056680791079998016
final,39,0,3.9089837074279785,0.5008100271224976,-0.32129454612731934,3.3556148991920054e-05,3.355741500854492e-05,-0.3212609887123108,-0.6873651146888733,-1.5314331903937273e-05,-1.531839370727539e-05,-0.6873804330825806,-0.7898962497711182,2.1284891772666015e-05,2.1278858184814453e-05,-0.7898749709129333,-0.08797623962163925,-6.730027962476015e-06,-6.727874279022217e-06,-0.08798296749591827
final,39,1,3.9089837074279785,0.5008100271224976,-0.32129454612731934,3.3556148991920054e-05,3.355741500854492e-05,-0.3212609887123108,-0.6873651146888733,-1.5314331903937273e-05,-1.531839370727539e-05,-0.6873804330825806,-0.7898962497711182,2.1284891772666015e-05,2.1278858184814453e-05,-0.7898749709129333,-0.08797623962163925,-6.730027962476015e-06,-6.727874279022217e-06,-0.08798296749591827
final,40,0,3.947549343109131,0.4548141658306122,-0.37478360533714294,4.035155870951712e-05,4.035234451293945e-05,-0.37474325299263,-0.6541283130645752,-1.742163840390276e-05,-1.7404556274414062e-05,-0.6541457176208496,-0.7287368178367615,2.8447999284253456e-05,2.8431415557861328e-05,-0.7287083864212036,-0.10561437904834747,-1.2233752386237029e-05,-1.2233853340148926e-05,-0.10562661290168762
final,40,1,3.947549343109131,0.4548141658306122,-0.37478360533714294,4.035155870951712e-05,4.035234451293945e-05,-0.37474325299263,-0.6541283130645752,-1.742163840390276e-05,-1.7404556274414062e-05,-0.6541457176208496,-0.7287368178367615,2.8447999284253456e-05,2.8431415557861328e-05,-0.7287083864212036,-0.10561437904834747,-1.2233752386237029e-05,-1.2233853340148926e-05,-0.10562661290168762
final,41,0,3.986421585083008,0.4029790759086609,-0.41160616278648376,4.5738146582152694e-05,4.5746564865112305e-05,-0.41156041622161865,-0.6073629260063171,-1.853567300713621e-05,-1.8537044525146484e-05,-0.6073814630508423,-0.6651637554168701,3.4444048651494086e-05,3.445148468017578e-05,-0.6651293039321899,-0.12413106858730316,-1.7760718037607148e-05,-1.7762184143066406e-05,-0.12414883077144623
final,41,1,3.986421585083008,0.4029790759086609,-0.41160616278648376,4.5738146582152694e-05,4.5746564865112305e-05,-0.41156041622161865,-0.6073629260063171,-1.853567300713621e-05,-1.8537044525146484e-05,-0.6073814630508423,-0.6651637554168701,3.4444048651494086e-05,3.445148468017578e-05,-0.6651293039321899,-0.12413106858730316,-1.7760718037607148e-05,-1.7762184143066406e-05,-0.12414883077144623
final,42,0,4.025503635406494,0.34651651978492737,-0.4463021159172058,4.9458110879641026e-05,4.947185516357422e-05,-0.44625264406204224,-0.5429065227508545,-1.8821370758814737e-05,-1.8835067749023438e-05,-0.5429253578186035,-0.5971134305000305,3.8890764699317515e-05,3.886222839355469e-05,-0.597074568271637,-0.14154040813446045,-2.1923959138803184e-05,-2.1919608116149902e-05,-0.1415623277425766
final,42,1,4.025503635406494,0.34651651978492737,-0.4463021159172058,4.9458110879641026e-05,4.947185516357422e-05,-0.44625264406204224,-0.5429065227508545,-1.8821370758814737e-05,-1.8835067749023438e-05,-0.5429253578186035,-0.5971134305000305,3.8890764699317515e-05,3.886222839355469e-05,-0.597074568271637,-0.14154040813446045,-2.1923959138803184e-05,-2.1919608116149902e-05,-0.1415623277425766
final,43,0,4.063667297363281,0.28850144147872925,-0.4800141751766205,5.144219539943151e-05,5.143880844116211e-05,-0.4799627363681793,-0.4614432752132416,-1.8444276065565646e-05,-1.84476375579834e-05,-0.46146172285079956,-0.5282672643661499,4.1854968003463e-05,4.184246063232422e-05,-0.5282254219055176,-0.16033127903938293,-2.4394519641646184e-05,-2.4393200874328613e-05,-0.16035567224025726
final,43,1,4.063667297363281,0.28850144147872925,-0.4800141751766205,5.144219539943151e-05,5.143880844116211e-05,-0.4799627363681793,-0.4614432752132416,-1.8444276065565646e-05,-1.84476375579834e-05,-0.46146172285079956,-0.5282672643661499,4.1854968003463e-05,4.184246063232422e-05,-0.5282254219055176,-0.16033127903938293,-2.4394519641646184e-05,-2.4393200874328613e-05,-0.16035567224025726
