time_s,x,y,z,vx,vy,vz,rear_target_rad_s,rear_measured_rad_s,roll_deg,pitch_deg,yaw_deg,jump_released,apex,done
0.0,1.5,-3.725290298461914e-09,0.1499999761581421,1.9500000476837158,0.0,0.0,11.914397455751896,0.0,0.0,0.0,0.0,True,0.0,False
0.02,1.5386542081832886,7.406575605273247e-06,0.14797383546829224,1.9398336335719049,0.00024146625989214532,-0.18573986615598256,9.099088490009308,2.3588461875915527,0.0022688395221117904,0.5158344933784775,0.004437927198487647,True,0.0,False
0.04,1.5774906873703003,1.1168478522449732e-05,0.14185400307178497,1.943942263318241,0.00012209854397288747,-0.3809896119429139,9.861968100070953,3.863999843597412,0.00334309431515734,0.7943895806617085,0.0026571303906774606,True,0.0,False
0.06,1.6164271831512451,1.2821285054087639e-05,0.13172531127929688,1.9477408344764964,7.372654352392414e-05,-0.5800093636950433,11.440165266394615,5.208993911743164,0.0038139942193500583,0.9466867392299181,0.0017638752344482148,True,0.0,False
0.08,1.6571109294891357,0.0004596219805534929,0.11868511140346527,2.296810158497143,0.09099280455756527,-0.5897985029281048,10.567376643419266,11.246745109558105,0.10192711282025795,-0.3192362494984337,0.08957269414086214,True,0.0,False
0.1,1.697657823562622,0.0011175331892445683,0.120987169444561,1.9778366280651327,0.03527636339864029,0.14668639606821077,9.720626771450043,29.110923767089844,0.2420836870150087,-0.7587316399653218,0.4625567077358916,True,0.0,False
0.12,1.7360204458236694,0.001709977281279862,0.1222665011882782,1.8608005653430677,0.02421413088427866,0.05577050704299732,12.580588951706886,23.443971633911133,0.3576379411522665,-1.2403566456495543,0.7798043751236929,True,0.0,False
0.14,1.7717198133468628,0.002428957726806402,0.12201592326164246,1.645821039742589,0.02602362660397958,0.11642063033061596,14.09041053056717,20.572792053222656,0.5055424023823206,-1.2855497699070038,1.022403709285634,True,0.0,False
0.16,1.8047950267791748,0.0029151299968361855,0.12069482356309891,1.6378041487878072,0.01156671966951672,-0.10479328120615747,14.11054140329361,13.879345893859863,0.6177943363560074,-0.6278940066891694,1.242910717614495,True,0.0,False
0.18,1.8364675045013428,0.0031373740639537573,0.12048114836215973,1.5669021564439867,-0.012332291273787536,0.23891107503861087,14.763682186603546,21.549407958984375,0.6894792313966885,0.43015575799316397,1.1306617064967122,True,0.0,False
0.2,1.868529200553894,0.0029194667004048824,0.12190036475658417,1.6889690986618526,-0.0001469593786981617,0.15245066938396348,14.974375069141388,21.78762435913086,0.662965277080589,0.966110048056976,0.6240677654045294,True,0.0,False
0.22,1.9019490480422974,0.002803319599479437,0.12176769971847534,1.7739109470775218,-0.03131240326225834,-0.05496877599303164,14.70365059375763,21.432735443115234,0.6559543079745186,0.8537448078637829,0.14828229423943887,True,0.0,False
0.24,1.937255859375,0.003031386062502861,0.1211390346288681,1.7848517602394585,0.023516250961466305,-0.0964100001367198,14.358425796031952,19.428972244262695,0.7359533610163994,0.32113814999703405,-0.22556011950105115,True,0.0,False
0.26,1.9713629484176636,0.0025833973195403814,0.11958827078342438,1.603982646232536,-0.1330991178325521,0.10488666075678245,12.28861290961504,22.13176155090332,0.68077996930569,-0.10331071236157004,-0.9069893186816617,True,0.0,False
0.28,2.0030593872070312,-0.00033925799652934074,0.11955304443836212,1.5238582879402505,-0.17193303259402018,0.005340790703764347,10.71782335639,20.471826553344727,0.09515666209486882,-0.18198534108349887,-2.636919402279475,True,0.0,False
0.3,2.03261399269104,-0.0031064399518072605,0.11936622858047485,1.4737371582871537,-0.0645624066571988,0.02420887752763741,10.310111582279205,18.99287986755371,-0.48980002032037373,0.19775259858715105,-3.89098273588137,True,0.0,False
0.32,2.0631279945373535,-0.003907069098204374,0.1199420839548111,1.5272213547728066,-0.03925510648780312,-0.017292156245001057,9.474459171295166,17.091848373413086,-0.6452339248310984,0.223926005885974,-4.393315291251348,True,0.0,False
0.34,2.0945334434509277,-0.00473366491496563,0.11931869387626648,1.5792583999186862,-0.06090393203593532,0.1080342569097195,10.400726795196533,20.703933715820312,-0.7962530535450827,0.024031389798943887,-4.7549356758881975,True,0.0,False
0.36,2.124636173248291,-0.005827518180012703,0.11962415277957916,1.4387517940327106,-0.0466616238974546,0.01812305903265278,10.894565731287003,19.987314224243164,-1.0476192981508832,-0.2156184596697165,-4.370688628716967,True,0.0,False
0.38,2.152825355529785,-0.006452756933867931,0.11913415789604187,1.4707150871755803,0.015855038528300204,0.05143875098939038,11.404406771063805,22.204748153686523,-1.2409298752028177,0.01042062613407676,-3.8466429979692514,True,0.0,False
0.4,2.1817500591278076,-0.0062487865798175335,0.11930932849645615,1.4626604679765758,-0.0016229358181793843,0.020513954959029697,9.900818824768066,20.510055541992188,-1.2624362392128115,-0.04432303685893132,-3.027996237070317,True,0.0,False
0.42,2.2096025943756104,-0.005948950536549091,0.11918778717517853,1.4404051446464043,0.04089588195012801,0.004515793263832446,10.516322404146194,18.932186126708984,-1.2930860076505237,0.04240492565243855,-2.3053888696757583,True,0.0,False
0.44,2.237807273864746,-0.004906434565782547,0.11916053295135498,1.424703194305357,0.04706046880641114,0.09681028019394657,10.707187503576279,25.9952449798584,-1.1778712604767339,0.027896428373579016,-1.413256697658104,True,0.0,False
0.46,2.266118288040161,-0.003478888887912035,0.11948800086975098,1.3396591800496989,0.07115216388204419,0.029491671706716703,11.373961687088013,17.438343048095703,-1.0053325688564718,-0.07826617562128185,-0.41308943471457216,True,0.0,False
0.48,2.2927372455596924,-0.001991567201912403,0.1191321462392807,1.3433137506744126,0.1376313804352445,0.1657723605830059,12.30192719399929,17.489356994628906,-0.8383669803508069,0.0802716626982976,0.46102594490927684,True,0.0,False
0.5,2.320244789123535,0.00018685468239709735,0.1210818737745285,1.3825060154971216,0.10320505695824994,0.030188421010886632,11.110402375459671,16.445817947387695,-0.555496668843412,-0.33331201870733235,2.0671011177811742,True,0.0,False
0.52,2.3471131324768066,0.00269219814799726,0.12007780373096466,1.2468795965879358,0.16993306319298782,-0.017969274244321595,12.462963223457336,16.97443199157715,-0.21370877172299915,-0.42818566260171015,3.5793655382551033,True,0.0,False
0.54,2.3707938194274902,0.005671520251780748,0.11914396286010742,1.2192372143876398,0.02819925142358183,0.11731557823859162,10.271441280841827,15.536628723144531,0.2812289114571871,0.05914765164369158,4.756949267479232,True,0.0,False
0.56,2.3950722217559814,0.006892696022987366,0.11987447738647461,1.277234299135589,0.21208033302204343,0.031012448273921644,11.189921110868454,15.061781883239746,0.39494821599495156,0.36537770150656773,4.545247178848266,True,0.0,False
0.58,2.420860767364502,0.01001138798892498,0.11916597187519073,1.3678176845690178,0.11104956827756628,-0.027757366128796274,10.0476154088974,14.338191032409668,0.9001555719021773,0.07752595884115052,4.743496724787431,True,0.0,False
0.6,2.4476211071014404,0.012590615078806877,0.12048248946666718,1.2969757772480257,0.13608485044928686,0.17624961817829715,11.521294757723808,18.861553192138672,1.2774760471416986,-0.5842804453565633,5.260357579208592,True,0.0,False
0.62,2.4731478691101074,0.015258507803082466,0.12161324918270111,1.1758349794282263,0.12109366623384674,0.09548936022807701,11.89298366010189,15.463225364685059,1.6998662798465118,-1.2283762181484985,5.775959833473599,True,0.0,False
0.64,2.4964380264282227,0.01771203801035881,0.12120100110769272,1.1284211472306203,0.12027288086096982,-0.03866356069129569,11.974753911606967,15.596921920776367,2.135301023430982,-1.1239271856359494,6.253440151241637,True,0.0,False
0.66,2.517448902130127,0.019974032416939735,0.11966882646083832,0.9735191102825985,0.10749906610006271,-0.060397426231066004,18.251603364944458,11.904685974121094,2.6121431139202933,-0.29950435413161414,6.688290152588901,True,0.0,False
0.68,2.5393002033233643,0.021144146099686623,0.11884218454360962,1.181879169322685,0.05451264847387266,0.05651342641044847,18.773393154144287,17.94051170349121,2.876228908257655,0.021129609584700466,6.2891476827690544,True,0.0,False
0.7000000000000001,2.563605308532715,0.022038226947188377,0.11888349056243896,1.2405278248535923,0.047869369383993166,0.04317231485597622,17.244794726371765,17.52114486694336,3.0569089933274465,0.10462838560925206,5.660589942413466,True,0.0,False
0.72,2.5896501541137695,0.022620121017098427,0.11895829439163208,1.3287734241325264,0.031268448627148684,0.07790807378392334,16.736162066459656,21.527542114257812,3.1822907919503685,0.09000245443447465,4.908144800525492,True,0.0,False
0.74,2.618283271789551,0.022747188806533813,0.1194038838148117,1.5385182814876879,-0.01877863080039355,0.19947106058716074,16.35975444316864,20.17283821105957,3.2594565504244963,0.2723778628573669,4.049639341615531,True,0.0,False
0.76,2.6444666385650635,0.022206367924809456,0.11912562698125839,1.1005062000072199,-0.05236285184417941,-0.01705389475639094,16.281386375427246,14.301530838012695,3.33857461220378,-0.07068900395253631,3.0431707766441702,True,0.0,False
0.78,2.6627063751220703,0.02151542343199253,0.11863574385643005,0.7446345661976138,-0.048559029209396115,0.07375411187539255,18.878114461898804,11.534028053283691,3.463506277821366,-0.028029065878845353,2.407209740381657,True,0.0,False
0.8,2.6734468936920166,0.02093924582004547,0.1207021027803421,0.32284512180221525,-0.0367825382577615,0.6633977229711708,19.269580364227295,5.354203701019287,3.6115950462943895,1.0746722266794655,2.181357670991986,True,0.0,False
0.8200000000000001,2.6791188716888428,0.017599767073988914,0.16860175132751465,0.3760036300817401,-0.21416874967985317,3.0759808040969587,18.98328137397766,1.241056203842163,3.8840865387275483,14.212437623594079,3.146408817501546,True,0.0,False
0.84,2.694600820541382,0.01339214388281107,0.23426169157028198,1.005352451001303,-0.1857894553323946,3.120931214368995,14.461489856243134,13.85112190246582,4.3223151549473355,23.40491697827087,3.5918442173035845,True,0.0,False
0.86,2.7182114124298096,0.009689449332654476,0.29402971267700195,1.1462711026810837,-0.2125950434294766,3.1852666772613323,8.425620317459106,19.53468894958496,4.460963336628338,18.906730270854563,2.6591409935275085,True,0.0,False
0.88,2.73883056640625,0.0057180291041731834,0.34945523738861084,0.9839065297496891,-0.20658951117746532,2.7807539310288,7.556386113166809,15.105063438415527,4.634151502327209,15.524649919687246,1.9492547786009697,True,0.0,False
0.9,2.7558722496032715,0.0026801456697285175,0.38856667280197144,0.7542399850924978,-0.12864180361812785,1.5955063916534142,5.858255624771118,8.725312232971191,4.916229296222062,16.28361738364617,1.7406999069983806,True,0.0,False
0.92,2.7723333835601807,-0.0005632792599499226,0.426302969455719,0.8477572851670707,-0.1612725522838112,1.7968774125930242,4.607781887054443,10.049432754516602,5.250855545732867,18.59282222399531,1.6975343606918527,True,0.0,False
0.9400000000000001,2.789790391921997,-0.003912582062184811,0.46120089292526245,0.8742983728533601,-0.16545966969644588,1.6403448386653379,4.648834705352783,9.67281436920166,5.54170785331613,18.98200715295991,1.4494816606789624,True,0.0,False
0.96,2.8055765628814697,-0.006564613431692123,0.4848666787147522,0.7770710320078518,-0.13347602208197312,1.1228588315450565,4.433897495269775,6.190079689025879,5.9335710280150264,21.919409996737762,1.5449635259108778,True,0.0,False
0.98,2.820894479751587,-0.009160654619336128,0.5044652223587036,0.7775895195111552,-0.1350691727852356,0.9604093674808318,4.464345216751099,5.9087653160095215,6.404033852548785,25.734974928667594,1.7731639515293345,True,0.0,False
1.0,2.837663412094116,-0.012149250134825706,0.524063766002655,0.8453532054798576,-0.14713388664021881,0.8782054647273171,4.533007621765137,7.357818126678467,6.787648686129891,27.197217501666625,1.6735193611989754,True,0.0,False
1.02,2.8541812896728516,-0.014963066205382347,0.5382218956947327,0.8302977552776956,-0.14282705455684735,0.6534774436762198,4.65015435218811,6.416524887084961,7.200123111494186,28.854766950364066,1.6207524868783154,True,0.0,False
1.04,2.8707029819488525,-0.017766939476132393,0.548580527305603,0.8312806940116075,-0.1418704833710061,0.4574933577031484,4.82765007019043,6.111871719360352,7.634680196086487,30.511103594194378,1.5773964643323808,True,0.0,False
1.06,2.887970209121704,-0.02073199674487114,0.556243896484375,0.8639004171944501,-0.14545776556846216,0.2819838403632545,4.945741653442383,6.756103515625,7.985156999698269,30.914273161643052,1.3220217956549842,True,0.0,False
1.08,2.9053773880004883,-0.023686565458774567,0.5597544312477112,0.8697509641346577,-0.14662843774448833,0.09166616835927302,5.016812324523926,6.5305023193359375,8.306119188706829,30.949809392508506,1.0061328758511927,True,0.0,False
1.1,2.9228265285491943,-0.026641367003321648,0.5592690110206604,0.8716525988118133,-0.14697201711300645,-0.10463640434618782,5.138503074645996,6.269221782684326,8.616852143381502,30.869685054278115,0.6709060380190394,True,1.0,False
1.12,2.940567970275879,-0.02969689480960369,0.5553911924362183,0.8847130204671708,-0.15058280667780632,-0.285192505741487,5.223617792129517,6.390994548797607,8.878766536054261,30.266351490960215,0.23618569493392613,True,1.0,False
1.1400000000000001,2.9584505558013916,-0.03281625360250473,0.5478193759918213,0.8909963141508407,-0.1540818689878931,-0.4660186449016569,5.297933578491211,6.308078289031982,9.109180585622186,29.351755979521123,-0.255456700843498,True,1.0,False
1.16,2.9764065742492676,-0.036000143736600876,0.5365745425224304,0.8943419106383893,-0.15740868593171695,-0.6480074163391907,5.404489517211914,6.179174900054932,9.32155843324635,28.261494427213787,-0.7764493854748767,True,1.0,False
1.18,2.994523525238037,-0.039321109652519226,0.5220609307289124,0.9018407073176835,-0.16375636993512804,-0.8142373870454573,5.524282693862915,6.216737270355225,9.50450815623247,26.84163662792428,-1.3568595153379561,True,1.0,False
1.2,3.012781858444214,-0.04280199110507965,0.504385232925415,0.9083529605562283,-0.17157032690893706,-0.9726549151517551,5.67701268196106,6.251556396484375,9.662941449606851,25.09686333140365,-1.991830332678067,True,1.0,False
1.22,3.0311598777770996,-0.04647734388709068,0.48373517394065857,0.9140163716539829,-0.18109313034342123,-1.1216749237367478,5.886404514312744,6.298519611358643,9.804816526466691,23.048014966709495,-2.6734880275600386,True,1.0,False
1.24,3.0496747493743896,-0.05042330175638199,0.4605300724506378,0.9208479754783319,-0.19453126522002862,-1.2494976849548953,6.170570969581604,6.432796478271484,9.933922044157901,20.630056240452067,-3.411278597877562,True,1.0,False
1.26,3.0683209896087646,-0.054717499762773514,0.43518897891044617,0.9275130469390138,-0.21213472000971723,-1.354500082607912,6.552597284317017,6.6228790283203125,10.05993011775195,17.8093250202675,-4.2078414765810015,True,1.0,False
1.28,3.0870778560638428,-0.05944955721497536,0.40820756554603577,0.9334527363201284,-0.23465074577914496,-1.4325633741701602,7.041496753692627,6.8702473640441895,10.197982542413623,14.571895970001403,-5.063194468763722,True,1.0,False
1.3,3.1059157848358154,-0.06472569704055786,0.3801741898059845,0.9383731958532673,-0.26302510428764714,-1.4789043274799016,7.6139538288116455,7.182027339935303,10.368490313898972,10.913447089959202,-5.978599931614754,True,1.0,False
1.32,3.1247878074645996,-0.07064380496740341,0.3516339361667633,0.9415876277724651,-0.2966215917056603,-1.4973161486280226,8.18578577041626,7.528335094451904,10.599631023437329,6.872118149708857,-6.952007060158552,True,1.0,False
1.34,3.1435585021972656,-0.07700713723897934,0.321670800447464,0.9372062300972264,-0.31702744596911847,-1.5785939701417615,8.606520652770996,7.620167255401611,10.930309697625866,2.803291542385513,-7.9241569916645505,True,1.0,False
1.36,3.1619606018066406,-0.08278466761112213,0.2853957414627075,0.9147506434036998,-0.27494697309121663,-1.9539888669934975,8.813706278800964,6.9535813331604,11.385153274528433,-0.3365492721284848,-8.712191321500228,True,1.0,False
1.3800000000000001,3.180018901824951,-0.08767350018024445,0.24141639471054077,0.8992361095089786,-0.23019766359345797,-2.3394545059444423,9.137049794197083,6.648458480834961,11.939389939945313,-2.4585205881195464,-9.303543208245918,True,1.0,False
1.4000000000000001,3.1978602409362793,-0.09175702929496765,0.1901470273733139,0.8896196149646374,-0.19216269876365868,-2.691592914077317,9.814518928527832,6.685595512390137,12.566281939351232,-3.83658481786715,-9.752142343633084,True,1.0,False
1.42,3.2155613899230957,-0.09519501030445099,0.13234931230545044,0.8835779966552698,-0.16257556170601156,-3.0041470991696957,10.678139626979828,7.015756607055664,13.245080417505296,-4.6953559475827245,-10.099248187409346,True,1.0,False
1.44,3.2157771587371826,-0.09691458940505981,0.11391818523406982,-0.31206084338921797,0.3385021757032318,-0.8526092356751818,11.867473281919956,-13.318262100219727,15.855399902590202,0.37344280638282107,-9.99237693218077,True,1.0,False
1.46,3.223747968673706,-0.10257669538259506,0.11753663420677185,0.4288195867788395,-0.3334942954568598,0.2744482930128106,11.57380498945713,3.7939398288726807,19.287329962566204,1.7321149443434465,-11.25402548480994,True,1.0,False
1.48,3.2345693111419678,-0.10999348759651184,0.12154491245746613,0.6129830799742645,-0.3976639247046201,0.21327301219848688,16.228168487548828,6.005655288696289,22.503991748265943,3.8144393036394257,-12.156292614309077,True,1.0,False
1.5,3.2483489513397217,-0.11911828070878983,0.12458106130361557,0.75157980846577,-0.5023435090829602,0.17898461927849127,12.232725709676743,8.414413452148438,25.392927036056214,5.489575252444175,-12.858348858731409,True,1.0,False
1.52,3.2643330097198486,-0.1303074061870575,0.12703442573547363,0.8420558046163782,-0.6090236720860873,0.16039558395899467,9.802770853042603,8.891744613647461,27.903616135278188,7.022282640164832,-13.110858050022001,True,1.0,False
1.54,3.281933307647705,-0.1437443047761917,0.1299642026424408,0.9204020147773373,-0.7406468219490305,0.1957066937679489,7.184304714202881,8.378744125366211,30.146302560989806,8.854542405779052,-12.4508303322242,True,1.0,False
1.56,3.2997453212738037,-0.1647218018770218,0.1411464810371399,0.9216181853106117,-1.1857592624655688,0.6994000293292675,6.810412287712097,9.543891906738281,32.07899715866423,10.413348119108385,-11.647337560556327,True,1.0,False
1.58,3.3180880546569824,-0.1909358650445938,0.15635430812835693,0.9221644910586153,-1.3645800828234786,0.7668065326568588,6.107972145080566,10.048370361328125,33.73247021976966,10.071547193693727,-12.000777104538514,True,1.0,False
1.6,3.3361573219299316,-0.22350607812404633,0.17692601680755615,0.8981784259181371,-1.7161767988334118,1.080186040405027,4.596801280975342,11.691062927246094,35.157880801498614,7.362159916087379,-14.005894592376345,True,1.0,True
