time_s,x,y,z,vx_root,vy_root,vz_root,vx_com,vy_com,vz_com,rear_measured_rad_s,rear_applied_target_rad_s,rear_policy_requested_rad_s,roll_deg,pitch_deg,yaw_deg,apex,done
0.0,1.5,-3.725290298461914e-09,0.1499999761581421,2.0,0.0,0.0,2.0,0.0,0.0,0.0,28.57142857142857,11.914397455751896,0.0,0.0,0.0,0.0,False
0.02,1.5396745204925537,7.403024937957525e-06,0.14797653257846832,1.9917750916957988,0.00023581065366343383,-0.18554021348104266,1.9999990554270148,-9.955975763800157e-09,-0.19620003476206505,5.919721603393555,28.57142857142857,9.262049496173859,0.002261527245938532,0.5083127032757513,0.004395055682287438,0.0,False
0.04,1.5795658826828003,1.0854506399482489e-05,0.14186179637908936,1.997554779256422,0.00011774367994100366,-0.38086730627964577,1.9999996152296255,-1.9609081544300817e-08,-0.39240001734402796,10.823884963989258,28.57142857142857,10.18911999464035,0.0032541055755238757,0.7690592993358655,0.0027164096501932186,0.0,False
0.06,1.6195759773254395,1.259450800716877e-05,0.13175158202648163,2.002219018976084,7.867096680044602e-05,-0.579708460600878,2.0000000002635403,-1.57138728287296e-08,-0.5885997899155492,14.672861099243164,28.57142857142857,11.827128432691097,0.0037565424423167716,0.9092851717215101,0.0021293041721577996,0.0,False
0.08,1.6612859964370728,0.0004392091650515795,0.11871076375246048,2.3514071557262337,0.08733443478968872,-0.5880771091876993,1.933909685080388,0.02276644847146285,-0.39346731734197293,22.343599319458008,28.57142857142857,10.60844162106514,0.09742581827004208,-0.31362225762556767,0.08624318072692057,0.0,False
0.1,1.7035459280014038,0.0011057347292080522,0.12154291570186615,2.0316314500275734,0.0345897922611571,0.2012086077637716,1.8489304922913863,0.008893472538942356,0.13616394921966357,28.900806427001953,28.57142857142857,9.927802205085754,0.23753688429074069,-0.9068037110062682,0.4469976052832831,0.0,False
0.12,1.7439563274383545,0.0016679512336850166,0.12308435142040253,1.9260820243040813,0.10181791644617906,0.14661781997786866,1.8320253173251682,0.0273441154321647,0.041607211583055505,31.699188232421875,28.57142857142857,13.183428436517715,0.341513814688581,-1.7019508387435882,0.7524005923821162,0.0,False
0.14,1.7814339399337769,0.0024249267298728228,0.12360332161188126,1.7529997542505964,0.024055700341203825,0.16303719538023725,1.8122419641723797,0.0068314027576859655,0.05906922671380821,23.730331420898438,28.57142857142857,13.62111085653305,0.4919003603753971,-2.025751710112781,0.9821394143743294,0.0,False
0.16,1.8169573545455933,0.00293198274448514,0.12264390289783478,1.7436676781409053,0.07420705784006917,-0.039272551998822285,1.8148323763331082,0.020269913728475916,-0.10974632619798015,21.124614715576172,28.57142857142857,14.429937064647675,0.5973795755308722,-1.6520711263435983,1.203022326339772,0.0,False
0.18,1.8498080968856812,0.003622533055022359,0.12069199234247208,1.5815499826049344,0.03246726173565735,-0.11219488646862749,1.7898901436189578,0.008481379451600133,-0.10592926530296573,20.752235412597656,28.57142857142857,14.455765843391418,0.7649103204571261,-0.6005660608301817,1.3446086355727709,0.0,False
0.2,1.8819564580917358,0.003651555860415101,0.12072575837373734,1.6162310702317355,-0.024568480668018415,0.30975605732321065,1.7055417240901307,-0.00974048395104216,0.25139576957415033,24.26912498474121,28.57142857142857,14.766286075115204,0.8021935586187734,0.4828204825173974,1.0473757927532161,0.0,False
0.22,1.9150066375732422,0.003180029336363077,0.12317400425672531,1.6471707385657808,-0.023990556987752126,0.06953220632337714,1.7055419211051088,-0.009740471297533712,0.055195827744843204,25.76191520690918,28.57142857142857,14.812030971050262,0.7240644777829778,0.8679154854890487,0.26168447003328127,0.0,False
0.24,1.9482961893081665,0.002574407495558262,0.12219822406768799,1.7403114575936267,-0.051938310845961885,-0.052355775844894425,1.702517537827791,-0.016622344711012583,-0.07607960103234322,27.43288803100586,28.57142857142857,15.098162055015564,0.6079620052357871,1.1212389888027632,-0.5519639404259536,0.0,False
0.26,1.9845967292785645,0.0015817295061424375,0.12137401849031448,1.8420192790500312,-0.045061011068927084,-0.07109751204154868,1.6840015458874225,-0.015121126586446194,-0.08342019954116914,27.731830596923828,28.57142857142857,15.029744267463684,0.4242539587933479,0.4668257854375833,-1.4233428593656694,0.0,False
0.28,2.020646333694458,0.0002643144689500332,0.11944595724344254,1.7191133922595223,-0.09404802954899866,0.24066020743798647,1.6358422030820463,-0.028947554868916484,0.15820310964275225,24.08637046813965,28.57142857142857,14.479817390441895,0.19243189058139698,0.048665982813276804,-2.151188425129404,0.0,False
0.3,2.055307626724243,-0.0016835515853017569,0.12064860016107559,1.6764380729527857,-0.08335943930273862,0.08020944371955017,1.6319799895785863,-0.026390979062180246,0.028192676376564495,24.585025787353516,28.57142857142857,13.776154696941376,-0.17513068928666561,-0.6365035157475772,-2.599827363444554,0.0,False
0.32,2.0876874923706055,-0.003403719514608383,0.12061391770839691,1.4542233860806588,-0.036641488904031086,0.07667938068521553,1.597960198537367,-0.014106727672977907,0.03220079486007955,29.574098587036133,28.57142857142857,12.847399055957794,-0.5144832711715831,-0.7276129298653287,-3.0354991485239102,0.0,False
0.34,2.117502450942993,-0.0052597299218177795,0.11941573023796082,1.4916219455665911,-0.09756138475563268,-0.12897364413172557,1.609901728090042,-0.030180188046144325,-0.126786140824106,18.589736938476562,28.57142857142857,11.49231880903244,-0.9248495622079556,-0.050514259176550134,-3.4095433536132576,0.0,False
0.36,2.148735761642456,-0.006228718440979719,0.11949630826711655,1.6833099461713832,-0.1008288873192226,0.07115931242102802,1.5631051639360367,-0.019191559188252754,0.0952083122616133,24.153717041015625,28.57142857142857,11.192253738641739,-1.1487419760972541,0.12507691434344273,-3.3584607996794404,0.0,False
0.38,2.181222438812256,-0.008103640750050545,0.11952310800552368,1.5423686040178564,-0.08457248919618193,0.03986036103408323,1.5593245716557946,-0.016611013164110476,-0.03277259604277064,20.539335250854492,28.57142857142857,8.836618781089783,-1.572773344478875,-0.04957529689125157,-3.5708188820628455,0.0,False
0.4,2.21162486076355,-0.008965995162725449,0.11913242936134338,1.5285513478228907,0.0020987420720926277,-0.017193210136166197,1.548913441544911,0.010433780994519358,-0.02678238942977864,21.159698486328125,28.57142857142857,10.067718923091888,-1.8275550844418236,0.12972591008427145,-3.5378580825213586,0.0,False
0.42,2.2422239780426025,-0.009692712686955929,0.12071333825588226,1.5208361749179562,-0.05375406985945543,0.051962832896784,1.5020066955584583,0.0019243179198929824,0.0591432116688435,25.424297332763672,28.57142857142857,10.986710160970688,-2.0953810724040642,-0.03484271719641365,-2.327878996522022,0.0,False
0.44,2.2725989818573,-0.010728921741247177,0.11953461915254593,1.4782882995341973,0.030268412980183134,0.002647386828026836,1.5078303357357201,0.023987514307836463,-0.09141982696305063,17.603015899658203,28.57142857142857,10.77598661184311,-2.4449462347244917,-0.06154360575047149,-0.9613028089727986,0.0,False
0.46,2.3016529083251953,-0.008817696012556553,0.12026052176952362,1.467533216151317,0.10800943436397008,0.06622252092753826,1.4546518156755517,0.05787799704862891,0.10253249547840253,22.5821475982666,28.57142857142857,10.050828695297241,-2.2020898943764475,0.12616801103925235,0.3123963153202189,0.0,False
0.48,2.330846071243286,-0.006618780549615622,0.1197737604379654,1.4622619835767212,0.11021200358205965,-0.098525608448976,1.4546519199202261,0.05787787109839124,-0.09366745721773719,23.755342483520508,28.57142857142857,10.330629229545593,-1.918673750928782,0.1703647771699651,1.6839524076615788,0.0,False
0.5,2.3605098724365234,-0.003570778528228402,0.1197369396686554,1.3942191620780529,0.169279769789415,0.10852994770468673,1.4104722409471004,0.08178606679259828,0.09430082937903646,20.575481414794922,28.57142857142857,10.706890136003494,-1.4878516573175742,-0.19988591235956885,3.1112362962778715,0.0,False
0.52,2.3884129524230957,-0.0002579235006123781,0.11942873895168304,1.3134305863794096,0.1753862536919577,0.004633911743660929,1.4026918927628156,0.08535844780886025,-0.03238807050090157,21.550426483154297,28.57142857142857,10.340104222297668,-1.0070053881098655,-0.06647645418416796,4.261747330341359,0.0,False
0.54,2.414607524871826,0.003416752442717552,0.1201251968741417,1.3144612822210962,0.20410315625395195,0.08786487725502001,1.350656037170129,0.09155227262580272,0.09023954247365017,20.319530487060547,28.57142857142857,10.276754379272461,-0.4256273135305528,0.2527866004834906,5.4512467810853975,0.0,False
0.56,2.441220760345459,0.007212026044726372,0.1198277398943901,1.4088470538687552,0.24852534338484347,0.040319975470579424,1.3433724664047204,0.09943025337062483,0.0008527210048084456,22.727792739868164,28.57142857142857,11.022337317466736,0.1738909214686501,0.327404559687456,6.627343810562615,0.0,False
0.58,2.468973159790039,0.011681725271046162,0.11956633627414703,1.3975388928060188,0.19520060509794457,0.0976749790760005,1.3027433454518154,0.08182886054766994,0.11162808698553353,21.281414031982422,28.57142857142857,10.840771615505219,0.8893121927852208,-0.11064569386153891,7.636236854073761,0.0,False
0.6,2.4962172508239746,0.015144502744078636,0.12012560665607452,1.3166834836857761,0.15157643552851593,0.03111374724049544,1.3011706025264618,0.07184389827476176,0.018049740424921638,19.044532775878906,28.57142857142857,9.684139430522919,1.4060437816178002,-0.5092223264319132,7.805560465765151,0.0,False
0.62,2.521317958831787,0.018016120418906212,0.11972961574792862,1.2006112403845626,0.1339030089256994,-0.011017663851741358,1.2938701691274672,0.06812181359751336,-0.026473167898895894,16.335803985595703,28.57142857142857,17.861984252929688,1.8700765999826974,-0.27830685745040745,7.9651199190012925,0.0,False
0.64,2.5455617904663086,0.020517610013484955,0.11906971037387848,1.2365017905552982,0.12119479686536735,0.08377468880092989,1.2544469313058049,0.04112641692187473,0.36010771849884116,16.815994262695312,28.57142857142857,20.1138653755188,2.2960947756645775,0.06780461983147264,8.032998090474516,0.0,False
0.66,2.571988582611084,0.023130906745791435,0.11911901831626892,1.3610273225924936,0.12893657905022018,0.1331579641923946,1.203781332057589,0.015309197152556674,0.6530219515463549,19.437000274658203,28.57142857142857,19.17419743537903,2.6830650104827765,0.058923192449753026,7.928520361384104,0.0,False
0.68,2.6008222103118896,0.025804176926612854,0.1191348284482956,1.5105552278460277,0.1434217398608039,0.11837639745038757,1.1562308145943774,-0.011109192765285143,0.9338041964969133,19.310338973999023,28.57142857142857,17.69038188457489,3.0056006525775127,0.08248361060085617,7.715613814054499,0.0,False
0.7000000000000001,2.6324682235717773,0.028402216732501984,0.11959823220968246,1.7197979780723853,0.11308101461631419,0.2771867690237266,1.070554443467085,-0.06195912926038163,1.3121254703269627,20.948713302612305,28.57142857142857,16.92318105697632,3.259192994012689,0.2999502869703042,7.3171996006794675,0.0,False
0.72,2.662492275238037,0.030237186700105667,0.12083446979522705,1.3271381136517648,0.0382524951924996,0.0936169810543828,1.0413732821637773,-0.1205183193343553,1.9229699589224014,19.84543228149414,28.57142857142857,16.424615263938904,3.469363212324977,-0.9851294225110068,6.5963636406458,0.0,False
0.74,2.682691812515259,0.030057741329073906,0.12086125463247299,0.7384481613676235,-0.04592394130751532,0.06037397524883484,0.9813036859940898,-0.18608246586577384,2.581109566898955,10.030444145202637,28.57142857142857,18.519007444381714,3.6018937550299484,-1.0922746470455613,5.553032736274381,0.0,False
0.76,2.6919023990631104,0.028899166733026505,0.12158544361591339,0.1890269776572151,-0.11854886169300909,0.798626599318769,0.997578894280789,-0.19451539868747297,2.665594714802021,4.041683197021484,28.57142857142857,20.280733108520508,3.712733397604421,1.51530949567971,4.878437192573959,0.0,True
