case,method,apex,end_time_s,end_code,root_vx_at_0_5,root_vx_mean_0_1_to_0_5,com_vx_mean_0_1_to_0_5,rear_qd_mean_0_1_to_0_5,rear_target_mean_0_1_to_0_5,max_root_z,first_post_apex_contact_s,remaining_after_contact_s
natural,MJX policy,True,6.28,3,1.96924889087677,1.9318222999572754,1.922297957160738,2.4898505210876465,13.461161068507604,0.6095673441886902,,
natural,Isaac policy,False,0.78,8,1.3847442861658226,1.6149389608481823,1.598575729747058,22.01198350815546,12.64778749006135,0.1499999761581421,,
natural,Isaac fixed rear,False,0.76,8,1.3942191620780529,1.633353760280914,1.6367696822339661,24.00148582458496,28.571428571428566,0.1499999761581421,,
vx_minus,MJX policy,True,6.16,3,1.9863171577453613,1.930354118347168,1.9164508809463952,1.4396286010742188,13.50376437959217,0.629777729511261,,
vx_minus,Isaac policy,True,1.6,3,1.3825060154971216,1.5689366107557479,1.5454679877212851,20.457194782438734,11.938267981367451,0.5597544312477112,1.46,0.14000000000000012
vx_minus,Isaac fixed rear,False,0.76,8,1.4445094832673457,1.605295185134698,1.6025199264701189,22.141747247605096,28.571428571428566,0.1499999761581421,,
x_minus,MJX policy,True,6.18,3,1.9783416986465454,1.9322960376739502,1.9220709816124502,2.7500946521759033,13.481638181777228,0.6280931830406189,,
x_minus,Isaac policy,True,1.68,3,1.2516603396359594,1.5983602680904336,1.589630371971112,21.940735317411878,12.171046071286712,0.5536649823188782,1.42,0.26
x_minus,Isaac fixed rear,True,1.6,4,1.478162111262156,1.6308734483914948,1.6319883523981706,23.547112328665598,28.571428571428566,0.569765031337738,1.46,0.14000000000000012
vx_plus,MJX policy,True,1.46,4,1.9939217567443848,1.9683560132980347,1.9564051580359683,2.894481658935547,13.474377495901924,0.6457965970039368,,
vx_plus,Isaac policy,True,1.54,10,1.1608208950094103,1.6677537929667818,1.6283054132194454,20.32652677808489,9.683766739709037,0.5608346462249756,1.5,0.040000000000000036
vx_plus,Isaac fixed rear,False,0.64,3,1.4293611140181148,1.5862291010783038,1.6465908330086534,23.93081283569336,28.571428571428566,0.1499999761581421,,
x_plus,MJX policy,True,1.72,3,1.970757246017456,1.9339628219604492,1.9242983171210386,3.1164767742156982,13.489049275716146,0.6014586091041565,,
x_plus,Isaac policy,True,1.52,3,1.334007237158884,1.6054274038187177,1.6004325011753409,20.690251259576705,11.490936715688024,0.5731416940689087,1.42,0.10000000000000009
x_plus,Isaac fixed rear,True,1.72,3,1.4144797639486748,1.6088937124580336,1.6126262722215816,24.562374932425364,28.571428571428566,0.5727720260620117,1.44,0.28
