training/entropy_loss,training/kl_mean,training/learning_rate,training/policy_dist_max_loc,training/policy_dist_max_std,training/policy_dist_mean_loc,training/policy_dist_mean_std,training/policy_dist_min_loc,training/policy_dist_min_std,training/policy_loss,training/sps,training/total_loss,training/v_loss,training/walltime,training_transitions
0.0044920663349330425,0.16398748755455017,9.999999747378752e-05,1.9798104763031006,0.9735468626022339,-0.1392756551504135,0.190707266330719,-2.4948301315307617,0.023396072909235954,0.1124987006187439,270.322605138734,153.68357849121094,153.56658935546875,11.837707757949829,3200
0.003435008227825165,0.03564854711294174,9.999999747378752e-05,1.8203251361846924,1.0040078163146973,-0.10503804683685303,0.23196333646774292,-2.5236568450927734,0.028156761080026627,0.04518645629286766,8051.168434950413,120.523681640625,120.47505187988281,12.2351655960083,6400
0.003899221308529377,0.02553074061870575,9.999999747378752e-05,1.8697316646575928,1.082929253578186,-0.12660527229309082,0.21325278282165527,-2.842106819152832,0.02795075997710228,0.03417858108878136,7879.452550180846,140.3077392578125,140.2696533203125,12.641285181045532,9600
0.004044787958264351,0.01907108724117279,9.999999747378752e-05,1.9815376996994019,0.9801337122917175,-0.1388324648141861,0.21356141567230225,-2.7248623371124268,0.025838714092969894,0.026937175542116165,8159.092721737524,154.14105224609375,154.11007690429688,13.033485651016235,12800
0.0038704718463122845,0.018527397885918617,9.999999747378752e-05,1.8709681034088135,1.0472586154937744,-0.12383365631103516,0.21643862128257751,-2.5878095626831055,0.027112992480397224,0.025401465594768524,7905.442195702764,138.49798583984375,138.46871948242188,13.438270092010498,16000
0.003869950771331787,0.008569701574742794,9.999999747378752e-05,1.8637917041778564,1.0440659523010254,-0.13933546841144562,0.22106152772903442,-2.6113429069519043,0.02683958038687706,0.010959653183817863,7911.737888446262,141.86631774902344,141.85147094726562,13.842732429504395,19200
0.003760281018912792,0.004481726326048374,9.999999747378752e-05,1.9447492361068726,1.107285737991333,-0.14123591780662537,0.2253323495388031,-2.918560266494751,0.026781141757965088,0.00874265842139721,7797.372249204099,122.11653137207031,122.1040267944336,14.253127098083496,22400
0.003960851579904556,0.0063388110138475895,9.999999747378752e-05,1.9132201671600342,1.0336787700653076,-0.13224069774150848,0.21734806895256042,-2.486475944519043,0.02431594580411911,0.010535841807723045,8011.138189399596,147.86785888671875,147.85336303710938,14.652570962905884,25600
0.004031437449157238,0.002951303031295538,9.999999747378752e-05,2.0236663818359375,1.058279275894165,-0.13549217581748962,0.21496644616127014,-2.306577682495117,0.02518102526664734,0.00684643117710948,7829.955365815384,139.56373596191406,139.5528564453125,15.06125783920288,28800
0.003955988213419914,0.002747791586443782,9.999999747378752e-05,1.8261874914169312,1.022383213043213,-0.13402944803237915,0.21392366290092468,-2.584980010986328,0.025586795061826706,0.001569208805449307,8094.5531214794555,140.51849365234375,140.51296997070312,15.45658540725708,32000
0.003899114206433296,0.0022283243015408516,9.999999747378752e-05,1.9383105039596558,0.9995296597480774,-0.14575138688087463,0.2184683084487915,-2.3669610023498535,0.02359580807387829,0.004212889354676008,7625.781965532837,116.2381820678711,116.23007202148438,15.876214504241943,35200
0.004013347439467907,0.0017956731608137488,9.999999747378752e-05,1.9151438474655151,1.0146582126617432,-0.1415819525718689,0.2154233455657959,-2.450127601623535,0.024685848504304886,0.004830333404242992,7774.293078781068,111.67420959472656,111.66535949707031,16.287827491760254,38400
0.004085997119545937,0.03291701152920723,9.999999747378752e-05,1.8241446018218994,1.0121021270751953,-0.13119357824325562,0.2122480869293213,-2.24863862991333,0.022341346368193626,0.021956520155072212,9283.823932224586,110.34525299072266,110.3192138671875,16.63251304626465,41600
0.004198727663606405,0.00936555303633213,9.999999747378752e-05,1.8497865200042725,0.9856976270675659,-0.13221049308776855,0.2089124321937561,-2.359067916870117,0.02372431755065918,0.010760178789496422,8132.835409396607,94.88398742675781,94.8690185546875,17.02597975730896,44800
0.003698268672451377,0.0055386065505445,9.999999747378752e-05,1.8562686443328857,0.9330835342407227,-0.14426295459270477,0.22751206159591675,-2.617403268814087,0.024898819625377655,0.005362072493880987,7970.372657750371,69.21310424804688,69.20404052734375,17.42746663093567,48000
0.004219246096909046,0.005080744624137878,9.999999747378752e-05,1.820556879043579,1.0319557189941406,-0.14824002981185913,0.20894169807434082,-2.4366674423217773,0.022095710039138794,0.009321545250713825,9333.132695166743,88.01255798339844,87.9990234375,17.770331144332886,51200
0.0039235432632267475,0.003452301025390625,9.999999747378752e-05,1.8181250095367432,1.018630027770996,-0.1314997375011444,0.2181849628686905,-2.3974084854125977,0.023015761747956276,0.006974690593779087,8386.684304287704,66.80224609375,66.79135131835938,18.151888370513916,54400
0.004044750705361366,0.005243578925728798,9.999999747378752e-05,1.8112993240356445,1.0044105052947998,-0.16150698065757751,0.21482433378696442,-2.624497890472412,0.023504085838794708,0.009108864702284336,7942.46015683991,78.1629867553711,78.14983367919922,18.554786205291748,57600
0.004008336924016476,0.009265439584851265,9.999999747378752e-05,1.906862497329712,0.9409323930740356,-0.1461644321680069,0.21292200684547424,-2.5399420261383057,0.023018544539809227,0.015750903636217117,9467.614243562062,64.2918472290039,64.27207946777344,18.892780542373657,60800
0.003791971132159233,0.0039312876760959625,9.999999747378752e-05,1.8280961513519287,0.9990848302841187,-0.13251091539859772,0.22280102968215942,-2.4654507637023926,0.022995486855506897,0.005687654949724674,9280.575734569105,62.534156799316406,62.524681091308594,19.237586736679077,64000
0.003930449951440096,0.008817777968943119,9.999999747378752e-05,1.8695383071899414,1.071925401687622,-0.14070957899093628,0.21842335164546967,-2.3052496910095215,0.023103628307580948,0.012900037690997124,8067.409146945098,47.50941467285156,47.492584228515625,19.634244441986084,67200
0.0039645531214773655,0.010081143118441105,9.999999747378752e-05,1.9174199104309082,1.0166921615600586,-0.13939568400382996,0.22063829004764557,-2.7318692207336426,0.02128145843744278,0.015064599923789501,7571.7231800647405,37.948089599609375,37.92906188964844,20.056869506835938,70400
0.0043809725902974606,0.007699565030634403,9.999999747378752e-05,1.9027339220046997,0.9939857721328735,-0.12790447473526,0.20217543840408325,-2.3506202697753906,0.021786047145724297,0.01599457859992981,9492.523185360531,50.2144775390625,50.19409942626953,20.39397692680359,73600
0.00415654294192791,0.01740892603993416,9.999999747378752e-05,1.8922051191329956,1.043167233467102,-0.12591233849525452,0.2138732224702835,-2.698431968688965,0.021800458431243896,0.023506158962845802,9359.165122120276,32.5798225402832,32.552162170410156,20.7358877658844,76800
0.004221617244184017,0.028779229149222374,9.999999747378752e-05,1.9220473766326904,0.9991892576217651,-0.13480524718761444,0.2118903398513794,-2.729267120361328,0.022311486303806305,0.03345339000225067,7956.910778767221,38.11638641357422,38.078712463378906,21.13805389404297,80000
0.004096903372555971,0.03151336684823036,9.999999747378752e-05,2.0685739517211914,1.0622339248657227,-0.14577284455299377,0.21390996873378754,-2.582749366760254,0.02235380932688713,0.033024199306964874,7680.3413237625955,23.588462829589844,23.551342010498047,21.554702043533325,83200
0.004211000166833401,0.028246410191059113,9.999999747378752e-05,1.9497272968292236,0.9715769290924072,-0.13402803242206573,0.20776323974132538,-2.622394323348999,0.02139109931886196,0.03574471175670624,8988.789473120238,20.82809066772461,20.78813362121582,21.910701036453247,86400
0.0041715409606695175,0.10160711407661438,9.999999747378752e-05,1.9203577041625977,0.9916800260543823,-0.1151151955127716,0.2077917754650116,-2.5415425300598145,0.02161920815706253,0.029250992462038994,7546.367370713841,20.18629264831543,20.152870178222656,22.33474612236023,89600
0.004046753980219364,0.05735086277127266,9.999999747378752e-05,1.9834015369415283,1.0555884838104248,-0.12487716227769852,0.21246829628944397,-2.266117572784424,0.024379460141062737,0.03151634335517883,9129.743455443962,23.34524917602539,23.3096866607666,22.685248851776123,92800
0.003858670126646757,0.028108544647693634,9.999999747378752e-05,1.9965112209320068,1.095249891281128,-0.11862875521183014,0.2185577154159546,-2.4725961685180664,0.02396126464009285,0.02635113336145878,7775.779387057529,19.233890533447266,19.20368194580078,23.09678316116333,96000
0.004163837060332298,0.01808621920645237,9.999999747378752e-05,2.12143611907959,1.0082930326461792,-0.12309153378009796,0.2049264907836914,-2.5607709884643555,0.024542970582842827,0.012626213021576405,7875.213019258279,20.265695571899414,20.248905181884766,23.503121376037598,99200
0.004006193485110998,0.026035146787762642,9.999999747378752e-05,2.004413366317749,0.9697926044464111,-0.12294910103082657,0.21249526739120483,-2.5505077838897705,0.025682922452688217,0.026579953730106354,8219.144648249314,14.479018211364746,14.448432922363281,23.89245629310608,102400
0.004139288328588009,0.046282388269901276,9.999999747378752e-05,2.036688804626465,1.0554225444793701,-0.10539472103118896,0.21239997446537018,-2.216719627380371,0.023939236998558044,0.025073666125535965,7830.905587039054,27.776432037353516,27.74721908569336,24.301093578338623,105600
0.004276442341506481,0.021219540387392044,9.999999747378752e-05,2.0832176208496094,1.036687970161438,-0.13298453390598297,0.20593690872192383,-2.62018084526062,0.025882843881845474,0.02162722498178482,7741.116799868961,20.814552307128906,20.788650512695312,24.714470624923706,108800
0.003990131430327892,0.05390170216560364,9.999999747378752e-05,2.046996593475342,1.0659453868865967,-0.1022639125585556,0.21779589354991913,-2.5973968505859375,0.02318134531378746,0.03993803262710571,9553.910393025286,16.030248641967773,15.986319541931152,25.04941201210022,112000
0.003871430642902851,0.05707639455795288,9.999999747378752e-05,2.132913827896118,1.1008262634277344,-0.13911733031272888,0.22440020740032196,-2.5628020763397217,0.024496620520949364,0.05411051958799362,7571.419916296654,12.98965835571289,12.931675910949707,25.47205400466919,115200
0.0042869579046964645,0.03432294353842735,9.999999747378752e-05,1.8210546970367432,0.9643162488937378,-0.10362909734249115,0.20799018442630768,-2.2693631649017334,0.024895258247852325,0.02999267354607582,7801.356047664523,16.151172637939453,16.116893768310547,25.88223910331726,118400
0.003917273599654436,0.027753228321671486,9.999999747378752e-05,1.9430804252624512,1.029545545578003,-0.12844963371753693,0.2211495041847229,-2.52955961227417,0.022928813472390175,0.021953649818897247,7977.009278140355,20.014719009399414,19.988847732543945,26.28339195251465,121600
0.0041617825627326965,0.02460365928709507,9.999999747378752e-05,1.8722785711288452,1.0648934841156006,-0.12362067401409149,0.2095731794834137,-2.5124399662017822,0.025386178866028786,0.01440358255058527,7683.084734605091,11.542169570922852,11.523603439331055,26.699891328811646,124800
0.0040838150307536125,0.03789139539003372,9.999999747378752e-05,1.8902255296707153,0.9707518815994263,-0.10299365222454071,0.21572399139404297,-2.219614267349243,0.024197207763791084,0.04118743911385536,7288.321925339864,12.107610702514648,12.062338829040527,27.138949871063232,128000
0.004161900840699673,0.04785355180501938,9.999999747378752e-05,1.9427433013916016,0.8696258068084717,-0.13217845559120178,0.2067030370235443,-2.410342216491699,0.024102525785565376,0.02879345789551735,8713.50180674162,22.130111694335938,22.097158432006836,27.50619602203369,131200
0.004337776452302933,0.043223850429058075,9.999999747378752e-05,1.909706950187683,0.9691303968429565,-0.11129111051559448,0.20340955257415771,-2.8641345500946045,0.02439788170158863,0.03560233488678932,9479.563573902578,14.937345504760742,14.897403717041016,27.843764305114746,134400
0.004378458019345999,0.025967447087168694,9.999999747378752e-05,2.254181385040283,0.9033434391021729,-0.11519850790500641,0.2023998349905014,-2.7642626762390137,0.023160604760050774,0.029598988592624664,9296.06036238765,29.34105682373047,29.307079315185547,28.18799614906311,137600
0.004215106833726168,0.043736353516578674,9.999999747378752e-05,1.915404200553894,0.9267874956130981,-0.08171315491199493,0.21050339937210083,-2.4603261947631836,0.024782229214906693,0.03842774033546448,7826.120278927601,9.344160079956055,9.30151653289795,28.596883296966553,140800
0.004197062458842993,0.09828033298254013,9.999999747378752e-05,2.006150960922241,0.9507728815078735,-0.11482647061347961,0.2136162668466568,-2.7844643592834473,0.022929489612579346,0.04240720719099045,9595.493144632595,19.62449073791504,19.5778865814209,28.930373191833496,144000
0.004100494552403688,0.035927511751651764,9.999999747378752e-05,1.9338734149932861,0.9455169439315796,-0.0979432463645935,0.21628327667713165,-2.3029675483703613,0.022939885035157204,0.026481611654162407,9547.983877278373,30.720073699951172,30.689491271972656,29.265522480010986,147200
0.004114912357181311,0.025567449629306793,9.999999747378752e-05,1.9895696640014648,0.9192736148834229,-0.0985603779554367,0.21490520238876343,-2.5891196727752686,0.024825001135468483,0.025180218741297722,9229.064274486453,34.18189239501953,34.15259552001953,29.612253189086914,150400
0.004027307964861393,0.02871541678905487,9.999999747378752e-05,1.8977975845336914,1.0214329957962036,-0.1136053204536438,0.21983450651168823,-2.8574881553649902,0.02315424755215645,0.044334396719932556,7824.204143948673,16.870956420898438,16.822595596313477,30.02124047279358,153600
0.004428989253938198,0.0789414718747139,9.999999747378752e-05,2.0678482055664062,1.136904239654541,-0.11505597829818726,0.20624910295009613,-3.401052713394165,0.021661339327692986,0.04567427933216095,9414.797377111736,16.901582717895508,16.851478576660156,30.361130952835083,156800
0.004099361598491669,0.030291831120848656,9.999999747378752e-05,1.8549904823303223,0.9619306325912476,-0.10510718077421188,0.21239200234413147,-2.736703395843506,0.025402944535017014,0.024700094014406204,9474.411033477949,18.782672882080078,18.753875732421875,30.698882818222046,160000
0.004361405968666077,0.027013981714844704,9.999999747378752e-05,1.9670815467834473,0.9382065534591675,-0.12267720699310303,0.20260244607925415,-2.5104074478149414,0.025367682799696922,0.026779858395457268,10046.891376908527,14.558096885681152,14.526955604553223,31.01738929748535,163200
0.003955722786486149,0.026875313371419907,9.999999747378752e-05,2.0400493144989014,0.935094952583313,-0.09368870407342911,0.21772709488868713,-2.222304344177246,0.02154557593166828,0.027350975200533867,9716.030273525867,21.181814193725586,21.150508880615234,31.346741914749146,166400
0.003953572362661362,0.023668041452765465,9.999999747378752e-05,1.9990386962890625,0.8816066384315491,-0.10813470184803009,0.2152615189552307,-2.4993114471435547,0.025063585489988327,0.024898674339056015,7974.284132201158,20.506242752075195,20.47739028930664,31.748031854629517,169600
0.00421728752553463,0.021850379183888435,9.999999747378752e-05,1.8469839096069336,1.0061055421829224,-0.10432986915111542,0.20922496914863586,-2.636094093322754,0.02673277258872986,0.023410772904753685,9419.283681597277,12.648385047912598,12.620757102966309,32.08776044845581,172800
0.004343947395682335,0.03306414559483528,9.999999747378752e-05,1.9039316177368164,0.9979925155639648,-0.08582604676485062,0.20988160371780396,-2.6071362495422363,0.021823124960064888,0.029111601412296295,9960.063195748757,13.77243423461914,13.738978385925293,32.40904355049133,176000
0.00417703203856945,0.06126781180500984,9.999999747378752e-05,1.9452505111694336,0.8679260611534119,-0.12046296149492264,0.2086198925971985,-2.3390274047851562,0.022191006690263748,0.0219106525182724,9953.95443144619,20.029560089111328,20.00347137451172,32.73052382469177,179200
0.0041261701844632626,0.01937711238861084,9.999999747378752e-05,1.9123287200927734,0.9800173044204712,-0.1207660585641861,0.21122980117797852,-2.2992160320281982,0.02431471273303032,0.016581259667873383,9308.742265124014,18.86224937438965,18.841543197631836,33.074286699295044,182400
0.004240085370838642,0.027033088728785515,9.999999747378752e-05,1.8813674449920654,0.9345214366912842,-0.11690546572208405,0.20763921737670898,-2.7718656063079834,0.02598557062447071,0.024547966197133064,9240.908546367124,28.80999755859375,28.781211853027344,33.420572996139526,185600
0.004172833636403084,0.013618063181638718,9.999999747378752e-05,1.9132962226867676,0.9767440557479858,-0.11062057316303253,0.2131877839565277,-2.9153480529785156,0.025059491395950317,0.014017431996762753,7939.537816667042,23.818933486938477,23.800743103027344,33.82361912727356,188800
0.004112266004085541,0.007574689574539661,9.999999747378752e-05,1.9250786304473877,0.9786201119422913,-0.11363261193037033,0.21228349208831787,-2.906351089477539,0.02238747663795948,0.0060119787231087685,9318.591814885838,18.012020111083984,18.001895904541016,34.16701865196228,192000
0.004301606677472591,0.025927536189556122,9.999999747378752e-05,2.055542469024658,0.974915087223053,-0.0798778086900711,0.2071574181318283,-2.48063325881958,0.020541343837976456,0.02060745283961296,8983.80170776782,18.07208824157715,18.04718017578125,34.52321529388428,195200
0.00424753874540329,0.0339583158493042,9.999999747378752e-05,2.06713604927063,0.9531551003456116,-0.12721925973892212,0.205835223197937,-2.7224225997924805,0.02404606342315674,0.02406805381178856,9756.6061381446,19.374378204345703,19.34606170654297,34.85119819641113,198400
0.004328766372054815,0.015894683077931404,9.999999747378752e-05,1.9551384449005127,0.9486269950866699,-0.09903702139854431,0.20473918318748474,-2.5723323822021484,0.02356877736747265,0.017857592552900314,9283.939522638892,38.57490539550781,38.55271911621094,35.1958794593811,201600
0.004103180952370167,0.007513374090194702,9.999999747378752e-05,2.015746593475342,0.9443565011024475,-0.08912208676338196,0.21167315542697906,-2.5436577796936035,0.02643047831952572,0.014208510518074036,9333.08726535636,39.37739944458008,39.35908889770508,35.538745641708374,204800
0.00400948990136385,0.02671920135617256,9.999999747378752e-05,1.9931889772415161,0.9669148921966553,-0.08799233287572861,0.21563534438610077,-2.3614883422851562,0.02760911174118519,0.023454030975699425,8154.918613482395,18.898719787597656,18.871253967285156,35.93114686012268,208000
0.0039283474907279015,0.02108612284064293,9.999999747378752e-05,2.0172910690307617,0.9834909439086914,-0.09668271243572235,0.2177811563014984,-2.7376503944396973,0.026654649525880814,0.019031964242458344,10101.591731336162,19.324111938476562,19.301151275634766,36.247928619384766,211200
0.004046708811074495,0.006330139935016632,9.999999747378752e-05,2.030510425567627,0.9713184833526611,-0.12435822188854218,0.2122194766998291,-2.5417304039001465,0.02822832018136978,0.009940817020833492,9171.529919359964,18.601722717285156,18.58773422241211,36.59683442115784,214400
0.004480864852666855,0.13611049950122833,9.999999747378752e-05,2.0977590084075928,0.8932890892028809,-0.0982021763920784,0.19581656157970428,-2.2034239768981934,0.027079526335000992,0.04218068718910217,9756.521031176037,25.961570739746094,25.914907455444336,36.92482018470764,217600
0.0040580048225820065,0.009595192968845367,9.999999747378752e-05,2.093743324279785,0.9353787899017334,-0.11326880007982254,0.21077944338321686,-2.5906448364257812,0.02778400108218193,0.0124948900192976,9196.49729623062,32.99277114868164,32.976219177246094,37.27277874946594,220800
0.004253324121236801,0.010740557685494423,9.999999747378752e-05,2.0912866592407227,0.9525413513183594,-0.10641414672136307,0.20466913282871246,-2.248527765274048,0.024482667446136475,0.01109680812805891,7825.0526022442455,32.88024139404297,32.864891052246094,37.681721687316895,224000
0.0040831370279192924,0.011041520163416862,9.999999747378752e-05,2.098151206970215,0.9294958114624023,-0.08993787318468094,0.21157757937908173,-2.442061424255371,0.028710300102829933,0.013945833779871464,9735.361386619781,19.640336990356445,19.62230682373047,38.01042032241821,227200
0.004202101845294237,0.009774640202522278,9.999999747378752e-05,2.073970079421997,0.9423270225524902,-0.10100425779819489,0.2079068422317505,-2.3121461868286133,0.02652924880385399,0.013564101420342922,9402.529801101815,24.319686889648438,24.301921844482422,38.350754261016846,230400
0.004232496023178101,0.06887403130531311,9.999999747378752e-05,2.0274271965026855,0.9220136404037476,-0.10022129118442535,0.2053973376750946,-2.4890213012695312,0.024153051897883415,0.036159150302410126,9212.296723065656,42.41228485107422,42.37189483642578,38.698116064071655,233600
0.004664615262299776,0.04055807739496231,9.999999747378752e-05,1.9995570182800293,0.9318798780441284,-0.116886667907238,0.1925126314163208,-2.4610161781311035,0.023633167147636414,0.024554725736379623,9853.048058464463,27.084388732910156,27.05516815185547,39.02288866043091,236800
0.0042564100585877895,0.007580120582133532,9.999999747378752e-05,2.0041191577911377,0.9867453575134277,-0.1347176730632782,0.20617835223674774,-2.809567451477051,0.025798749178647995,0.010820602998137474,9497.897081020797,32.81402587890625,32.798946380615234,39.35980534553528,240000
0.004742440767586231,0.023274393752217293,9.999999747378752e-05,2.0072133541107178,0.8762710094451904,-0.1055520623922348,0.19024056196212769,-2.852789878845215,0.0230273250490427,0.02601369097828865,9747.60721314809,32.53740310668945,32.506649017333984,39.68809103965759,243200
0.004646844230592251,0.014453225769102573,9.999999747378752e-05,2.020275592803955,0.8655935525894165,-0.11964801698923111,0.19157329201698303,-2.3773913383483887,0.02431716024875641,0.01911791041493416,9422.28574677898,35.67692184448242,35.653160095214844,40.027711391448975,246400
0.004809090867638588,0.022880127653479576,9.999999747378752e-05,2.206239700317383,0.8937299251556396,-0.11799996346235275,0.1886989325284958,-2.7324891090393066,0.024078600108623505,0.021634479984641075,9423.397128279586,28.56196403503418,28.535518646240234,40.36729168891907,249600
0.004608169198036194,0.04898800328373909,9.999999747378752e-05,2.002706289291382,0.9182908535003662,-0.10499589890241623,0.19564855098724365,-2.481443166732788,0.021277567371726036,0.05142180621623993,9633.91148308187,33.755367279052734,33.69933319091797,40.69945168495178,252800
0.004659881349653006,0.09075478464365005,9.999999747378752e-05,2.0020079612731934,0.95733243227005,-0.12274614721536636,0.19345766305923462,-2.6417016983032227,0.021832477301359177,0.0478520393371582,8011.405971230794,35.656211853027344,35.60369873046875,41.09888219833374,256000
