candidate_id,state_sha256,trajectory_id,phase,x_m,z_m,bank_success,status,forward_trajectory_landed,pi_0,pi_1,pi_2,pi_3
pi2_causal_upstream_000062,32b97f945cad4e8c802089674ba7c70114860f735c089e6a4f7ac2e34afd424f,dense_v1_train_x2.85_family2/variant_7,upstream,2.7386176586151123,0.11931861191987991,True,policy_disagreement,True,0,1,0,1
pi2_causal_upstream_000063,affb98b3507a1556c632ee9c17bb8fc45713bc0705215e3c11d39f3b3640fe5f,dense_v1_train_x2.85_family2/variant_7,upstream,2.804399013519287,0.11891337484121323,True,policy_disagreement,True,0,1,1,1
pi2_causal_upstream_000064,692fc58c147f95d1a7d5a5a1fca156fa8b49c020faa4f6ff7297e6ce09880d0d,dense_v1_train_x2.85_family2/variant_7,upstream,2.833942174911499,0.1183817908167839,True,all_succeed,True,1,1,1,1
pi2_causal_upstream_000065,2862e1975f93fac9834db81c8076a744b0daa75ffd95e6e454c0b1b88806f92f,dense_v1_train_x2.85_family2/variant_7,upstream,2.889416456222534,0.1509101241827011,True,all_succeed,True,1,1,1,1
pi2_causal_upstream_000066,b100400c38cc713453114719e0e38fbe5505aa5c8d4be7fc9caffa31fcf5e078,dense_v1_train_x2.85_family2/variant_7,upstream,2.93752384185791,0.24644199013710022,True,all_succeed,True,1,1,1,1
pi2_causal_upstream_000067,36944b800da6c844160c850837128204a2d5bcb32028452d641add702a4faa74,dense_v1_train_x2.85_family2/variant_7,upstream,2.9787449836730957,0.30683469772338867,True,all_succeed,True,1,1,1,1
pi2_causal_upstream_000068,83c6be674188c53420c98e8b2f4f7395fa47f6905c67b7bf111950dc6f34ccbf,dense_v1_train_x2.85_family2/variant_7,upstream,3.0255489349365234,0.37124064564704895,True,all_succeed,True,1,1,1,1
pi2_causal_upstream_000069,b03ae1c537554056ada78d9abc2c357c9ea21aebbbcb08c66d079f04b80024b1,dense_v1_train_x2.85_family2/variant_7,upstream,3.101254463195801,0.46072542667388916,True,all_succeed,True,1,1,1,1
pi2_causal_upstream_000070,398c29874ce8f17334f994ca8c17297748b4c6f6fa7e1e734a74369c352f19be,dense_v1_train_x2.85_family2/variant_7,upstream,3.1268880367279053,0.4680919647216797,True,all_succeed,True,1,1,1,1
pi2_causal_upstream_000071,a32b28d176e26cb5e9dc73ac4a35744924275eca5afc89c46868a475843d2337,dense_v1_train_x2.85_family2/variant_7,upstream,3.200727701187134,0.47353053092956543,True,all_succeed,True,1,1,1,1
pi2_causal_upstream_000072,cf7c91bd9d2031559d0f31835ccf6ed9e8b529a1b10474cae90e5efa56bd6841,dense_v1_train_x2.85_family2/variant_7,upstream,3.232783555984497,0.4808727502822876,True,all_succeed,True,1,1,1,1
pi2_causal_upstream_000073,67ec1d682e996b0b244cd07f45e9759c4ca897a56f312b76fd89e00c7a838787,dense_v1_train_x2.85_family2/variant_7,upstream,3.308419942855835,0.49629566073417664,True,all_succeed,True,1,1,1,1
pi2_causal_upstream_000074,4361c99787120da46596d3c1c66e90e4aa8b0feab8e495f3623efd4c2749383f,dense_v1_train_x2.85_family2/variant_7,upstream,3.3513433933258057,0.5082588195800781,True,all_succeed,True,1,1,1,1
pi2_causal_upstream_000075,e8bcb748317dd6ef6663eba383743501ef8f3341305d406dcd4fe52ed68a81c6,dense_v1_train_x2.85_family2/variant_7,upstream,3.3980162143707275,0.5306645035743713,True,all_succeed,True,1,1,1,1
pi2_causal_upstream_000076,b4fe0d6d94e5ace7bca78cd31a70d37ad8b8e177c297a86a7d3da24f97083404,dense_v1_train_x2.85_family2/variant_7,upstream,3.4460666179656982,0.5615391731262207,True,all_succeed,True,1,1,1,1
pi2_causal_upstream_000077,acdc356102c45d71da6155dc7f6e437d5c8fe0e26c4d4e9677e5a1fca01fcca8,dense_v1_train_x2.85_family2/variant_7,upstream,3.492366075515747,0.5877538323402405,True,all_succeed,True,1,1,1,1
pi2_causal_upstream_000078,3ebf146df3fc652f573efe22d3ee12070a7cc8d1a30e70448e1126977ab322f4,dense_v1_train_x2.85_family2/variant_7,upstream,3.5359480381011963,0.6044329404830933,True,all_succeed,True,1,1,1,1
pi2_causal_upstream_000079,267bb0b9e721a3a4ec4591c3fd99ccccb7b9a5ecd8ab6e076c44055264593512,dense_v1_train_x2.85_family2/variant_7,upstream,3.5770044326782227,0.6108724474906921,True,all_succeed,True,1,1,1,1
pi2_causal_downstream_000080,23cd9a474bb015749104b9d3eb9fd8b6cb8b1a9593d0af4d976160be9c8d1992,dense_v1_train_x2.85_family2/variant_7,downstream,3.6160290241241455,0.6076595783233643,True,all_succeed,True,1,1,1,1
pi2_causal_downstream_000081,34e01f8b0aec4dc68d58c613c9fbd7d8303bd974b8665d8abb30ae81d0de71b0,dense_v1_train_x2.85_family2/variant_7,downstream,3.653569221496582,0.5958872437477112,True,all_succeed,True,1,1,1,1
pi2_causal_downstream_000082,18cb198826c772cd8764a30e3f0b3b0950f7c3e057b1b45fcf801ec17505778d,dense_v1_train_x2.85_family2/variant_7,downstream,3.690070152282715,0.5768339037895203,True,all_succeed,True,1,1,1,1
pi2_causal_downstream_000083,075499ffdf075496c329c8105dc8cbb253fa6d56875fc7585f05b310bcaa16e5,dense_v1_train_x2.85_family2/variant_7,downstream,3.7259066104888916,0.551456093788147,True,all_succeed,True,1,1,1,1
pi2_causal_downstream_000084,b5896c58c986c721040a444a06b297d7b41ecbd2a80c2e2e3b397e92de7fd100,dense_v1_train_x2.85_family2/variant_7,downstream,3.7940006256103516,0.4785723090171814,True,all_succeed,True,1,1,1,1
pi2_causal_downstream_000085,61732f513a5dd2fb6f79dd1a950019878fd00fb4e654eb69608368f7608c4bcf,dense_v1_train_x2.85_family2/variant_7,downstream,3.8265721797943115,0.4318833649158478,True,all_succeed,True,1,1,1,1
pi2_causal_downstream_000086,4d1241dddf8b54b7e52011d9794adb79358e84cfa1956f48b9cda82839b202ee,dense_v1_train_x2.85_family2/variant_7,downstream,3.8901729583740234,0.32218658924102783,True,all_succeed,True,1,1,1,1
