phase,x_slice_center_m,observed_min_root_z_m,actual_x_m,candidate_id,trajectory_id,state_sha256,samples,continuous_path_claim
downstream,3.5500000000000003,0.6810527443885803,3.5690410137176514,pi2_causal_downstream_000249,dense_v1_train_x2.95_family4/variant_4,2bddc07a8fe7cae4df4086b5bbaa1522e4a2f5fb39de8491e1dc9a647ac6e78d,2,False
downstream,3.6,0.6076595783233643,3.6160290241241455,pi2_causal_downstream_000080,dense_v1_train_x2.85_family2/variant_7,23cd9a474bb015749104b9d3eb9fd8b6cb8b1a9593d0af4d976160be9c8d1992,5,False
downstream,3.6500000000000004,0.5958872437477112,3.653569221496582,pi2_causal_downstream_000081,dense_v1_train_x2.85_family2/variant_7,34e01f8b0aec4dc68d58c613c9fbd7d8303bd974b8665d8abb30ae81d0de71b0,6,False
downstream,3.7,0.5768339037895203,3.690070152282715,pi2_causal_downstream_000082,dense_v1_train_x2.85_family2/variant_7,18cb198826c772cd8764a30e3f0b3b0950f7c3e057b1b45fcf801ec17505778d,9,False
downstream,3.75,0.5192239284515381,3.756791353225708,pi2_causal_downstream_000210,dense_v1_train_x2.95_family2/variant_7,25d0d2ea359d2a41c9049a61f04b0b2ffe7ee604f07538451828e49d2c5bd6de,10,False
downstream,3.8000000000000003,0.4785723090171814,3.7940006256103516,pi2_causal_downstream_000084,dense_v1_train_x2.85_family2/variant_7,b5896c58c986c721040a444a06b297d7b41ecbd2a80c2e2e3b397e92de7fd100,10,False
downstream,3.85,0.3878253698348999,3.858217716217041,pi2_causal_downstream_000212,dense_v1_train_x2.95_family2/variant_7,90ac524b8b0bbae73b491c24fa7ff72a2d7776ef6fd850892ac16b240f0e96e9,10,False
downstream,3.9000000000000004,0.32218658924102783,3.8901729583740234,pi2_causal_downstream_000086,dense_v1_train_x2.85_family2/variant_7,4d1241dddf8b54b7e52011d9794adb79358e84cfa1956f48b9cda82839b202ee,9,False
downstream,3.95,0.3054213225841522,3.933673620223999,pi2_causal_downstream_000114,dense_v1_train_x2.85_family4/variant_4,8be08537980c5acd5909f35dac8ec38147137d2d933547821c9ea2b23d9f09a5,7,False
downstream,4.0,0.29294508695602417,4.000499725341797,pi2_causal_downstream_000026,dense_v1_train_x2.85_family0/variant_0,84f2b4bdc80591f3c772b0cfbd16b8e3a95428962e201c15fc458177b95a7afd,5,False
downstream,4.05,0.4139796495437622,4.036993980407715,pi2_causal_downstream_000258,dense_v1_train_x2.95_family4/variant_4,befbd54d58dd298a461af9286022967eee4ee4df9173809ee019065315dec88e,3,False
downstream,4.1000000000000005,0.37663137912750244,4.075530052185059,pi2_causal_downstream_000259,dense_v1_train_x2.95_family4/variant_4,ccd89ebf7b4d55d62a596aa18c21a5e5e9e22d7dfd8ffe6099044bfece235241,3,False
downstream,4.15,0.32379430532455444,4.1339430809021,pi2_causal_downstream_000168,dense_v1_train_x2.95_family1/variant_6,a99bb90507411a3b0f5ed3801c130f9e9a6ffdc56af6cea5590d23a679a0c0ec,2,False
upstream,2.75,0.11871135234832764,2.7393455505371094,pi2_causal_upstream_000000,dense_v1_train_x2.85_family0/variant_0,fa337be2e7d2566c85e3d08f3857dd6190733079a6de17f25246a2ee765dff6d,8,False
upstream,2.8000000000000003,0.1179128959774971,2.78820538520813,pi2_causal_upstream_000028,dense_v1_train_x2.85_family0/variant_5,1bde7a7059e9cb3eaaa423deab6aff52a6b9ce1e783905b2da00d9b46f57e2f1,8,False
upstream,2.85,0.11746402829885483,2.8376197814941406,pi2_causal_upstream_000142,dense_v1_train_x2.95_family1/variant_6,0d95b6e036d190044fc4d552425f61b865b3b0f92238d97eaa3757fff7ddca12,13,False
upstream,2.9000000000000004,0.11784567683935165,2.8861474990844727,pi2_causal_upstream_000093,dense_v1_train_x2.85_family4/variant_4,1ef3c2727058eb55a79e06a2ae8f237a7d6afda76cb1342d2cfd37282fde44c2,10,False
upstream,2.95,0.16717252135276794,2.9493651390075684,pi2_causal_upstream_000237,dense_v1_train_x2.95_family4/variant_4,4fe0577ee32696dc83c2c2e3cf1fea6d2db1022adf55f5053a7bc129123a94bc,10,False
upstream,3.0,0.22538502514362335,2.9877231121063232,pi2_causal_upstream_000238,dense_v1_train_x2.95_family4/variant_4,82c5cd42018eb15a25f63adfba52594eaa62fc94b39fe0dc338153821aea7baa,10,False
upstream,3.0500000000000003,0.2810940742492676,3.0347213745117188,pi2_causal_upstream_000239,dense_v1_train_x2.95_family4/variant_4,bf2e5e2c40733d314a498be0c425ca18d5da6d910f5dbee0e0c35c07f8811c09,10,False
upstream,3.1,0.3391755521297455,3.0848960876464844,pi2_causal_upstream_000240,dense_v1_train_x2.95_family4/variant_4,e1291bf38cc0811bf521ae5ebc05ba84633e31e82c9d8e84435ca375febc8220,10,False
upstream,3.1500000000000004,0.389147013425827,3.1315248012542725,pi2_causal_upstream_000241,dense_v1_train_x2.95_family4/variant_4,31a84626c7710aac6fe979235ac1184b8da6c3082457b0b5e718d43968e6ee12,10,False
upstream,3.2,0.4279147684574127,3.175699234008789,pi2_causal_upstream_000242,dense_v1_train_x2.95_family4/variant_4,eecf971814e801f1a3fde604ed1e3dc1d9fc3f2b2bcf826a53c109f4ba990c4c,10,False
upstream,3.25,0.4808727502822876,3.232783555984497,pi2_causal_upstream_000072,dense_v1_train_x2.85_family2/variant_7,cf7c91bd9d2031559d0f31835ccf6ed9e8b529a1b10474cae90e5efa56bd6841,10,False
upstream,3.3000000000000003,0.49629566073417664,3.308419942855835,pi2_causal_upstream_000073,dense_v1_train_x2.85_family2/variant_7,67ec1d682e996b0b244cd07f45e9759c4ca897a56f312b76fd89e00c7a838787,10,False
upstream,3.35,0.5082588195800781,3.3513433933258057,pi2_causal_upstream_000074,dense_v1_train_x2.85_family2/variant_7,4361c99787120da46596d3c1c66e90e4aa8b0feab8e495f3623efd4c2749383f,10,False
upstream,3.4000000000000004,0.5306645035743713,3.3980162143707275,pi2_causal_upstream_000075,dense_v1_train_x2.85_family2/variant_7,e8bcb748317dd6ef6663eba383743501ef8f3341305d406dcd4fe52ed68a81c6,10,False
upstream,3.45,0.5512055158615112,3.4452691078186035,pi2_causal_upstream_000127,dense_v1_train_x2.95_family0/variant_0,c632acd59b1ada333cd08090e96ff871bfd6440a7d6ddecc8549891b282b7e50,10,False
upstream,3.5,0.565202534198761,3.4841115474700928,pi2_causal_upstream_000128,dense_v1_train_x2.95_family0/variant_0,0abefff842032025670ee0c508b0b38f77c5cf37d89d7253440498b7ca55ee04,10,False
upstream,3.5500000000000003,0.6044329404830933,3.5359480381011963,pi2_causal_upstream_000078,dense_v1_train_x2.85_family2/variant_7,3ebf146df3fc652f573efe22d3ee12070a7cc8d1a30e70448e1126977ab322f4,8,False
upstream,3.6,0.6108724474906921,3.5770044326782227,pi2_causal_upstream_000079,dense_v1_train_x2.85_family2/variant_7,267bb0b9e721a3a4ec4591c3fd99ccccb7b9a5ecd8ab6e076c44055264593512,6,False
upstream,3.6500000000000004,0.6503496170043945,3.6400606632232666,pi2_causal_upstream_000131,dense_v1_train_x2.95_family0/variant_0,d31def59b7768385daa68d35fb71346e9ea4d4ef4a4e06d4286d10a7147adff7,4,False
upstream,3.7,0.6544346809387207,3.6774961948394775,pi2_causal_upstream_000132,dense_v1_train_x2.95_family0/variant_0,a2ccbd22473e5c8773213ebb94ad811017c61762310a88bb9a1354f4887c7f41,2,False
