channel,mean_abs_z,p99_abs_z,max_abs_z,final_z
0,1.5352765,4.688590145111084,4.7005386,-4.3101325
1,0.85193384,3.4426306962966913,3.566252,-3.182114
2,0.56793594,3.8494796752929688,3.8494797,1.430525
3,0.48810402,2.923349237442013,3.4531207,-1.6431509
4,0.58471805,3.0140657424926736,3.3983533,-0.40559384
5,0.44224146,2.0243281126022326,2.220388,-0.23924723
6,1.5545552,22.448770141601265,69.70215,0.57821804
7,0.35815632,6.486919307708691,14.268041,-0.021761252
8,1.0123307,6.284982442855654,34.95414,-0.62558275
9,0.36066207,0.8744901061058039,0.95657074,0.25663188
10,0.50896037,3.640866994857788,3.640867,-0.48807967
11,1.0753003,2.8964309692382812,2.896431,-2.3217058
12,0.3241048,3.059393048286438,3.094119,-0.0054790913
13,0.5633342,4.874723577499386,5.576614,-0.07330026
14,0.7645488,5.009380149841303,5.878573,1.0572667
15,0.8230781,2.2644151687622007,3.2565484,-1.15271
16,0.85164833,2.144665789604183,2.7171915,-0.477806
17,0.6545531,2.735161519050598,2.7567563,0.20911102
18,0.6296081,1.809746158123016,1.8545531,0.82910687
19,0.7986358,3.4314658403396607,3.4331608,-0.7718136
20,1.0231768,2.374947834014892,2.4433596,-1.4060237
21,1.4149107,5.458321475982661,6.1761656,-3.473005
22,0.42605498,1.0812335968017577,1.100217,0.19122635
23,0.67761534,1.5043054342269897,1.5119117,-0.33945352
24,0.37294874,4.024989128112793,4.024989,0.24844731
25,1.5104898,4.473938846588135,4.479903,-4.473276
26,0.8035949,3.127615213394164,3.2407894,-2.9667788
27,0.6309113,4.599355220794678,4.599355,2.3346355
28,0.45410404,2.7260971069335906,3.2213895,-0.065181926
29,0.6032968,3.31504349708557,3.5301163,-3.5301163
30,0.43110773,1.8915737748146046,2.0713718,-0.8740226
31,1.5224546,21.932735824584668,68.09454,-0.49821243
32,0.35637796,6.401493549346875,14.083885,-0.09664142
33,0.9987025,6.188705110549748,34.45393,-0.017394565
34,0.3574325,0.8685517787933345,0.94995457,0.21868731
35,0.49987713,4.3097639083862305,4.309764,-0.49288324
36,1.1579454,3.192031145095825,3.1920311,-2.0372765
37,0.31526065,2.9654067039489744,2.9990807,-0.0847054
38,0.55881363,4.784357595443721,5.4735355,0.526839
39,0.79001683,4.854926300048823,5.7001243,3.8921587
40,0.8255318,2.3159341812133727,3.3137074,-0.40596184
41,0.8375858,2.1091706752777064,2.705048,0.9094225
42,0.6389308,2.695048952102661,2.7162375,0.041940253
43,0.6209903,1.791660130023956,1.8359268,0.20304605
44,0.7875292,3.4557239055633544,3.4574203,-0.6805173
45,1.007182,2.3316351175308223,2.398979,-0.7366973
46,1.5883199,6.014745283126826,6.797294,-4.545217
47,0.42158353,1.0688840746879575,1.0876654,0.20047729
48,0.68496704,1.5011345028877259,1.5088356,-0.3548226
49,0.30583987,4.980018138885498,4.980018,0.20080215
50,1.4844921,4.2810297966003406,4.435294,-4.435294
51,0.7601086,2.945110321044922,2.9480972,-2.9447784
52,0.76657885,3.8835126876830923,5.9348593,3.6555853
53,0.42164293,2.515306067466733,2.9719882,0.39201367
54,0.5813732,3.195389127731322,3.415123,-0.14674397
55,0.42622262,1.7646710276603688,1.9290245,-1.1528119
56,1.497949,21.443462371825888,66.56483,0.94931495
57,0.35459542,6.318846797943067,13.905264,0.11660755
58,0.99642473,6.096092128753487,33.976177,-0.9575967
59,0.3551803,0.8635495662689204,0.9434561,0.3063547
60,0.5105643,3.4078085422515736,5.495123,-0.32040712
61,1.2620835,3.0788304090499845,3.5666914,-1.9938657
62,0.3107639,2.8762450218200684,2.9089208,0.44119453
63,0.55380684,4.692244625091549,5.368411,0.50949687
64,0.76926774,4.680912208557124,5.498872,0.053697675
65,0.83681154,2.3651497602462705,3.3679743,-1.2858267
66,0.81979686,2.075200819969173,2.6931412,-0.5395815
67,0.63514405,2.656931519508362,2.677738,1.0379822
68,0.6123187,1.7742652773857115,1.8179959,-0.18555617
69,0.7739671,3.482519817352295,3.4842188,-0.4516818
70,0.99957466,2.2887143611907956,2.3550053,-1.4714689
71,1.8102721,6.763468265533442,7.634156,-4.2116265
72,0.41766232,1.0572181701660155,1.0758046,0.20854408
73,0.6937016,1.498577868938446,1.5063823,-0.38778874
74,0.2172055,0.837865456938704,7.1134276,0.14058076
75,1.2282822,1.505735158920288,1.5057352,1.5057352
