arm,scenario,interactions,completed_candidates,positive_candidates,negative_candidates,unknown_candidates,witnessed_root_cells,novel_root_cells
pi_6,exploration_only,0,0,0,0,0,0,0
pi_6,exploration_only,363,0,0,0,0,0,0
pi_6,exploration_only,399,1,1,0,0,1,0
pi_6,exploration_only,432,2,2,0,0,2,0
pi_6,exploration_only,461,3,3,0,0,3,0
pi_6,exploration_only,491,4,4,0,0,4,0
pi_6,exploration_only,517,5,5,0,0,5,0
pi_6,exploration_only,542,6,6,0,0,6,0
pi_6,exploration_only,566,7,7,0,0,7,1
pi_6,exploration_only,591,8,8,0,0,8,2
pi_6,exploration_only,613,9,9,0,0,9,3
pi_6,exploration_only,634,10,10,0,0,10,4
pi_6,exploration_only,652,11,11,0,0,11,5
pi_6,exploration_only,670,12,12,0,0,12,6
pi_6,exploration_only,688,13,13,0,0,13,7
pi_6,exploration_only,704,14,14,0,0,14,8
pi_6,exploration_only,718,15,15,0,0,15,9
pi_6,exploration_only,732,16,16,0,0,16,10
pi_6,exploration_only,744,17,17,0,0,17,11
pi_6,exploration_only,755,18,18,0,0,18,12
pi_6,exploration_only,764,19,19,0,0,19,13
pi_6,exploration_only,772,20,20,0,0,20,14
pi_6,exploration_only,778,21,21,0,0,21,15
pi_6,exploration_only,783,22,22,0,0,22,16
pi_6,exploration_only,787,23,23,0,0,23,17
pi_6,exploration_only,790,24,24,0,0,24,18
pi_6,exploration_only,791,25,25,0,0,25,19
pi_6,exploration_only,826,26,26,0,0,26,19
pi_6,exploration_only,857,27,27,0,0,27,19
pi_6,exploration_only,887,28,28,0,0,28,20
pi_6,exploration_only,917,29,29,0,0,29,21
pi_6,exploration_only,945,30,30,0,0,30,22
pi_6,exploration_only,972,31,31,0,0,31,23
pi_6,exploration_only,997,32,32,0,0,32,24
pi_6,exploration_only,1020,33,33,0,0,33,25
pi_6,exploration_only,1041,34,34,0,0,34,26
pi_6,exploration_only,1062,35,35,0,0,35,27
pi_6,exploration_only,1083,36,36,0,0,36,28
pi_6,exploration_only,1103,37,37,0,0,37,29
pi_6,exploration_only,1121,38,38,0,0,38,30
pi_6,exploration_only,1138,39,39,0,0,39,31
pi_6,exploration_only,1154,40,40,0,0,40,32
pi_6,exploration_only,1168,41,41,0,0,41,33
pi_6,exploration_only,1180,42,42,0,0,42,34
pi_6,exploration_only,1191,43,43,0,0,43,35
pi_6,exploration_only,1201,44,44,0,0,44,36
pi_6,exploration_only,1210,45,45,0,0,45,37
pi_6,exploration_only,1220,46,46,0,0,46,38
pi_6,exploration_only,1227,47,47,0,0,47,39
pi_6,exploration_only,1233,48,48,0,0,48,40
pi_6,exploration_only,1239,49,49,0,0,49,41
pi_6,exploration_only,1243,50,50,0,0,50,42
pi_6,exploration_only,1245,51,51,0,0,51,43
pi_6,exploration_only,1246,52,52,0,0,52,44
pi_6,exploration_only,1281,53,53,0,0,53,44
pi_6,exploration_only,1313,54,54,0,0,54,44
pi_6,exploration_only,1343,55,55,0,0,55,44
pi_6,exploration_only,1370,56,56,0,0,56,44
pi_6,exploration_only,1396,57,57,0,0,57,44
pi_6,exploration_only,1421,58,58,0,0,58,44
pi_6,exploration_only,1445,59,59,0,0,59,44
pi_6,exploration_only,1468,60,60,0,0,60,44
pi_6,exploration_only,1490,61,61,0,0,61,44
pi_6,exploration_only,1512,62,62,0,0,62,44
pi_6,exploration_only,1530,63,63,0,0,63,44
pi_6,exploration_only,1548,64,64,0,0,64,44
pi_6,exploration_only,1563,65,65,0,0,65,45
pi_6,exploration_only,1579,66,66,0,0,66,45
pi_6,exploration_only,1593,67,67,0,0,67,46
pi_6,exploration_only,1605,68,68,0,0,68,47
pi_6,exploration_only,1612,69,69,0,0,69,48
pi_6,exploration_only,1618,70,70,0,0,70,49
pi_6,exploration_only,1622,71,71,0,0,71,50
pi_6,exploration_only,1626,72,72,0,0,72,51
pi_6,exploration_only,1629,73,73,0,0,73,52
pi_6,exploration_only,1630,74,74,0,0,74,53
pi_6,exploration_only,1666,75,75,0,0,75,53
pi_6,exploration_only,1700,76,76,0,0,76,53
pi_6,exploration_only,1729,77,77,0,0,77,54
pi_6,exploration_only,1759,78,78,0,0,78,55
pi_6,exploration_only,1788,79,79,0,0,79,56
pi_6,exploration_only,1816,80,80,0,0,80,57
pi_6,exploration_only,1842,81,81,0,0,81,58
pi_6,exploration_only,1868,82,82,0,0,82,58
pi_6,exploration_only,1893,83,83,0,0,83,58
pi_6,exploration_only,1920,84,84,0,0,84,59
pi_6,exploration_only,1942,85,85,0,0,85,60
pi_6,exploration_only,1963,86,86,0,0,86,61
pi_6,exploration_only,1984,87,87,0,0,87,62
pi_6,exploration_only,2004,88,88,0,0,88,63
pi_6,exploration_only,2023,89,89,0,0,89,64
pi_6,exploration_only,2040,90,90,0,0,90,65
pi_6,exploration_only,2057,91,91,0,0,91,66
pi_6,exploration_only,2073,92,92,0,0,92,67
pi_6,exploration_only,2087,93,93,0,0,93,68
pi_6,exploration_only,2101,94,94,0,0,94,69
pi_6,exploration_only,2113,95,95,0,0,95,70
pi_6,exploration_only,2123,96,96,0,0,96,71
pi_6,exploration_only,2132,97,97,0,0,97,72
pi_6,exploration_only,2139,98,98,0,0,98,73
pi_6,exploration_only,2144,99,99,0,0,99,74
pi_6,exploration_only,2148,100,100,0,0,100,75
pi_6,exploration_only,2150,101,101,0,0,101,76
pi_6,exploration_only,2152,102,102,0,0,102,77
pi_6,exploration_only,2188,103,103,0,0,103,77
pi_6,exploration_only,2220,104,104,0,0,104,77
pi_6,exploration_only,2250,105,105,0,0,105,77
pi_6,exploration_only,2277,106,106,0,0,106,77
pi_6,exploration_only,2304,107,107,0,0,107,77
pi_6,exploration_only,2331,108,108,0,0,108,77
pi_6,exploration_only,2355,109,109,0,0,109,77
pi_6,exploration_only,2380,110,110,0,0,110,77
pi_6,exploration_only,2402,111,111,0,0,111,77
pi_6,exploration_only,2423,112,112,0,0,112,77
pi_6,exploration_only,2443,113,113,0,0,113,77
pi_6,exploration_only,2462,114,114,0,0,114,77
pi_6,exploration_only,2479,115,115,0,0,115,78
pi_6,exploration_only,2495,116,116,0,0,116,79
pi_6,exploration_only,2511,117,117,0,0,117,80
pi_6,exploration_only,2526,118,118,0,0,118,81
pi_6,exploration_only,2540,119,119,0,0,119,82
pi_6,exploration_only,2553,120,120,0,0,120,83
pi_6,exploration_only,2565,121,121,0,0,121,84
pi_6,exploration_only,2576,122,122,0,0,122,85
pi_6,exploration_only,2585,123,123,0,0,123,86
pi_6,exploration_only,2592,124,124,0,0,124,87
pi_6,exploration_only,2598,125,125,0,0,125,88
pi_6,exploration_only,2603,126,126,0,0,126,89
pi_6,exploration_only,2607,127,127,0,0,127,90
pi_6,exploration_only,2610,128,128,0,0,128,91
pi_6,exploration_only,2611,129,129,0,0,129,92
pi_6,exploration_only,2647,130,130,0,0,129,92
pi_6,exploration_only,2679,131,131,0,0,130,93
pi_6,exploration_only,2706,132,132,0,0,131,94
pi_6,exploration_only,2732,133,133,0,0,132,95
pi_6,exploration_only,2756,134,134,0,0,133,96
pi_6,exploration_only,2779,135,135,0,0,134,97
pi_6,exploration_only,2802,136,136,0,0,135,98
pi_6,exploration_only,2824,137,137,0,0,136,99
pi_6,exploration_only,2845,138,138,0,0,137,100
pi_6,exploration_only,2863,139,139,0,0,138,101
pi_6,exploration_only,2926,140,140,0,0,139,102
pi_6,exploration_only,2973,141,141,0,0,140,103
pi_6,exploration_only,3064,142,142,0,0,141,104
pi_6,exploration_only,3153,143,143,0,0,142,105
pi_6,exploration_only,3240,144,144,0,0,143,106
pi_6,exploration_only,3317,145,145,0,0,144,107
pi_6,exploration_only,3326,146,146,0,0,145,108
pi_6,exploration_only,3333,147,147,0,0,146,109
pi_6,exploration_only,3339,148,148,0,0,147,110
pi_6,exploration_only,3343,149,149,0,0,148,111
pi_6,exploration_only,3346,150,150,0,0,149,112
pi_6,exploration_only,3347,151,151,0,0,150,113
pi_6,exploration_only,3382,152,152,0,0,151,113
pi_6,exploration_only,3415,153,153,0,0,152,113
pi_6,exploration_only,3446,154,154,0,0,153,113
pi_6,exploration_only,3472,155,155,0,0,154,113
pi_6,exploration_only,3498,156,156,0,0,155,113
pi_6,exploration_only,3524,157,157,0,0,156,113
pi_6,exploration_only,3550,158,158,0,0,157,114
pi_6,exploration_only,3573,159,159,0,0,158,115
pi_6,exploration_only,3595,160,160,0,0,159,116
pi_6,exploration_only,3616,161,161,0,0,160,117
pi_6,exploration_only,3635,162,162,0,0,161,118
pi_6,exploration_only,3652,163,163,0,0,162,119
pi_6,exploration_only,3668,164,164,0,0,163,120
pi_6,exploration_only,3684,165,165,0,0,164,121
pi_6,exploration_only,3699,166,166,0,0,165,122
pi_6,exploration_only,3713,167,167,0,0,166,123
pi_6,exploration_only,3725,168,168,0,0,167,124
pi_6,exploration_only,3735,169,169,0,0,168,125
pi_6,exploration_only,3744,170,170,0,0,169,126
pi_6,exploration_only,3752,171,171,0,0,170,127
pi_6,exploration_only,3758,172,172,0,0,171,128
pi_6,exploration_only,3763,173,173,0,0,172,129
pi_6,exploration_only,3767,174,174,0,0,173,130
pi_6,exploration_only,3770,175,175,0,0,174,131
pi_6,exploration_only,3771,176,176,0,0,175,132
pi_6,exploration_only,3808,177,177,0,0,176,132
pi_6,exploration_only,3844,178,178,0,0,177,132
pi_6,exploration_only,3873,179,179,0,0,178,132
pi_6,exploration_only,3901,180,180,0,0,179,132
pi_6,exploration_only,3927,181,181,0,0,180,132
pi_6,exploration_only,3955,182,182,0,0,181,132
pi_6,exploration_only,3982,183,183,0,0,182,132
pi_6,exploration_only,4006,184,184,0,0,183,132
pi_6,exploration_only,4029,185,185,0,0,184,132
pi_6,exploration_only,4051,186,186,0,0,185,132
pi_6,exploration_only,4072,187,187,0,0,186,132
pi_6,exploration_only,4091,188,188,0,0,187,132
pi_6,exploration_only,4108,189,189,0,0,188,133
pi_6,exploration_only,4124,190,190,0,0,189,134
pi_6,exploration_only,4139,191,191,0,0,190,135
pi_6,exploration_only,4153,192,192,0,0,191,136
pi_6,exploration_only,4167,193,193,0,0,192,137
pi_6,exploration_only,4179,194,194,0,0,193,138
pi_6,exploration_only,4190,195,195,0,0,194,139
pi_6,exploration_only,4200,196,196,0,0,195,140
pi_6,exploration_only,4208,197,197,0,0,196,141
pi_6,exploration_only,4214,198,198,0,0,197,142
pi_6,exploration_only,4219,199,199,0,0,198,143
pi_6,exploration_only,4222,200,200,0,0,199,144
pi_6,exploration_only,4224,201,201,0,0,200,145
pi_6,exploration_only,4225,202,202,0,0,201,146
pi_6,training_inclusive,0,0,0,0,0,0,0
pi_6,training_inclusive,363,0,0,0,0,0,0
pi_6,training_inclusive,399,1,1,0,0,1,0
pi_6,training_inclusive,432,2,2,0,0,2,0
pi_6,training_inclusive,461,3,3,0,0,3,0
pi_6,training_inclusive,491,4,4,0,0,4,0
pi_6,training_inclusive,517,5,5,0,0,5,0
pi_6,training_inclusive,542,6,6,0,0,6,0
pi_6,training_inclusive,566,7,7,0,0,7,1
pi_6,training_inclusive,591,8,8,0,0,8,2
pi_6,training_inclusive,613,9,9,0,0,9,3
pi_6,training_inclusive,634,10,10,0,0,10,4
pi_6,training_inclusive,652,11,11,0,0,11,5
pi_6,training_inclusive,670,12,12,0,0,12,6
pi_6,training_inclusive,688,13,13,0,0,13,7
pi_6,training_inclusive,704,14,14,0,0,14,8
pi_6,training_inclusive,718,15,15,0,0,15,9
pi_6,training_inclusive,732,16,16,0,0,16,10
pi_6,training_inclusive,744,17,17,0,0,17,11
pi_6,training_inclusive,755,18,18,0,0,18,12
pi_6,training_inclusive,764,19,19,0,0,19,13
pi_6,training_inclusive,772,20,20,0,0,20,14
pi_6,training_inclusive,778,21,21,0,0,21,15
pi_6,training_inclusive,783,22,22,0,0,22,16
pi_6,training_inclusive,787,23,23,0,0,23,17
pi_6,training_inclusive,790,24,24,0,0,24,18
pi_6,training_inclusive,791,25,25,0,0,25,19
pi_6,training_inclusive,826,26,26,0,0,26,19
pi_6,training_inclusive,857,27,27,0,0,27,19
pi_6,training_inclusive,887,28,28,0,0,28,20
pi_6,training_inclusive,917,29,29,0,0,29,21
pi_6,training_inclusive,945,30,30,0,0,30,22
pi_6,training_inclusive,972,31,31,0,0,31,23
pi_6,training_inclusive,997,32,32,0,0,32,24
pi_6,training_inclusive,1020,33,33,0,0,33,25
pi_6,training_inclusive,1041,34,34,0,0,34,26
pi_6,training_inclusive,1062,35,35,0,0,35,27
pi_6,training_inclusive,1083,36,36,0,0,36,28
pi_6,training_inclusive,1103,37,37,0,0,37,29
pi_6,training_inclusive,1121,38,38,0,0,38,30
pi_6,training_inclusive,1138,39,39,0,0,39,31
pi_6,training_inclusive,1154,40,40,0,0,40,32
pi_6,training_inclusive,1168,41,41,0,0,41,33
pi_6,training_inclusive,1180,42,42,0,0,42,34
pi_6,training_inclusive,1191,43,43,0,0,43,35
pi_6,training_inclusive,1201,44,44,0,0,44,36
pi_6,training_inclusive,1210,45,45,0,0,45,37
pi_6,training_inclusive,1220,46,46,0,0,46,38
pi_6,training_inclusive,1227,47,47,0,0,47,39
pi_6,training_inclusive,1233,48,48,0,0,48,40
pi_6,training_inclusive,1239,49,49,0,0,49,41
pi_6,training_inclusive,1243,50,50,0,0,50,42
pi_6,training_inclusive,1245,51,51,0,0,51,43
pi_6,training_inclusive,1246,52,52,0,0,52,44
pi_6,training_inclusive,1281,53,53,0,0,53,44
pi_6,training_inclusive,1313,54,54,0,0,54,44
pi_6,training_inclusive,1343,55,55,0,0,55,44
pi_6,training_inclusive,1370,56,56,0,0,56,44
pi_6,training_inclusive,1396,57,57,0,0,57,44
pi_6,training_inclusive,1421,58,58,0,0,58,44
pi_6,training_inclusive,1445,59,59,0,0,59,44
pi_6,training_inclusive,1468,60,60,0,0,60,44
pi_6,training_inclusive,1490,61,61,0,0,61,44
pi_6,training_inclusive,1512,62,62,0,0,62,44
pi_6,training_inclusive,1530,63,63,0,0,63,44
pi_6,training_inclusive,1548,64,64,0,0,64,44
pi_6,training_inclusive,1563,65,65,0,0,65,45
pi_6,training_inclusive,1579,66,66,0,0,66,45
pi_6,training_inclusive,1593,67,67,0,0,67,46
pi_6,training_inclusive,1605,68,68,0,0,68,47
pi_6,training_inclusive,1612,69,69,0,0,69,48
pi_6,training_inclusive,1618,70,70,0,0,70,49
pi_6,training_inclusive,1622,71,71,0,0,71,50
pi_6,training_inclusive,1626,72,72,0,0,72,51
pi_6,training_inclusive,1629,73,73,0,0,73,52
pi_6,training_inclusive,1630,74,74,0,0,74,53
pi_6,training_inclusive,1666,75,75,0,0,75,53
pi_6,training_inclusive,1700,76,76,0,0,76,53
pi_6,training_inclusive,1729,77,77,0,0,77,54
pi_6,training_inclusive,1759,78,78,0,0,78,55
pi_6,training_inclusive,1788,79,79,0,0,79,56
pi_6,training_inclusive,1816,80,80,0,0,80,57
pi_6,training_inclusive,1842,81,81,0,0,81,58
pi_6,training_inclusive,1868,82,82,0,0,82,58
pi_6,training_inclusive,1893,83,83,0,0,83,58
pi_6,training_inclusive,1920,84,84,0,0,84,59
pi_6,training_inclusive,1942,85,85,0,0,85,60
pi_6,training_inclusive,1963,86,86,0,0,86,61
pi_6,training_inclusive,1984,87,87,0,0,87,62
pi_6,training_inclusive,2004,88,88,0,0,88,63
pi_6,training_inclusive,2023,89,89,0,0,89,64
pi_6,training_inclusive,2040,90,90,0,0,90,65
pi_6,training_inclusive,2057,91,91,0,0,91,66
pi_6,training_inclusive,2073,92,92,0,0,92,67
pi_6,training_inclusive,2087,93,93,0,0,93,68
pi_6,training_inclusive,2101,94,94,0,0,94,69
pi_6,training_inclusive,2113,95,95,0,0,95,70
pi_6,training_inclusive,2123,96,96,0,0,96,71
pi_6,training_inclusive,2132,97,97,0,0,97,72
pi_6,training_inclusive,2139,98,98,0,0,98,73
pi_6,training_inclusive,2144,99,99,0,0,99,74
pi_6,training_inclusive,2148,100,100,0,0,100,75
pi_6,training_inclusive,2150,101,101,0,0,101,76
pi_6,training_inclusive,2152,102,102,0,0,102,77
pi_6,training_inclusive,2188,103,103,0,0,103,77
pi_6,training_inclusive,2220,104,104,0,0,104,77
pi_6,training_inclusive,2250,105,105,0,0,105,77
pi_6,training_inclusive,2277,106,106,0,0,106,77
pi_6,training_inclusive,2304,107,107,0,0,107,77
pi_6,training_inclusive,2331,108,108,0,0,108,77
pi_6,training_inclusive,2355,109,109,0,0,109,77
pi_6,training_inclusive,2380,110,110,0,0,110,77
pi_6,training_inclusive,2402,111,111,0,0,111,77
pi_6,training_inclusive,2423,112,112,0,0,112,77
pi_6,training_inclusive,2443,113,113,0,0,113,77
pi_6,training_inclusive,2462,114,114,0,0,114,77
pi_6,training_inclusive,2479,115,115,0,0,115,78
pi_6,training_inclusive,2495,116,116,0,0,116,79
pi_6,training_inclusive,2511,117,117,0,0,117,80
pi_6,training_inclusive,2526,118,118,0,0,118,81
pi_6,training_inclusive,2540,119,119,0,0,119,82
pi_6,training_inclusive,2553,120,120,0,0,120,83
pi_6,training_inclusive,2565,121,121,0,0,121,84
pi_6,training_inclusive,2576,122,122,0,0,122,85
pi_6,training_inclusive,2585,123,123,0,0,123,86
pi_6,training_inclusive,2592,124,124,0,0,124,87
pi_6,training_inclusive,2598,125,125,0,0,125,88
pi_6,training_inclusive,2603,126,126,0,0,126,89
pi_6,training_inclusive,2607,127,127,0,0,127,90
pi_6,training_inclusive,2610,128,128,0,0,128,91
pi_6,training_inclusive,2611,129,129,0,0,129,92
pi_6,training_inclusive,2647,130,130,0,0,129,92
pi_6,training_inclusive,2679,131,131,0,0,130,93
pi_6,training_inclusive,2706,132,132,0,0,131,94
pi_6,training_inclusive,2732,133,133,0,0,132,95
pi_6,training_inclusive,2756,134,134,0,0,133,96
pi_6,training_inclusive,2779,135,135,0,0,134,97
pi_6,training_inclusive,2802,136,136,0,0,135,98
pi_6,training_inclusive,2824,137,137,0,0,136,99
pi_6,training_inclusive,2845,138,138,0,0,137,100
pi_6,training_inclusive,2863,139,139,0,0,138,101
pi_6,training_inclusive,2926,140,140,0,0,139,102
pi_6,training_inclusive,2973,141,141,0,0,140,103
pi_6,training_inclusive,3064,142,142,0,0,141,104
pi_6,training_inclusive,3153,143,143,0,0,142,105
pi_6,training_inclusive,3240,144,144,0,0,143,106
pi_6,training_inclusive,3317,145,145,0,0,144,107
pi_6,training_inclusive,3326,146,146,0,0,145,108
pi_6,training_inclusive,3333,147,147,0,0,146,109
pi_6,training_inclusive,3339,148,148,0,0,147,110
pi_6,training_inclusive,3343,149,149,0,0,148,111
pi_6,training_inclusive,3346,150,150,0,0,149,112
pi_6,training_inclusive,3347,151,151,0,0,150,113
pi_6,training_inclusive,3382,152,152,0,0,151,113
pi_6,training_inclusive,3415,153,153,0,0,152,113
pi_6,training_inclusive,3446,154,154,0,0,153,113
pi_6,training_inclusive,3472,155,155,0,0,154,113
pi_6,training_inclusive,3498,156,156,0,0,155,113
pi_6,training_inclusive,3524,157,157,0,0,156,113
pi_6,training_inclusive,3550,158,158,0,0,157,114
pi_6,training_inclusive,3573,159,159,0,0,158,115
pi_6,training_inclusive,3595,160,160,0,0,159,116
pi_6,training_inclusive,3616,161,161,0,0,160,117
pi_6,training_inclusive,3635,162,162,0,0,161,118
pi_6,training_inclusive,3652,163,163,0,0,162,119
pi_6,training_inclusive,3668,164,164,0,0,163,120
pi_6,training_inclusive,3684,165,165,0,0,164,121
pi_6,training_inclusive,3699,166,166,0,0,165,122
pi_6,training_inclusive,3713,167,167,0,0,166,123
pi_6,training_inclusive,3725,168,168,0,0,167,124
pi_6,training_inclusive,3735,169,169,0,0,168,125
pi_6,training_inclusive,3744,170,170,0,0,169,126
pi_6,training_inclusive,3752,171,171,0,0,170,127
pi_6,training_inclusive,3758,172,172,0,0,171,128
pi_6,training_inclusive,3763,173,173,0,0,172,129
pi_6,training_inclusive,3767,174,174,0,0,173,130
pi_6,training_inclusive,3770,175,175,0,0,174,131
pi_6,training_inclusive,3771,176,176,0,0,175,132
pi_6,training_inclusive,3808,177,177,0,0,176,132
pi_6,training_inclusive,3844,178,178,0,0,177,132
pi_6,training_inclusive,3873,179,179,0,0,178,132
pi_6,training_inclusive,3901,180,180,0,0,179,132
pi_6,training_inclusive,3927,181,181,0,0,180,132
pi_6,training_inclusive,3955,182,182,0,0,181,132
pi_6,training_inclusive,3982,183,183,0,0,182,132
pi_6,training_inclusive,4006,184,184,0,0,183,132
pi_6,training_inclusive,4029,185,185,0,0,184,132
pi_6,training_inclusive,4051,186,186,0,0,185,132
pi_6,training_inclusive,4072,187,187,0,0,186,132
pi_6,training_inclusive,4091,188,188,0,0,187,132
pi_6,training_inclusive,4108,189,189,0,0,188,133
pi_6,training_inclusive,4124,190,190,0,0,189,134
pi_6,training_inclusive,4139,191,191,0,0,190,135
pi_6,training_inclusive,4153,192,192,0,0,191,136
pi_6,training_inclusive,4167,193,193,0,0,192,137
pi_6,training_inclusive,4179,194,194,0,0,193,138
pi_6,training_inclusive,4190,195,195,0,0,194,139
pi_6,training_inclusive,4200,196,196,0,0,195,140
pi_6,training_inclusive,4208,197,197,0,0,196,141
pi_6,training_inclusive,4214,198,198,0,0,197,142
pi_6,training_inclusive,4219,199,199,0,0,198,143
pi_6,training_inclusive,4222,200,200,0,0,199,144
pi_6,training_inclusive,4224,201,201,0,0,200,145
pi_6,training_inclusive,4225,202,202,0,0,201,146
checkpoint_32000,exploration_only,0,0,0,0,0,0,0
checkpoint_32000,exploration_only,334,0,0,0,0,0,0
checkpoint_32000,exploration_only,370,1,1,0,0,1,1
checkpoint_32000,exploration_only,403,2,2,0,0,2,2
checkpoint_32000,exploration_only,434,3,3,0,0,3,3
checkpoint_32000,exploration_only,464,4,4,0,0,4,4
checkpoint_32000,exploration_only,493,5,5,0,0,5,5
checkpoint_32000,exploration_only,523,6,6,0,0,6,6
checkpoint_32000,exploration_only,551,7,7,0,0,7,7
checkpoint_32000,exploration_only,576,8,8,0,0,8,8
checkpoint_32000,exploration_only,603,9,9,0,0,9,9
checkpoint_32000,exploration_only,625,10,10,0,0,10,10
checkpoint_32000,exploration_only,645,11,11,0,0,11,11
checkpoint_32000,exploration_only,665,12,12,0,0,12,12
checkpoint_32000,exploration_only,685,13,13,0,0,13,13
checkpoint_32000,exploration_only,702,14,14,0,0,14,14
checkpoint_32000,exploration_only,720,15,15,0,0,15,15
checkpoint_32000,exploration_only,737,16,16,0,0,16,16
checkpoint_32000,exploration_only,753,17,17,0,0,17,17
checkpoint_32000,exploration_only,766,18,18,0,0,18,18
checkpoint_32000,exploration_only,778,19,19,0,0,19,19
checkpoint_32000,exploration_only,788,20,20,0,0,20,20
checkpoint_32000,exploration_only,797,21,21,0,0,21,21
checkpoint_32000,exploration_only,805,22,22,0,0,22,22
checkpoint_32000,exploration_only,811,23,23,0,0,23,23
checkpoint_32000,exploration_only,816,24,24,0,0,24,24
checkpoint_32000,exploration_only,820,25,25,0,0,25,25
checkpoint_32000,exploration_only,822,26,26,0,0,26,26
checkpoint_32000,exploration_only,823,27,27,0,0,27,27
checkpoint_32000,exploration_only,858,28,28,0,0,28,28
checkpoint_32000,exploration_only,892,29,29,0,0,29,29
checkpoint_32000,exploration_only,924,30,30,0,0,30,30
checkpoint_32000,exploration_only,955,31,31,0,0,31,31
checkpoint_32000,exploration_only,983,32,32,0,0,32,32
checkpoint_32000,exploration_only,1010,33,33,0,0,33,33
checkpoint_32000,exploration_only,1035,34,34,0,0,34,34
checkpoint_32000,exploration_only,1058,35,35,0,0,35,35
checkpoint_32000,exploration_only,1081,36,36,0,0,36,36
checkpoint_32000,exploration_only,1102,37,37,0,0,37,37
checkpoint_32000,exploration_only,1122,38,38,0,0,38,38
checkpoint_32000,exploration_only,1141,39,39,0,0,39,39
checkpoint_32000,exploration_only,1159,40,40,0,0,40,40
checkpoint_32000,exploration_only,1176,41,41,0,0,41,41
checkpoint_32000,exploration_only,1190,42,42,0,0,42,42
checkpoint_32000,exploration_only,1205,43,43,0,0,43,43
checkpoint_32000,exploration_only,1219,44,44,0,0,44,44
checkpoint_32000,exploration_only,1232,45,45,0,0,45,45
checkpoint_32000,exploration_only,1244,46,46,0,0,46,46
checkpoint_32000,exploration_only,1253,47,47,0,0,47,47
checkpoint_32000,exploration_only,1261,48,48,0,0,48,48
checkpoint_32000,exploration_only,1267,49,49,0,0,49,49
checkpoint_32000,exploration_only,1272,50,50,0,0,50,50
checkpoint_32000,exploration_only,1275,51,51,0,0,51,51
checkpoint_32000,exploration_only,1278,52,52,0,0,52,52
checkpoint_32000,exploration_only,1280,53,53,0,0,53,53
checkpoint_32000,exploration_only,1316,54,54,0,0,54,54
checkpoint_32000,exploration_only,1351,55,55,0,0,55,55
checkpoint_32000,exploration_only,1383,56,56,0,0,56,56
checkpoint_32000,exploration_only,1413,57,57,0,0,57,57
checkpoint_32000,exploration_only,1442,58,58,0,0,58,58
checkpoint_32000,exploration_only,1470,59,59,0,0,59,59
checkpoint_32000,exploration_only,1499,60,60,0,0,60,60
checkpoint_32000,exploration_only,1525,61,61,0,0,61,61
checkpoint_32000,exploration_only,1558,62,62,0,0,62,62
checkpoint_32000,exploration_only,1580,63,63,0,0,63,63
checkpoint_32000,exploration_only,1602,64,64,0,0,64,64
checkpoint_32000,exploration_only,1622,65,65,0,0,65,65
checkpoint_32000,exploration_only,1642,66,66,0,0,66,66
checkpoint_32000,exploration_only,1662,67,67,0,0,67,67
checkpoint_32000,exploration_only,1679,68,68,0,0,68,68
checkpoint_32000,exploration_only,1696,69,69,0,0,69,69
checkpoint_32000,exploration_only,1712,70,70,0,0,70,70
checkpoint_32000,exploration_only,1725,71,71,0,0,71,71
checkpoint_32000,exploration_only,1737,72,72,0,0,72,72
checkpoint_32000,exploration_only,1747,73,73,0,0,73,73
checkpoint_32000,exploration_only,1756,74,74,0,0,74,74
checkpoint_32000,exploration_only,1764,75,75,0,0,75,75
checkpoint_32000,exploration_only,1770,76,76,0,0,76,76
checkpoint_32000,exploration_only,1775,77,77,0,0,77,77
checkpoint_32000,exploration_only,1779,78,78,0,0,78,78
checkpoint_32000,exploration_only,1781,79,79,0,0,79,79
checkpoint_32000,exploration_only,1782,80,80,0,0,80,80
checkpoint_32000,exploration_only,1818,81,81,0,0,81,81
checkpoint_32000,exploration_only,1852,82,82,0,0,82,82
checkpoint_32000,exploration_only,1886,83,83,0,0,83,83
checkpoint_32000,exploration_only,1921,84,84,0,0,84,84
checkpoint_32000,exploration_only,1955,85,85,0,0,85,85
checkpoint_32000,exploration_only,1987,86,86,0,0,86,86
checkpoint_32000,exploration_only,2016,87,87,0,0,87,87
checkpoint_32000,exploration_only,2045,88,88,0,0,88,88
checkpoint_32000,exploration_only,2073,89,89,0,0,89,89
checkpoint_32000,exploration_only,2099,90,90,0,0,90,90
checkpoint_32000,exploration_only,2127,91,91,0,0,91,91
checkpoint_32000,exploration_only,2153,92,92,0,0,92,92
checkpoint_32000,exploration_only,2178,93,93,0,0,93,93
checkpoint_32000,exploration_only,2200,94,94,0,0,94,94
checkpoint_32000,exploration_only,2220,95,95,0,0,95,95
checkpoint_32000,exploration_only,2239,96,96,0,0,96,96
checkpoint_32000,exploration_only,2257,97,97,0,0,97,97
checkpoint_32000,exploration_only,2274,98,98,0,0,98,98
checkpoint_32000,exploration_only,2290,99,99,0,0,99,99
checkpoint_32000,exploration_only,2306,100,100,0,0,100,100
checkpoint_32000,exploration_only,2321,101,101,0,0,101,101
checkpoint_32000,exploration_only,2335,102,102,0,0,102,102
checkpoint_32000,exploration_only,2346,103,103,0,0,103,103
checkpoint_32000,exploration_only,2356,104,104,0,0,104,104
checkpoint_32000,exploration_only,2365,105,105,0,0,105,105
checkpoint_32000,exploration_only,2373,106,106,0,0,106,106
checkpoint_32000,exploration_only,2378,107,107,0,0,107,107
checkpoint_32000,exploration_only,2383,108,108,0,0,108,108
checkpoint_32000,exploration_only,2387,109,109,0,0,109,109
checkpoint_32000,exploration_only,2389,110,110,0,0,110,110
checkpoint_32000,exploration_only,2426,111,111,0,0,110,110
checkpoint_32000,exploration_only,2461,112,112,0,0,111,111
checkpoint_32000,exploration_only,2542,113,113,0,0,112,112
checkpoint_32000,exploration_only,2620,114,114,0,0,113,113
checkpoint_32000,exploration_only,2647,115,115,0,0,114,114
checkpoint_32000,exploration_only,2713,116,116,0,0,115,115
checkpoint_32000,exploration_only,2736,117,117,0,0,116,116
checkpoint_32000,exploration_only,2758,118,118,0,0,117,117
checkpoint_32000,exploration_only,2777,119,119,0,0,118,118
checkpoint_32000,exploration_only,2866,120,120,0,0,119,119
checkpoint_32000,exploration_only,2943,121,121,0,0,120,120
checkpoint_32000,exploration_only,2991,122,122,0,0,121,121
checkpoint_32000,exploration_only,3037,123,123,0,0,122,122
checkpoint_32000,exploration_only,3048,124,124,0,0,123,123
checkpoint_32000,exploration_only,3058,125,125,0,0,124,124
checkpoint_32000,exploration_only,3067,126,126,0,0,125,125
checkpoint_32000,exploration_only,3075,127,127,0,0,126,126
checkpoint_32000,exploration_only,3082,128,128,0,0,127,127
checkpoint_32000,exploration_only,3088,129,129,0,0,128,128
checkpoint_32000,exploration_only,3093,130,130,0,0,129,129
checkpoint_32000,exploration_only,3097,131,131,0,0,130,130
checkpoint_32000,exploration_only,3099,132,132,0,0,131,131
checkpoint_32000,exploration_only,3101,133,133,0,0,132,132
checkpoint_32000,exploration_only,3136,134,134,0,0,133,133
checkpoint_32000,exploration_only,3170,135,135,0,0,134,134
checkpoint_32000,exploration_only,3204,136,136,0,0,135,135
checkpoint_32000,exploration_only,3235,137,137,0,0,136,136
checkpoint_32000,exploration_only,3266,138,138,0,0,137,137
checkpoint_32000,exploration_only,3297,139,139,0,0,138,138
checkpoint_32000,exploration_only,3324,140,140,0,0,139,139
checkpoint_32000,exploration_only,3352,141,141,0,0,140,140
checkpoint_32000,exploration_only,3379,142,142,0,0,141,141
checkpoint_32000,exploration_only,3405,143,143,0,0,142,142
checkpoint_32000,exploration_only,3427,144,144,0,0,143,143
checkpoint_32000,exploration_only,3449,145,145,0,0,144,144
checkpoint_32000,exploration_only,3469,146,146,0,0,145,145
checkpoint_32000,exploration_only,3487,147,147,0,0,146,146
checkpoint_32000,exploration_only,3505,148,148,0,0,147,147
checkpoint_32000,exploration_only,3521,149,149,0,0,148,148
checkpoint_32000,exploration_only,3535,150,150,0,0,149,149
checkpoint_32000,exploration_only,3548,151,151,0,0,150,150
checkpoint_32000,exploration_only,3562,152,152,0,0,151,151
checkpoint_32000,exploration_only,3572,153,153,0,0,152,152
checkpoint_32000,exploration_only,3583,154,154,0,0,153,153
checkpoint_32000,exploration_only,3593,155,155,0,0,154,154
checkpoint_32000,exploration_only,3601,156,156,0,0,155,155
checkpoint_32000,exploration_only,3606,157,157,0,0,156,156
checkpoint_32000,exploration_only,3610,158,158,0,0,157,157
checkpoint_32000,exploration_only,3612,159,159,0,0,158,158
checkpoint_32000,exploration_only,3614,160,160,0,0,159,159
checkpoint_32000,exploration_only,3616,161,161,0,0,160,160
checkpoint_32000,exploration_only,3651,162,162,0,0,161,161
checkpoint_32000,exploration_only,3685,163,163,0,0,162,162
checkpoint_32000,exploration_only,3716,164,164,0,0,163,163
checkpoint_32000,exploration_only,3746,165,165,0,0,164,164
checkpoint_32000,exploration_only,3772,166,166,0,0,165,165
checkpoint_32000,exploration_only,3796,167,167,0,0,166,166
checkpoint_32000,exploration_only,3823,168,168,0,0,167,167
checkpoint_32000,exploration_only,3846,169,169,0,0,168,168
checkpoint_32000,exploration_only,3869,170,170,0,0,169,169
checkpoint_32000,exploration_only,3889,171,171,0,0,170,170
checkpoint_32000,exploration_only,3910,172,172,0,0,171,171
checkpoint_32000,exploration_only,3927,173,173,0,0,172,172
checkpoint_32000,exploration_only,3944,174,174,0,0,173,173
checkpoint_32000,exploration_only,3960,175,175,0,0,174,174
checkpoint_32000,exploration_only,3976,176,176,0,0,175,175
checkpoint_32000,exploration_only,3989,177,177,0,0,176,176
checkpoint_32000,exploration_only,4002,178,178,0,0,177,177
checkpoint_32000,exploration_only,4013,179,179,0,0,178,178
checkpoint_32000,exploration_only,4023,180,180,0,0,179,179
checkpoint_32000,exploration_only,4032,181,181,0,0,180,180
checkpoint_32000,exploration_only,4039,182,182,0,0,181,181
checkpoint_32000,exploration_only,4046,183,183,0,0,182,182
checkpoint_32000,exploration_only,4052,184,184,0,0,183,183
checkpoint_32000,exploration_only,4055,185,185,0,0,184,184
checkpoint_32000,exploration_only,4057,186,186,0,0,185,185
checkpoint_32000,exploration_only,4058,187,187,0,0,186,186
checkpoint_32000,training_inclusive,0,0,0,0,0,0,0
checkpoint_32000,training_inclusive,32410,0,0,0,0,0,0
checkpoint_32000,training_inclusive,32446,1,1,0,0,1,1
checkpoint_32000,training_inclusive,32479,2,2,0,0,2,2
checkpoint_32000,training_inclusive,32510,3,3,0,0,3,3
checkpoint_32000,training_inclusive,32540,4,4,0,0,4,4
checkpoint_32000,training_inclusive,32569,5,5,0,0,5,5
checkpoint_32000,training_inclusive,32599,6,6,0,0,6,6
checkpoint_32000,training_inclusive,32627,7,7,0,0,7,7
checkpoint_32000,training_inclusive,32652,8,8,0,0,8,8
checkpoint_32000,training_inclusive,32679,9,9,0,0,9,9
checkpoint_32000,training_inclusive,32701,10,10,0,0,10,10
checkpoint_32000,training_inclusive,32721,11,11,0,0,11,11
checkpoint_32000,training_inclusive,32741,12,12,0,0,12,12
checkpoint_32000,training_inclusive,32761,13,13,0,0,13,13
checkpoint_32000,training_inclusive,32778,14,14,0,0,14,14
checkpoint_32000,training_inclusive,32796,15,15,0,0,15,15
checkpoint_32000,training_inclusive,32813,16,16,0,0,16,16
checkpoint_32000,training_inclusive,32829,17,17,0,0,17,17
checkpoint_32000,training_inclusive,32842,18,18,0,0,18,18
checkpoint_32000,training_inclusive,32854,19,19,0,0,19,19
checkpoint_32000,training_inclusive,32864,20,20,0,0,20,20
checkpoint_32000,training_inclusive,32873,21,21,0,0,21,21
checkpoint_32000,training_inclusive,32881,22,22,0,0,22,22
checkpoint_32000,training_inclusive,32887,23,23,0,0,23,23
checkpoint_32000,training_inclusive,32892,24,24,0,0,24,24
checkpoint_32000,training_inclusive,32896,25,25,0,0,25,25
checkpoint_32000,training_inclusive,32898,26,26,0,0,26,26
checkpoint_32000,training_inclusive,32899,27,27,0,0,27,27
checkpoint_32000,training_inclusive,32934,28,28,0,0,28,28
checkpoint_32000,training_inclusive,32968,29,29,0,0,29,29
checkpoint_32000,training_inclusive,33000,30,30,0,0,30,30
checkpoint_32000,training_inclusive,33031,31,31,0,0,31,31
checkpoint_32000,training_inclusive,33059,32,32,0,0,32,32
checkpoint_32000,training_inclusive,33086,33,33,0,0,33,33
checkpoint_32000,training_inclusive,33111,34,34,0,0,34,34
checkpoint_32000,training_inclusive,33134,35,35,0,0,35,35
checkpoint_32000,training_inclusive,33157,36,36,0,0,36,36
checkpoint_32000,training_inclusive,33178,37,37,0,0,37,37
checkpoint_32000,training_inclusive,33198,38,38,0,0,38,38
checkpoint_32000,training_inclusive,33217,39,39,0,0,39,39
checkpoint_32000,training_inclusive,33235,40,40,0,0,40,40
checkpoint_32000,training_inclusive,33252,41,41,0,0,41,41
checkpoint_32000,training_inclusive,33266,42,42,0,0,42,42
checkpoint_32000,training_inclusive,33281,43,43,0,0,43,43
checkpoint_32000,training_inclusive,33295,44,44,0,0,44,44
checkpoint_32000,training_inclusive,33308,45,45,0,0,45,45
checkpoint_32000,training_inclusive,33320,46,46,0,0,46,46
checkpoint_32000,training_inclusive,33329,47,47,0,0,47,47
checkpoint_32000,training_inclusive,33337,48,48,0,0,48,48
checkpoint_32000,training_inclusive,33343,49,49,0,0,49,49
checkpoint_32000,training_inclusive,33348,50,50,0,0,50,50
checkpoint_32000,training_inclusive,33351,51,51,0,0,51,51
checkpoint_32000,training_inclusive,33354,52,52,0,0,52,52
checkpoint_32000,training_inclusive,33356,53,53,0,0,53,53
checkpoint_32000,training_inclusive,33392,54,54,0,0,54,54
checkpoint_32000,training_inclusive,33427,55,55,0,0,55,55
checkpoint_32000,training_inclusive,33459,56,56,0,0,56,56
checkpoint_32000,training_inclusive,33489,57,57,0,0,57,57
checkpoint_32000,training_inclusive,33518,58,58,0,0,58,58
checkpoint_32000,training_inclusive,33546,59,59,0,0,59,59
checkpoint_32000,training_inclusive,33575,60,60,0,0,60,60
checkpoint_32000,training_inclusive,33601,61,61,0,0,61,61
checkpoint_32000,training_inclusive,33634,62,62,0,0,62,62
checkpoint_32000,training_inclusive,33656,63,63,0,0,63,63
checkpoint_32000,training_inclusive,33678,64,64,0,0,64,64
checkpoint_32000,training_inclusive,33698,65,65,0,0,65,65
checkpoint_32000,training_inclusive,33718,66,66,0,0,66,66
checkpoint_32000,training_inclusive,33738,67,67,0,0,67,67
checkpoint_32000,training_inclusive,33755,68,68,0,0,68,68
checkpoint_32000,training_inclusive,33772,69,69,0,0,69,69
checkpoint_32000,training_inclusive,33788,70,70,0,0,70,70
checkpoint_32000,training_inclusive,33801,71,71,0,0,71,71
checkpoint_32000,training_inclusive,33813,72,72,0,0,72,72
checkpoint_32000,training_inclusive,33823,73,73,0,0,73,73
checkpoint_32000,training_inclusive,33832,74,74,0,0,74,74
checkpoint_32000,training_inclusive,33840,75,75,0,0,75,75
checkpoint_32000,training_inclusive,33846,76,76,0,0,76,76
checkpoint_32000,training_inclusive,33851,77,77,0,0,77,77
checkpoint_32000,training_inclusive,33855,78,78,0,0,78,78
checkpoint_32000,training_inclusive,33857,79,79,0,0,79,79
checkpoint_32000,training_inclusive,33858,80,80,0,0,80,80
checkpoint_32000,training_inclusive,33894,81,81,0,0,81,81
checkpoint_32000,training_inclusive,33928,82,82,0,0,82,82
checkpoint_32000,training_inclusive,33962,83,83,0,0,83,83
checkpoint_32000,training_inclusive,33997,84,84,0,0,84,84
checkpoint_32000,training_inclusive,34031,85,85,0,0,85,85
checkpoint_32000,training_inclusive,34063,86,86,0,0,86,86
checkpoint_32000,training_inclusive,34092,87,87,0,0,87,87
checkpoint_32000,training_inclusive,34121,88,88,0,0,88,88
checkpoint_32000,training_inclusive,34149,89,89,0,0,89,89
checkpoint_32000,training_inclusive,34175,90,90,0,0,90,90
checkpoint_32000,training_inclusive,34203,91,91,0,0,91,91
checkpoint_32000,training_inclusive,34229,92,92,0,0,92,92
checkpoint_32000,training_inclusive,34254,93,93,0,0,93,93
checkpoint_32000,training_inclusive,34276,94,94,0,0,94,94
checkpoint_32000,training_inclusive,34296,95,95,0,0,95,95
checkpoint_32000,training_inclusive,34315,96,96,0,0,96,96
checkpoint_32000,training_inclusive,34333,97,97,0,0,97,97
checkpoint_32000,training_inclusive,34350,98,98,0,0,98,98
checkpoint_32000,training_inclusive,34366,99,99,0,0,99,99
checkpoint_32000,training_inclusive,34382,100,100,0,0,100,100
checkpoint_32000,training_inclusive,34397,101,101,0,0,101,101
checkpoint_32000,training_inclusive,34411,102,102,0,0,102,102
checkpoint_32000,training_inclusive,34422,103,103,0,0,103,103
checkpoint_32000,training_inclusive,34432,104,104,0,0,104,104
checkpoint_32000,training_inclusive,34441,105,105,0,0,105,105
checkpoint_32000,training_inclusive,34449,106,106,0,0,106,106
checkpoint_32000,training_inclusive,34454,107,107,0,0,107,107
checkpoint_32000,training_inclusive,34459,108,108,0,0,108,108
checkpoint_32000,training_inclusive,34463,109,109,0,0,109,109
checkpoint_32000,training_inclusive,34465,110,110,0,0,110,110
checkpoint_32000,training_inclusive,34502,111,111,0,0,110,110
checkpoint_32000,training_inclusive,34537,112,112,0,0,111,111
checkpoint_32000,training_inclusive,34618,113,113,0,0,112,112
checkpoint_32000,training_inclusive,34696,114,114,0,0,113,113
checkpoint_32000,training_inclusive,34723,115,115,0,0,114,114
checkpoint_32000,training_inclusive,34789,116,116,0,0,115,115
checkpoint_32000,training_inclusive,34812,117,117,0,0,116,116
checkpoint_32000,training_inclusive,34834,118,118,0,0,117,117
checkpoint_32000,training_inclusive,34853,119,119,0,0,118,118
checkpoint_32000,training_inclusive,34942,120,120,0,0,119,119
checkpoint_32000,training_inclusive,35019,121,121,0,0,120,120
checkpoint_32000,training_inclusive,35067,122,122,0,0,121,121
checkpoint_32000,training_inclusive,35113,123,123,0,0,122,122
checkpoint_32000,training_inclusive,35124,124,124,0,0,123,123
checkpoint_32000,training_inclusive,35134,125,125,0,0,124,124
checkpoint_32000,training_inclusive,35143,126,126,0,0,125,125
checkpoint_32000,training_inclusive,35151,127,127,0,0,126,126
checkpoint_32000,training_inclusive,35158,128,128,0,0,127,127
checkpoint_32000,training_inclusive,35164,129,129,0,0,128,128
checkpoint_32000,training_inclusive,35169,130,130,0,0,129,129
checkpoint_32000,training_inclusive,35173,131,131,0,0,130,130
checkpoint_32000,training_inclusive,35175,132,132,0,0,131,131
checkpoint_32000,training_inclusive,35177,133,133,0,0,132,132
checkpoint_32000,training_inclusive,35212,134,134,0,0,133,133
checkpoint_32000,training_inclusive,35246,135,135,0,0,134,134
checkpoint_32000,training_inclusive,35280,136,136,0,0,135,135
checkpoint_32000,training_inclusive,35311,137,137,0,0,136,136
checkpoint_32000,training_inclusive,35342,138,138,0,0,137,137
checkpoint_32000,training_inclusive,35373,139,139,0,0,138,138
checkpoint_32000,training_inclusive,35400,140,140,0,0,139,139
checkpoint_32000,training_inclusive,35428,141,141,0,0,140,140
checkpoint_32000,training_inclusive,35455,142,142,0,0,141,141
checkpoint_32000,training_inclusive,35481,143,143,0,0,142,142
checkpoint_32000,training_inclusive,35503,144,144,0,0,143,143
checkpoint_32000,training_inclusive,35525,145,145,0,0,144,144
checkpoint_32000,training_inclusive,35545,146,146,0,0,145,145
checkpoint_32000,training_inclusive,35563,147,147,0,0,146,146
checkpoint_32000,training_inclusive,35581,148,148,0,0,147,147
checkpoint_32000,training_inclusive,35597,149,149,0,0,148,148
checkpoint_32000,training_inclusive,35611,150,150,0,0,149,149
checkpoint_32000,training_inclusive,35624,151,151,0,0,150,150
checkpoint_32000,training_inclusive,35638,152,152,0,0,151,151
checkpoint_32000,training_inclusive,35648,153,153,0,0,152,152
checkpoint_32000,training_inclusive,35659,154,154,0,0,153,153
checkpoint_32000,training_inclusive,35669,155,155,0,0,154,154
checkpoint_32000,training_inclusive,35677,156,156,0,0,155,155
checkpoint_32000,training_inclusive,35682,157,157,0,0,156,156
checkpoint_32000,training_inclusive,35686,158,158,0,0,157,157
checkpoint_32000,training_inclusive,35688,159,159,0,0,158,158
checkpoint_32000,training_inclusive,35690,160,160,0,0,159,159
checkpoint_32000,training_inclusive,35692,161,161,0,0,160,160
checkpoint_32000,training_inclusive,35727,162,162,0,0,161,161
checkpoint_32000,training_inclusive,35761,163,163,0,0,162,162
checkpoint_32000,training_inclusive,35792,164,164,0,0,163,163
checkpoint_32000,training_inclusive,35822,165,165,0,0,164,164
checkpoint_32000,training_inclusive,35848,166,166,0,0,165,165
checkpoint_32000,training_inclusive,35872,167,167,0,0,166,166
checkpoint_32000,training_inclusive,35899,168,168,0,0,167,167
checkpoint_32000,training_inclusive,35922,169,169,0,0,168,168
checkpoint_32000,training_inclusive,35945,170,170,0,0,169,169
checkpoint_32000,training_inclusive,35965,171,171,0,0,170,170
checkpoint_32000,training_inclusive,35986,172,172,0,0,171,171
checkpoint_32000,training_inclusive,36003,173,173,0,0,172,172
checkpoint_32000,training_inclusive,36020,174,174,0,0,173,173
checkpoint_32000,training_inclusive,36036,175,175,0,0,174,174
checkpoint_32000,training_inclusive,36052,176,176,0,0,175,175
checkpoint_32000,training_inclusive,36065,177,177,0,0,176,176
checkpoint_32000,training_inclusive,36078,178,178,0,0,177,177
checkpoint_32000,training_inclusive,36089,179,179,0,0,178,178
checkpoint_32000,training_inclusive,36099,180,180,0,0,179,179
checkpoint_32000,training_inclusive,36108,181,181,0,0,180,180
checkpoint_32000,training_inclusive,36115,182,182,0,0,181,181
checkpoint_32000,training_inclusive,36122,183,183,0,0,182,182
checkpoint_32000,training_inclusive,36128,184,184,0,0,183,183
checkpoint_32000,training_inclusive,36131,185,185,0,0,184,184
checkpoint_32000,training_inclusive,36133,186,186,0,0,185,185
checkpoint_32000,training_inclusive,36134,187,187,0,0,186,186
checkpoint_64000,exploration_only,0,0,0,0,0,0,0
checkpoint_64000,exploration_only,348,0,0,0,0,0,0
checkpoint_64000,exploration_only,380,1,1,0,0,1,1
checkpoint_64000,exploration_only,457,2,2,0,0,2,2
checkpoint_64000,exploration_only,486,3,3,0,0,3,3
checkpoint_64000,exploration_only,514,4,4,0,0,4,4
checkpoint_64000,exploration_only,542,5,5,0,0,5,5
checkpoint_64000,exploration_only,565,6,6,0,0,6,6
checkpoint_64000,exploration_only,591,7,7,0,0,7,7
checkpoint_64000,exploration_only,614,8,8,0,0,8,8
checkpoint_64000,exploration_only,638,9,9,0,0,9,9
checkpoint_64000,exploration_only,658,10,10,0,0,10,10
checkpoint_64000,exploration_only,681,11,11,0,0,11,11
checkpoint_64000,exploration_only,699,12,12,0,0,12,12
checkpoint_64000,exploration_only,716,13,13,0,0,13,13
checkpoint_64000,exploration_only,732,14,14,0,0,14,14
checkpoint_64000,exploration_only,748,15,15,0,0,15,15
checkpoint_64000,exploration_only,762,16,16,0,0,16,16
checkpoint_64000,exploration_only,775,17,17,0,0,17,17
checkpoint_64000,exploration_only,787,18,18,0,0,18,18
checkpoint_64000,exploration_only,798,19,19,0,0,19,19
checkpoint_64000,exploration_only,807,20,20,0,0,20,20
checkpoint_64000,exploration_only,815,21,21,0,0,21,21
checkpoint_64000,exploration_only,822,22,22,0,0,22,22
checkpoint_64000,exploration_only,827,23,23,0,0,23,23
checkpoint_64000,exploration_only,831,24,24,0,0,24,24
checkpoint_64000,exploration_only,835,25,25,0,0,25,25
checkpoint_64000,exploration_only,837,26,26,0,0,26,26
checkpoint_64000,exploration_only,838,27,27,0,0,27,27
checkpoint_64000,exploration_only,909,28,28,0,0,28,28
checkpoint_64000,exploration_only,968,29,29,0,0,29,29
checkpoint_64000,exploration_only,995,30,30,0,0,30,30
checkpoint_64000,exploration_only,1076,31,31,0,0,31,31
checkpoint_64000,exploration_only,1101,32,32,0,0,32,32
checkpoint_64000,exploration_only,1176,33,33,0,0,33,33
checkpoint_64000,exploration_only,1199,34,34,0,0,34,34
checkpoint_64000,exploration_only,1242,35,35,0,0,35,35
checkpoint_64000,exploration_only,1280,36,36,0,0,36,36
checkpoint_64000,exploration_only,1332,37,37,0,0,37,37
checkpoint_64000,exploration_only,1379,38,38,0,0,38,38
checkpoint_64000,exploration_only,1408,39,39,0,0,39,39
checkpoint_64000,exploration_only,1435,40,40,0,0,40,40
checkpoint_64000,exploration_only,1460,41,41,0,0,41,41
checkpoint_64000,exploration_only,1483,42,42,0,0,42,42
checkpoint_64000,exploration_only,1504,43,43,0,0,43,43
checkpoint_64000,exploration_only,1523,44,44,0,0,44,44
checkpoint_64000,exploration_only,1538,45,45,0,0,45,45
checkpoint_64000,exploration_only,1557,46,46,0,0,46,46
checkpoint_64000,exploration_only,1573,47,47,0,0,47,47
checkpoint_64000,exploration_only,1576,48,48,0,0,48,48
checkpoint_64000,exploration_only,1590,49,48,0,1,48,48
checkpoint_64000,exploration_only,1625,50,49,0,1,49,49
checkpoint_64000,exploration_only,1657,51,50,0,1,50,50
checkpoint_64000,exploration_only,1687,52,51,0,1,51,51
checkpoint_64000,exploration_only,1716,53,52,0,1,52,52
checkpoint_64000,exploration_only,1744,54,53,0,1,53,53
checkpoint_64000,exploration_only,1771,55,54,0,1,54,54
checkpoint_64000,exploration_only,1795,56,55,0,1,55,55
checkpoint_64000,exploration_only,1818,57,56,0,1,56,56
checkpoint_64000,exploration_only,1840,58,57,0,1,57,57
checkpoint_64000,exploration_only,1861,59,58,0,1,58,58
checkpoint_64000,exploration_only,1881,60,59,0,1,59,59
checkpoint_64000,exploration_only,1900,61,60,0,1,60,60
checkpoint_64000,exploration_only,1918,62,61,0,1,61,61
checkpoint_64000,exploration_only,1934,63,62,0,1,62,62
checkpoint_64000,exploration_only,1949,64,63,0,1,63,63
checkpoint_64000,exploration_only,1963,65,64,0,1,64,64
checkpoint_64000,exploration_only,1976,66,65,0,1,65,65
checkpoint_64000,exploration_only,1987,67,66,0,1,66,66
checkpoint_64000,exploration_only,1997,68,67,0,1,67,67
checkpoint_64000,exploration_only,2006,69,68,0,1,68,68
checkpoint_64000,exploration_only,2014,70,69,0,1,69,69
checkpoint_64000,exploration_only,2020,71,70,0,1,70,70
checkpoint_64000,exploration_only,2025,72,71,0,1,71,71
checkpoint_64000,exploration_only,2029,73,72,0,1,72,72
checkpoint_64000,exploration_only,2032,74,73,0,1,73,73
checkpoint_64000,exploration_only,2034,75,74,0,1,74,74
checkpoint_64000,exploration_only,2067,76,75,0,1,75,75
checkpoint_64000,exploration_only,2098,77,76,0,1,76,76
checkpoint_64000,exploration_only,2129,78,77,0,1,77,77
checkpoint_64000,exploration_only,2157,79,78,0,1,78,78
checkpoint_64000,exploration_only,2186,80,79,0,1,79,79
checkpoint_64000,exploration_only,2212,81,80,0,1,80,80
checkpoint_64000,exploration_only,2237,82,81,0,1,81,81
checkpoint_64000,exploration_only,2262,83,82,0,1,82,82
checkpoint_64000,exploration_only,2285,84,83,0,1,83,83
checkpoint_64000,exploration_only,2308,85,84,0,1,84,84
checkpoint_64000,exploration_only,2331,86,85,0,1,85,85
checkpoint_64000,exploration_only,2354,87,86,0,1,86,86
checkpoint_64000,exploration_only,2374,88,87,0,1,87,87
checkpoint_64000,exploration_only,2395,89,88,0,1,88,88
checkpoint_64000,exploration_only,2413,90,89,0,1,89,89
checkpoint_64000,exploration_only,2431,91,90,0,1,90,90
checkpoint_64000,exploration_only,2449,92,91,0,1,91,91
checkpoint_64000,exploration_only,2466,93,92,0,1,92,92
checkpoint_64000,exploration_only,2480,94,93,0,1,93,93
checkpoint_64000,exploration_only,2493,95,94,0,1,94,94
checkpoint_64000,exploration_only,2505,96,95,0,1,95,95
checkpoint_64000,exploration_only,2515,97,96,0,1,96,96
checkpoint_64000,exploration_only,2525,98,97,0,1,97,97
checkpoint_64000,exploration_only,2533,99,98,0,1,98,98
checkpoint_64000,exploration_only,2539,100,99,0,1,99,99
checkpoint_64000,exploration_only,2544,101,100,0,1,100,100
checkpoint_64000,exploration_only,2548,102,101,0,1,101,101
checkpoint_64000,exploration_only,2551,103,102,0,1,102,102
checkpoint_64000,exploration_only,2553,104,103,0,1,103,103
checkpoint_64000,exploration_only,2586,105,104,0,1,104,104
checkpoint_64000,exploration_only,2618,106,105,0,1,105,105
checkpoint_64000,exploration_only,2645,107,106,0,1,106,106
checkpoint_64000,exploration_only,2673,108,107,0,1,107,107
checkpoint_64000,exploration_only,2699,109,108,0,1,108,108
checkpoint_64000,exploration_only,2724,110,109,0,1,109,109
checkpoint_64000,exploration_only,2747,111,110,0,1,110,110
checkpoint_64000,exploration_only,2769,112,111,0,1,111,111
checkpoint_64000,exploration_only,2789,113,112,0,1,112,112
checkpoint_64000,exploration_only,2808,114,113,0,1,113,113
checkpoint_64000,exploration_only,2825,115,114,0,1,114,114
checkpoint_64000,exploration_only,2842,116,115,0,1,115,115
checkpoint_64000,exploration_only,2857,117,116,0,1,116,116
checkpoint_64000,exploration_only,2873,118,117,0,1,117,117
checkpoint_64000,exploration_only,2887,119,118,0,1,118,118
checkpoint_64000,exploration_only,2900,120,119,0,1,119,119
checkpoint_64000,exploration_only,2912,121,120,0,1,120,120
checkpoint_64000,exploration_only,2922,122,121,0,1,121,121
checkpoint_64000,exploration_only,2931,123,122,0,1,122,122
checkpoint_64000,exploration_only,2939,124,123,0,1,123,123
checkpoint_64000,exploration_only,2945,125,124,0,1,124,124
checkpoint_64000,exploration_only,2950,126,125,0,1,125,125
checkpoint_64000,exploration_only,2954,127,126,0,1,126,126
checkpoint_64000,exploration_only,2957,128,127,0,1,127,127
checkpoint_64000,exploration_only,2958,129,128,0,1,128,128
checkpoint_64000,exploration_only,2993,130,129,0,1,128,128
checkpoint_64000,exploration_only,3025,131,130,0,1,129,129
checkpoint_64000,exploration_only,3157,132,131,0,1,130,130
checkpoint_64000,exploration_only,3289,133,132,0,1,131,131
checkpoint_64000,exploration_only,3413,134,133,0,1,132,132
checkpoint_64000,exploration_only,3620,135,133,1,1,132,132
checkpoint_64000,exploration_only,3818,136,133,2,1,132,132
checkpoint_64000,exploration_only,4002,137,133,3,1,132,132
checkpoint_64000,exploration_only,4184,138,133,4,1,132,132
checkpoint_64000,exploration_only,4352,139,133,5,1,132,132
checkpoint_64000,exploration_only,4511,140,133,6,1,132,132
checkpoint_64000,exploration_only,4659,141,133,7,1,132,132
checkpoint_64000,exploration_only,4793,142,133,8,1,132,132
checkpoint_64000,exploration_only,4916,143,133,9,1,132,132
checkpoint_64000,exploration_only,5033,144,133,10,1,132,132
checkpoint_64000,exploration_only,5142,145,133,11,1,132,132
checkpoint_64000,exploration_only,5238,146,133,12,1,132,132
checkpoint_64000,exploration_only,5327,147,133,13,1,132,132
checkpoint_64000,exploration_only,5408,148,133,14,1,132,132
checkpoint_64000,exploration_only,5481,149,133,15,1,132,132
checkpoint_64000,exploration_only,5540,150,133,16,1,132,132
checkpoint_64000,exploration_only,5590,151,133,17,1,132,132
checkpoint_64000,exploration_only,5634,152,133,18,1,132,132
checkpoint_64000,exploration_only,5656,153,133,19,1,132,132
checkpoint_64000,exploration_only,5663,154,133,20,1,132,132
checkpoint_64000,exploration_only,5697,155,134,20,1,133,133
checkpoint_64000,exploration_only,5728,156,135,20,1,134,134
checkpoint_64000,exploration_only,5755,157,136,20,1,135,135
checkpoint_64000,exploration_only,5782,158,137,20,1,136,136
checkpoint_64000,exploration_only,5809,159,138,20,1,137,137
checkpoint_64000,exploration_only,5836,160,139,20,1,138,138
checkpoint_64000,exploration_only,5860,161,140,20,1,139,139
checkpoint_64000,exploration_only,5882,162,141,20,1,140,140
checkpoint_64000,exploration_only,5903,163,142,20,1,141,141
checkpoint_64000,exploration_only,5925,164,143,20,1,142,142
checkpoint_64000,exploration_only,5944,165,144,20,1,143,143
checkpoint_64000,exploration_only,5962,166,145,20,1,144,144
checkpoint_64000,exploration_only,5978,167,146,20,1,145,145
checkpoint_64000,exploration_only,5994,168,147,20,1,146,146
checkpoint_64000,exploration_only,6009,169,148,20,1,147,147
checkpoint_64000,exploration_only,6022,170,149,20,1,148,148
checkpoint_64000,exploration_only,6034,171,150,20,1,149,149
checkpoint_64000,exploration_only,6041,172,151,20,1,150,150
checkpoint_64000,exploration_only,6047,173,152,20,1,151,151
checkpoint_64000,exploration_only,6052,174,153,20,1,152,152
checkpoint_64000,exploration_only,6056,175,154,20,1,153,153
checkpoint_64000,exploration_only,6059,176,155,20,1,154,154
checkpoint_64000,exploration_only,6060,177,156,20,1,155,155
checkpoint_64000,exploration_only,6093,178,157,20,1,156,156
checkpoint_64000,exploration_only,6124,179,158,20,1,157,157
checkpoint_64000,exploration_only,6155,180,159,20,1,158,158
checkpoint_64000,exploration_only,6182,181,160,20,1,159,159
checkpoint_64000,exploration_only,6208,182,161,20,1,160,160
checkpoint_64000,exploration_only,6236,183,162,20,1,161,161
checkpoint_64000,exploration_only,6263,184,163,20,1,162,162
checkpoint_64000,exploration_only,6288,185,164,20,1,163,163
checkpoint_64000,exploration_only,6310,186,165,20,1,164,164
checkpoint_64000,exploration_only,6331,187,166,20,1,165,165
checkpoint_64000,exploration_only,6350,188,167,20,1,166,166
checkpoint_64000,exploration_only,6368,189,168,20,1,167,167
checkpoint_64000,exploration_only,6385,190,169,20,1,168,168
checkpoint_64000,exploration_only,6401,191,170,20,1,169,169
checkpoint_64000,exploration_only,6415,192,171,20,1,170,170
checkpoint_64000,exploration_only,6429,193,172,20,1,171,171
checkpoint_64000,exploration_only,6441,194,173,20,1,172,172
checkpoint_64000,exploration_only,6451,195,174,20,1,173,173
checkpoint_64000,exploration_only,6461,196,175,20,1,174,174
checkpoint_64000,exploration_only,6470,197,176,20,1,175,175
checkpoint_64000,exploration_only,6478,198,177,20,1,176,176
checkpoint_64000,exploration_only,6485,199,178,20,1,177,177
checkpoint_64000,exploration_only,6491,200,179,20,1,178,178
checkpoint_64000,exploration_only,6496,201,180,20,1,179,179
checkpoint_64000,exploration_only,6499,202,181,20,1,180,180
checkpoint_64000,exploration_only,6501,203,182,20,1,181,181
checkpoint_64000,exploration_only,6502,204,183,20,1,182,182
checkpoint_64000,training_inclusive,0,0,0,0,0,0,0
checkpoint_64000,training_inclusive,64500,0,0,0,0,0,0
checkpoint_64000,training_inclusive,64532,1,1,0,0,1,1
checkpoint_64000,training_inclusive,64609,2,2,0,0,2,2
checkpoint_64000,training_inclusive,64638,3,3,0,0,3,3
checkpoint_64000,training_inclusive,64666,4,4,0,0,4,4
checkpoint_64000,training_inclusive,64694,5,5,0,0,5,5
checkpoint_64000,training_inclusive,64717,6,6,0,0,6,6
checkpoint_64000,training_inclusive,64743,7,7,0,0,7,7
checkpoint_64000,training_inclusive,64766,8,8,0,0,8,8
checkpoint_64000,training_inclusive,64790,9,9,0,0,9,9
checkpoint_64000,training_inclusive,64810,10,10,0,0,10,10
checkpoint_64000,training_inclusive,64833,11,11,0,0,11,11
checkpoint_64000,training_inclusive,64851,12,12,0,0,12,12
checkpoint_64000,training_inclusive,64868,13,13,0,0,13,13
checkpoint_64000,training_inclusive,64884,14,14,0,0,14,14
checkpoint_64000,training_inclusive,64900,15,15,0,0,15,15
checkpoint_64000,training_inclusive,64914,16,16,0,0,16,16
checkpoint_64000,training_inclusive,64927,17,17,0,0,17,17
checkpoint_64000,training_inclusive,64939,18,18,0,0,18,18
checkpoint_64000,training_inclusive,64950,19,19,0,0,19,19
checkpoint_64000,training_inclusive,64959,20,20,0,0,20,20
checkpoint_64000,training_inclusive,64967,21,21,0,0,21,21
checkpoint_64000,training_inclusive,64974,22,22,0,0,22,22
checkpoint_64000,training_inclusive,64979,23,23,0,0,23,23
checkpoint_64000,training_inclusive,64983,24,24,0,0,24,24
checkpoint_64000,training_inclusive,64987,25,25,0,0,25,25
checkpoint_64000,training_inclusive,64989,26,26,0,0,26,26
checkpoint_64000,training_inclusive,64990,27,27,0,0,27,27
checkpoint_64000,training_inclusive,65061,28,28,0,0,28,28
checkpoint_64000,training_inclusive,65120,29,29,0,0,29,29
checkpoint_64000,training_inclusive,65147,30,30,0,0,30,30
checkpoint_64000,training_inclusive,65228,31,31,0,0,31,31
checkpoint_64000,training_inclusive,65253,32,32,0,0,32,32
checkpoint_64000,training_inclusive,65328,33,33,0,0,33,33
checkpoint_64000,training_inclusive,65351,34,34,0,0,34,34
checkpoint_64000,training_inclusive,65394,35,35,0,0,35,35
checkpoint_64000,training_inclusive,65432,36,36,0,0,36,36
checkpoint_64000,training_inclusive,65484,37,37,0,0,37,37
checkpoint_64000,training_inclusive,65531,38,38,0,0,38,38
checkpoint_64000,training_inclusive,65560,39,39,0,0,39,39
checkpoint_64000,training_inclusive,65587,40,40,0,0,40,40
checkpoint_64000,training_inclusive,65612,41,41,0,0,41,41
checkpoint_64000,training_inclusive,65635,42,42,0,0,42,42
checkpoint_64000,training_inclusive,65656,43,43,0,0,43,43
checkpoint_64000,training_inclusive,65675,44,44,0,0,44,44
checkpoint_64000,training_inclusive,65690,45,45,0,0,45,45
checkpoint_64000,training_inclusive,65709,46,46,0,0,46,46
checkpoint_64000,training_inclusive,65725,47,47,0,0,47,47
checkpoint_64000,training_inclusive,65728,48,48,0,0,48,48
checkpoint_64000,training_inclusive,65742,49,48,0,1,48,48
checkpoint_64000,training_inclusive,65777,50,49,0,1,49,49
checkpoint_64000,training_inclusive,65809,51,50,0,1,50,50
checkpoint_64000,training_inclusive,65839,52,51,0,1,51,51
checkpoint_64000,training_inclusive,65868,53,52,0,1,52,52
checkpoint_64000,training_inclusive,65896,54,53,0,1,53,53
checkpoint_64000,training_inclusive,65923,55,54,0,1,54,54
checkpoint_64000,training_inclusive,65947,56,55,0,1,55,55
checkpoint_64000,training_inclusive,65970,57,56,0,1,56,56
checkpoint_64000,training_inclusive,65992,58,57,0,1,57,57
checkpoint_64000,training_inclusive,66013,59,58,0,1,58,58
checkpoint_64000,training_inclusive,66033,60,59,0,1,59,59
checkpoint_64000,training_inclusive,66052,61,60,0,1,60,60
checkpoint_64000,training_inclusive,66070,62,61,0,1,61,61
checkpoint_64000,training_inclusive,66086,63,62,0,1,62,62
checkpoint_64000,training_inclusive,66101,64,63,0,1,63,63
checkpoint_64000,training_inclusive,66115,65,64,0,1,64,64
checkpoint_64000,training_inclusive,66128,66,65,0,1,65,65
checkpoint_64000,training_inclusive,66139,67,66,0,1,66,66
checkpoint_64000,training_inclusive,66149,68,67,0,1,67,67
checkpoint_64000,training_inclusive,66158,69,68,0,1,68,68
checkpoint_64000,training_inclusive,66166,70,69,0,1,69,69
checkpoint_64000,training_inclusive,66172,71,70,0,1,70,70
checkpoint_64000,training_inclusive,66177,72,71,0,1,71,71
checkpoint_64000,training_inclusive,66181,73,72,0,1,72,72
checkpoint_64000,training_inclusive,66184,74,73,0,1,73,73
checkpoint_64000,training_inclusive,66186,75,74,0,1,74,74
checkpoint_64000,training_inclusive,66219,76,75,0,1,75,75
checkpoint_64000,training_inclusive,66250,77,76,0,1,76,76
checkpoint_64000,training_inclusive,66281,78,77,0,1,77,77
checkpoint_64000,training_inclusive,66309,79,78,0,1,78,78
checkpoint_64000,training_inclusive,66338,80,79,0,1,79,79
checkpoint_64000,training_inclusive,66364,81,80,0,1,80,80
checkpoint_64000,training_inclusive,66389,82,81,0,1,81,81
checkpoint_64000,training_inclusive,66414,83,82,0,1,82,82
checkpoint_64000,training_inclusive,66437,84,83,0,1,83,83
checkpoint_64000,training_inclusive,66460,85,84,0,1,84,84
checkpoint_64000,training_inclusive,66483,86,85,0,1,85,85
checkpoint_64000,training_inclusive,66506,87,86,0,1,86,86
checkpoint_64000,training_inclusive,66526,88,87,0,1,87,87
checkpoint_64000,training_inclusive,66547,89,88,0,1,88,88
checkpoint_64000,training_inclusive,66565,90,89,0,1,89,89
checkpoint_64000,training_inclusive,66583,91,90,0,1,90,90
checkpoint_64000,training_inclusive,66601,92,91,0,1,91,91
checkpoint_64000,training_inclusive,66618,93,92,0,1,92,92
checkpoint_64000,training_inclusive,66632,94,93,0,1,93,93
checkpoint_64000,training_inclusive,66645,95,94,0,1,94,94
checkpoint_64000,training_inclusive,66657,96,95,0,1,95,95
checkpoint_64000,training_inclusive,66667,97,96,0,1,96,96
checkpoint_64000,training_inclusive,66677,98,97,0,1,97,97
checkpoint_64000,training_inclusive,66685,99,98,0,1,98,98
checkpoint_64000,training_inclusive,66691,100,99,0,1,99,99
checkpoint_64000,training_inclusive,66696,101,100,0,1,100,100
checkpoint_64000,training_inclusive,66700,102,101,0,1,101,101
checkpoint_64000,training_inclusive,66703,103,102,0,1,102,102
checkpoint_64000,training_inclusive,66705,104,103,0,1,103,103
checkpoint_64000,training_inclusive,66738,105,104,0,1,104,104
checkpoint_64000,training_inclusive,66770,106,105,0,1,105,105
checkpoint_64000,training_inclusive,66797,107,106,0,1,106,106
checkpoint_64000,training_inclusive,66825,108,107,0,1,107,107
checkpoint_64000,training_inclusive,66851,109,108,0,1,108,108
checkpoint_64000,training_inclusive,66876,110,109,0,1,109,109
checkpoint_64000,training_inclusive,66899,111,110,0,1,110,110
checkpoint_64000,training_inclusive,66921,112,111,0,1,111,111
checkpoint_64000,training_inclusive,66941,113,112,0,1,112,112
checkpoint_64000,training_inclusive,66960,114,113,0,1,113,113
checkpoint_64000,training_inclusive,66977,115,114,0,1,114,114
checkpoint_64000,training_inclusive,66994,116,115,0,1,115,115
checkpoint_64000,training_inclusive,67009,117,116,0,1,116,116
checkpoint_64000,training_inclusive,67025,118,117,0,1,117,117
checkpoint_64000,training_inclusive,67039,119,118,0,1,118,118
checkpoint_64000,training_inclusive,67052,120,119,0,1,119,119
checkpoint_64000,training_inclusive,67064,121,120,0,1,120,120
checkpoint_64000,training_inclusive,67074,122,121,0,1,121,121
checkpoint_64000,training_inclusive,67083,123,122,0,1,122,122
checkpoint_64000,training_inclusive,67091,124,123,0,1,123,123
checkpoint_64000,training_inclusive,67097,125,124,0,1,124,124
checkpoint_64000,training_inclusive,67102,126,125,0,1,125,125
checkpoint_64000,training_inclusive,67106,127,126,0,1,126,126
checkpoint_64000,training_inclusive,67109,128,127,0,1,127,127
checkpoint_64000,training_inclusive,67110,129,128,0,1,128,128
checkpoint_64000,training_inclusive,67145,130,129,0,1,128,128
checkpoint_64000,training_inclusive,67177,131,130,0,1,129,129
checkpoint_64000,training_inclusive,67309,132,131,0,1,130,130
checkpoint_64000,training_inclusive,67441,133,132,0,1,131,131
checkpoint_64000,training_inclusive,67565,134,133,0,1,132,132
checkpoint_64000,training_inclusive,67772,135,133,1,1,132,132
checkpoint_64000,training_inclusive,67970,136,133,2,1,132,132
checkpoint_64000,training_inclusive,68154,137,133,3,1,132,132
checkpoint_64000,training_inclusive,68336,138,133,4,1,132,132
checkpoint_64000,training_inclusive,68504,139,133,5,1,132,132
checkpoint_64000,training_inclusive,68663,140,133,6,1,132,132
checkpoint_64000,training_inclusive,68811,141,133,7,1,132,132
checkpoint_64000,training_inclusive,68945,142,133,8,1,132,132
checkpoint_64000,training_inclusive,69068,143,133,9,1,132,132
checkpoint_64000,training_inclusive,69185,144,133,10,1,132,132
checkpoint_64000,training_inclusive,69294,145,133,11,1,132,132
checkpoint_64000,training_inclusive,69390,146,133,12,1,132,132
checkpoint_64000,training_inclusive,69479,147,133,13,1,132,132
checkpoint_64000,training_inclusive,69560,148,133,14,1,132,132
checkpoint_64000,training_inclusive,69633,149,133,15,1,132,132
checkpoint_64000,training_inclusive,69692,150,133,16,1,132,132
checkpoint_64000,training_inclusive,69742,151,133,17,1,132,132
checkpoint_64000,training_inclusive,69786,152,133,18,1,132,132
checkpoint_64000,training_inclusive,69808,153,133,19,1,132,132
checkpoint_64000,training_inclusive,69815,154,133,20,1,132,132
checkpoint_64000,training_inclusive,69849,155,134,20,1,133,133
checkpoint_64000,training_inclusive,69880,156,135,20,1,134,134
checkpoint_64000,training_inclusive,69907,157,136,20,1,135,135
checkpoint_64000,training_inclusive,69934,158,137,20,1,136,136
checkpoint_64000,training_inclusive,69961,159,138,20,1,137,137
checkpoint_64000,training_inclusive,69988,160,139,20,1,138,138
checkpoint_64000,training_inclusive,70012,161,140,20,1,139,139
checkpoint_64000,training_inclusive,70034,162,141,20,1,140,140
checkpoint_64000,training_inclusive,70055,163,142,20,1,141,141
checkpoint_64000,training_inclusive,70077,164,143,20,1,142,142
checkpoint_64000,training_inclusive,70096,165,144,20,1,143,143
checkpoint_64000,training_inclusive,70114,166,145,20,1,144,144
checkpoint_64000,training_inclusive,70130,167,146,20,1,145,145
checkpoint_64000,training_inclusive,70146,168,147,20,1,146,146
checkpoint_64000,training_inclusive,70161,169,148,20,1,147,147
checkpoint_64000,training_inclusive,70174,170,149,20,1,148,148
checkpoint_64000,training_inclusive,70186,171,150,20,1,149,149
checkpoint_64000,training_inclusive,70193,172,151,20,1,150,150
checkpoint_64000,training_inclusive,70199,173,152,20,1,151,151
checkpoint_64000,training_inclusive,70204,174,153,20,1,152,152
checkpoint_64000,training_inclusive,70208,175,154,20,1,153,153
checkpoint_64000,training_inclusive,70211,176,155,20,1,154,154
checkpoint_64000,training_inclusive,70212,177,156,20,1,155,155
checkpoint_64000,training_inclusive,70245,178,157,20,1,156,156
checkpoint_64000,training_inclusive,70276,179,158,20,1,157,157
checkpoint_64000,training_inclusive,70307,180,159,20,1,158,158
checkpoint_64000,training_inclusive,70334,181,160,20,1,159,159
checkpoint_64000,training_inclusive,70360,182,161,20,1,160,160
checkpoint_64000,training_inclusive,70388,183,162,20,1,161,161
checkpoint_64000,training_inclusive,70415,184,163,20,1,162,162
checkpoint_64000,training_inclusive,70440,185,164,20,1,163,163
checkpoint_64000,training_inclusive,70462,186,165,20,1,164,164
checkpoint_64000,training_inclusive,70483,187,166,20,1,165,165
checkpoint_64000,training_inclusive,70502,188,167,20,1,166,166
checkpoint_64000,training_inclusive,70520,189,168,20,1,167,167
checkpoint_64000,training_inclusive,70537,190,169,20,1,168,168
checkpoint_64000,training_inclusive,70553,191,170,20,1,169,169
checkpoint_64000,training_inclusive,70567,192,171,20,1,170,170
checkpoint_64000,training_inclusive,70581,193,172,20,1,171,171
checkpoint_64000,training_inclusive,70593,194,173,20,1,172,172
checkpoint_64000,training_inclusive,70603,195,174,20,1,173,173
checkpoint_64000,training_inclusive,70613,196,175,20,1,174,174
checkpoint_64000,training_inclusive,70622,197,176,20,1,175,175
checkpoint_64000,training_inclusive,70630,198,177,20,1,176,176
checkpoint_64000,training_inclusive,70637,199,178,20,1,177,177
checkpoint_64000,training_inclusive,70643,200,179,20,1,178,178
checkpoint_64000,training_inclusive,70648,201,180,20,1,179,179
checkpoint_64000,training_inclusive,70651,202,181,20,1,180,180
checkpoint_64000,training_inclusive,70653,203,182,20,1,181,181
checkpoint_64000,training_inclusive,70654,204,183,20,1,182,182
checkpoint_128000,exploration_only,0,0,0,0,0,0,0
checkpoint_128000,exploration_only,373,0,0,0,0,0,0
checkpoint_128000,exploration_only,405,1,1,0,0,1,1
checkpoint_128000,exploration_only,434,2,2,0,0,2,2
checkpoint_128000,exploration_only,466,3,3,0,0,3,3
checkpoint_128000,exploration_only,496,4,4,0,0,4,4
checkpoint_128000,exploration_only,525,5,5,0,0,5,5
checkpoint_128000,exploration_only,552,6,6,0,0,6,6
checkpoint_128000,exploration_only,579,7,7,0,0,7,7
checkpoint_128000,exploration_only,607,8,8,0,0,8,8
checkpoint_128000,exploration_only,630,9,9,0,0,9,9
checkpoint_128000,exploration_only,654,10,10,0,0,10,10
checkpoint_128000,exploration_only,675,11,11,0,0,11,11
checkpoint_128000,exploration_only,695,12,12,0,0,12,12
checkpoint_128000,exploration_only,715,13,13,0,0,13,13
checkpoint_128000,exploration_only,734,14,14,0,0,14,14
checkpoint_128000,exploration_only,752,15,15,0,0,15,15
checkpoint_128000,exploration_only,770,16,16,0,0,16,16
checkpoint_128000,exploration_only,786,17,17,0,0,17,17
checkpoint_128000,exploration_only,802,18,18,0,0,18,18
checkpoint_128000,exploration_only,815,19,19,0,0,19,19
checkpoint_128000,exploration_only,828,20,20,0,0,20,20
checkpoint_128000,exploration_only,839,21,21,0,0,21,21
checkpoint_128000,exploration_only,848,22,22,0,0,22,22
checkpoint_128000,exploration_only,856,23,23,0,0,23,23
checkpoint_128000,exploration_only,862,24,24,0,0,24,24
checkpoint_128000,exploration_only,868,25,25,0,0,25,25
checkpoint_128000,exploration_only,872,26,26,0,0,26,26
checkpoint_128000,exploration_only,875,27,27,0,0,27,27
checkpoint_128000,exploration_only,878,28,28,0,0,28,28
checkpoint_128000,exploration_only,879,29,29,0,0,29,29
checkpoint_128000,exploration_only,1004,30,30,0,0,30,30
checkpoint_128000,exploration_only,1036,31,31,0,0,31,31
checkpoint_128000,exploration_only,1067,32,32,0,0,32,32
checkpoint_128000,exploration_only,1097,33,33,0,0,33,33
checkpoint_128000,exploration_only,1125,34,34,0,0,34,34
checkpoint_128000,exploration_only,1152,35,35,0,0,35,35
checkpoint_128000,exploration_only,1177,36,36,0,0,36,36
checkpoint_128000,exploration_only,1201,37,37,0,0,37,37
checkpoint_128000,exploration_only,1224,38,38,0,0,38,38
checkpoint_128000,exploration_only,1247,39,39,0,0,39,39
checkpoint_128000,exploration_only,1267,40,40,0,0,40,40
checkpoint_128000,exploration_only,1286,41,41,0,0,41,41
checkpoint_128000,exploration_only,1304,42,42,0,0,42,42
checkpoint_128000,exploration_only,1321,43,43,0,0,43,43
checkpoint_128000,exploration_only,1336,44,44,0,0,44,44
checkpoint_128000,exploration_only,1350,45,45,0,0,45,45
checkpoint_128000,exploration_only,1363,46,46,0,0,46,46
checkpoint_128000,exploration_only,1375,47,47,0,0,47,47
checkpoint_128000,exploration_only,1386,48,48,0,0,48,48
checkpoint_128000,exploration_only,1395,49,49,0,0,49,49
checkpoint_128000,exploration_only,1403,50,50,0,0,50,50
checkpoint_128000,exploration_only,1410,51,51,0,0,51,51
checkpoint_128000,exploration_only,1415,52,52,0,0,52,52
checkpoint_128000,exploration_only,1419,53,53,0,0,53,53
checkpoint_128000,exploration_only,1422,54,54,0,0,54,54
checkpoint_128000,exploration_only,1423,55,55,0,0,55,55
checkpoint_128000,exploration_only,1457,56,56,0,0,56,56
checkpoint_128000,exploration_only,1487,57,57,0,0,57,57
checkpoint_128000,exploration_only,1517,58,58,0,0,58,58
checkpoint_128000,exploration_only,1549,59,59,0,0,59,59
checkpoint_128000,exploration_only,1579,60,60,0,0,60,60
checkpoint_128000,exploration_only,1606,61,61,0,0,61,61
checkpoint_128000,exploration_only,1633,62,62,0,0,62,62
checkpoint_128000,exploration_only,1658,63,63,0,0,63,63
checkpoint_128000,exploration_only,1681,64,64,0,0,64,64
checkpoint_128000,exploration_only,1703,65,65,0,0,65,65
checkpoint_128000,exploration_only,1724,66,66,0,0,66,66
checkpoint_128000,exploration_only,1743,67,67,0,0,67,67
checkpoint_128000,exploration_only,1763,68,68,0,0,68,68
checkpoint_128000,exploration_only,1783,69,69,0,0,69,69
checkpoint_128000,exploration_only,1801,70,70,0,0,70,70
checkpoint_128000,exploration_only,1818,71,71,0,0,71,71
checkpoint_128000,exploration_only,1834,72,72,0,0,72,72
checkpoint_128000,exploration_only,1848,73,73,0,0,73,73
checkpoint_128000,exploration_only,1862,74,74,0,0,74,74
checkpoint_128000,exploration_only,1874,75,75,0,0,75,75
checkpoint_128000,exploration_only,1884,76,76,0,0,76,76
checkpoint_128000,exploration_only,1893,77,77,0,0,77,77
checkpoint_128000,exploration_only,1901,78,78,0,0,78,78
checkpoint_128000,exploration_only,1908,79,79,0,0,79,79
checkpoint_128000,exploration_only,1914,80,80,0,0,80,80
checkpoint_128000,exploration_only,1919,81,81,0,0,81,81
checkpoint_128000,exploration_only,1922,82,82,0,0,82,82
checkpoint_128000,exploration_only,1925,83,83,0,0,83,83
checkpoint_128000,exploration_only,1959,84,84,0,0,84,84
checkpoint_128000,exploration_only,1988,85,85,0,0,85,85
checkpoint_128000,exploration_only,2019,86,86,0,0,86,86
checkpoint_128000,exploration_only,2048,87,87,0,0,87,87
checkpoint_128000,exploration_only,2077,88,88,0,0,88,88
checkpoint_128000,exploration_only,2107,89,89,0,0,89,89
checkpoint_128000,exploration_only,2137,90,90,0,0,90,90
checkpoint_128000,exploration_only,2165,91,91,0,0,91,91
checkpoint_128000,exploration_only,2190,92,92,0,0,92,92
checkpoint_128000,exploration_only,2214,93,93,0,0,93,93
checkpoint_128000,exploration_only,2237,94,94,0,0,94,94
checkpoint_128000,exploration_only,2258,95,95,0,0,95,95
checkpoint_128000,exploration_only,2280,96,96,0,0,96,96
checkpoint_128000,exploration_only,2300,97,97,0,0,97,97
checkpoint_128000,exploration_only,2319,98,98,0,0,98,98
checkpoint_128000,exploration_only,2336,99,99,0,0,99,99
checkpoint_128000,exploration_only,2352,100,100,0,0,100,100
checkpoint_128000,exploration_only,2367,101,101,0,0,101,101
checkpoint_128000,exploration_only,2381,102,102,0,0,102,102
checkpoint_128000,exploration_only,2394,103,103,0,0,103,103
checkpoint_128000,exploration_only,2405,104,104,0,0,104,104
checkpoint_128000,exploration_only,2415,105,105,0,0,105,105
checkpoint_128000,exploration_only,2424,106,106,0,0,106,106
checkpoint_128000,exploration_only,2431,107,107,0,0,107,107
checkpoint_128000,exploration_only,2436,108,108,0,0,108,108
checkpoint_128000,exploration_only,2441,109,109,0,0,109,109
checkpoint_128000,exploration_only,2444,110,110,0,0,110,110
checkpoint_128000,exploration_only,2445,111,111,0,0,111,111
checkpoint_128000,exploration_only,2477,112,112,0,0,112,112
checkpoint_128000,exploration_only,2509,113,113,0,0,113,113
checkpoint_128000,exploration_only,2540,114,114,0,0,114,114
checkpoint_128000,exploration_only,2570,115,115,0,0,115,115
checkpoint_128000,exploration_only,2600,116,116,0,0,116,116
checkpoint_128000,exploration_only,2628,117,117,0,0,117,117
checkpoint_128000,exploration_only,2656,118,118,0,0,118,118
checkpoint_128000,exploration_only,2681,119,119,0,0,119,119
checkpoint_128000,exploration_only,2705,120,120,0,0,120,120
checkpoint_128000,exploration_only,2727,121,121,0,0,121,121
checkpoint_128000,exploration_only,2747,122,122,0,0,122,122
checkpoint_128000,exploration_only,2767,123,123,0,0,123,123
checkpoint_128000,exploration_only,2785,124,124,0,0,124,124
checkpoint_128000,exploration_only,2802,125,125,0,0,125,125
checkpoint_128000,exploration_only,2820,126,126,0,0,126,126
checkpoint_128000,exploration_only,2836,127,127,0,0,127,127
checkpoint_128000,exploration_only,2851,128,128,0,0,128,128
checkpoint_128000,exploration_only,2865,129,129,0,0,129,129
checkpoint_128000,exploration_only,2878,130,130,0,0,130,130
checkpoint_128000,exploration_only,2889,131,131,0,0,131,131
checkpoint_128000,exploration_only,2898,132,132,0,0,132,132
checkpoint_128000,exploration_only,2905,133,133,0,0,133,133
checkpoint_128000,exploration_only,2911,134,134,0,0,134,134
checkpoint_128000,exploration_only,2916,135,135,0,0,135,135
checkpoint_128000,exploration_only,2920,136,136,0,0,136,136
checkpoint_128000,exploration_only,2923,137,137,0,0,137,137
checkpoint_128000,exploration_only,2925,138,138,0,0,138,138
checkpoint_128000,exploration_only,2958,139,139,0,0,138,138
checkpoint_128000,exploration_only,2990,140,140,0,0,139,139
checkpoint_128000,exploration_only,3122,141,141,0,0,140,140
checkpoint_128000,exploration_only,3203,142,142,0,0,141,141
checkpoint_128000,exploration_only,3228,143,143,0,0,142,142
checkpoint_128000,exploration_only,3252,144,144,0,0,143,143
checkpoint_128000,exploration_only,3275,145,145,0,0,144,144
checkpoint_128000,exploration_only,3343,146,146,0,0,145,145
checkpoint_128000,exploration_only,3362,147,147,0,0,146,146
checkpoint_128000,exploration_only,3421,148,148,0,0,147,147
checkpoint_128000,exploration_only,3520,149,149,0,0,148,148
checkpoint_128000,exploration_only,3617,150,150,0,0,149,149
checkpoint_128000,exploration_only,3713,151,151,0,0,150,150
checkpoint_128000,exploration_only,3805,152,152,0,0,151,151
checkpoint_128000,exploration_only,3853,153,153,0,0,152,152
checkpoint_128000,exploration_only,3862,154,154,0,0,153,153
checkpoint_128000,exploration_only,3870,155,155,0,0,154,154
checkpoint_128000,exploration_only,3877,156,156,0,0,155,155
checkpoint_128000,exploration_only,3883,157,157,0,0,156,156
checkpoint_128000,exploration_only,3888,158,158,0,0,157,157
checkpoint_128000,exploration_only,3892,159,159,0,0,158,158
checkpoint_128000,exploration_only,3895,160,160,0,0,159,159
checkpoint_128000,exploration_only,3897,161,161,0,0,160,160
checkpoint_128000,exploration_only,3930,162,162,0,0,161,161
checkpoint_128000,exploration_only,3961,163,163,0,0,162,162
checkpoint_128000,exploration_only,3989,164,164,0,0,163,163
checkpoint_128000,exploration_only,4017,165,165,0,0,164,164
checkpoint_128000,exploration_only,4052,166,166,0,0,165,165
checkpoint_128000,exploration_only,4078,167,167,0,0,166,166
checkpoint_128000,exploration_only,4110,168,168,0,0,167,167
checkpoint_128000,exploration_only,4141,169,169,0,0,168,168
checkpoint_128000,exploration_only,4168,170,170,0,0,169,169
checkpoint_128000,exploration_only,4189,171,171,0,0,170,170
checkpoint_128000,exploration_only,4211,172,172,0,0,171,171
checkpoint_128000,exploration_only,4230,173,173,0,0,172,172
checkpoint_128000,exploration_only,4250,174,174,0,0,173,173
checkpoint_128000,exploration_only,4269,175,175,0,0,174,174
checkpoint_128000,exploration_only,4287,176,176,0,0,175,175
checkpoint_128000,exploration_only,4304,177,177,0,0,176,176
checkpoint_128000,exploration_only,4321,178,178,0,0,177,177
checkpoint_128000,exploration_only,4335,179,179,0,0,178,178
checkpoint_128000,exploration_only,4349,180,180,0,0,179,179
checkpoint_128000,exploration_only,4360,181,181,0,0,180,180
checkpoint_128000,exploration_only,4370,182,182,0,0,181,181
checkpoint_128000,exploration_only,4378,183,183,0,0,182,182
checkpoint_128000,exploration_only,4386,184,184,0,0,183,183
checkpoint_128000,exploration_only,4393,185,185,0,0,184,184
checkpoint_128000,exploration_only,4398,186,186,0,0,185,185
checkpoint_128000,exploration_only,4403,187,187,0,0,186,186
checkpoint_128000,exploration_only,4406,188,188,0,0,187,187
checkpoint_128000,exploration_only,4408,189,189,0,0,188,188
checkpoint_128000,exploration_only,4409,190,190,0,0,189,189
checkpoint_128000,exploration_only,4444,191,191,0,0,190,190
checkpoint_128000,exploration_only,4476,192,192,0,0,191,191
checkpoint_128000,exploration_only,4509,193,193,0,0,192,192
checkpoint_128000,exploration_only,4541,194,194,0,0,193,193
checkpoint_128000,exploration_only,4609,195,195,0,0,194,194
checkpoint_128000,exploration_only,4675,196,196,0,0,195,195
checkpoint_128000,exploration_only,4705,197,197,0,0,196,196
checkpoint_128000,exploration_only,4737,198,198,0,0,197,197
checkpoint_128000,exploration_only,4766,199,199,0,0,198,198
checkpoint_128000,exploration_only,4795,200,200,0,0,199,199
checkpoint_128000,exploration_only,4819,201,201,0,0,200,200
checkpoint_128000,exploration_only,4841,202,202,0,0,201,201
checkpoint_128000,exploration_only,4861,203,203,0,0,202,202
checkpoint_128000,exploration_only,4985,204,204,0,0,203,203
checkpoint_128000,exploration_only,5006,205,205,0,0,204,204
checkpoint_128000,exploration_only,5046,206,206,0,0,205,205
checkpoint_128000,exploration_only,5196,207,206,0,1,205,205
checkpoint_128000,exploration_only,5329,208,206,0,2,205,205
checkpoint_128000,exploration_only,5455,209,206,1,2,205,205
checkpoint_128000,exploration_only,5566,210,206,2,2,205,205
checkpoint_128000,exploration_only,5663,211,206,3,2,205,205
checkpoint_128000,exploration_only,5752,212,206,3,3,205,205
checkpoint_128000,exploration_only,5834,213,206,3,4,205,205
checkpoint_128000,exploration_only,5895,214,206,3,5,205,205
checkpoint_128000,exploration_only,5934,215,206,4,5,205,205
checkpoint_128000,exploration_only,5948,216,206,5,5,205,205
checkpoint_128000,training_inclusive,0,0,0,0,0,0,0
checkpoint_128000,training_inclusive,128598,0,0,0,0,0,0
checkpoint_128000,training_inclusive,128630,1,1,0,0,1,1
checkpoint_128000,training_inclusive,128659,2,2,0,0,2,2
checkpoint_128000,training_inclusive,128691,3,3,0,0,3,3
checkpoint_128000,training_inclusive,128721,4,4,0,0,4,4
checkpoint_128000,training_inclusive,128750,5,5,0,0,5,5
checkpoint_128000,training_inclusive,128777,6,6,0,0,6,6
checkpoint_128000,training_inclusive,128804,7,7,0,0,7,7
checkpoint_128000,training_inclusive,128832,8,8,0,0,8,8
checkpoint_128000,training_inclusive,128855,9,9,0,0,9,9
checkpoint_128000,training_inclusive,128879,10,10,0,0,10,10
checkpoint_128000,training_inclusive,128900,11,11,0,0,11,11
checkpoint_128000,training_inclusive,128920,12,12,0,0,12,12
checkpoint_128000,training_inclusive,128940,13,13,0,0,13,13
checkpoint_128000,training_inclusive,128959,14,14,0,0,14,14
checkpoint_128000,training_inclusive,128977,15,15,0,0,15,15
checkpoint_128000,training_inclusive,128995,16,16,0,0,16,16
checkpoint_128000,training_inclusive,129011,17,17,0,0,17,17
checkpoint_128000,training_inclusive,129027,18,18,0,0,18,18
checkpoint_128000,training_inclusive,129040,19,19,0,0,19,19
checkpoint_128000,training_inclusive,129053,20,20,0,0,20,20
checkpoint_128000,training_inclusive,129064,21,21,0,0,21,21
checkpoint_128000,training_inclusive,129073,22,22,0,0,22,22
checkpoint_128000,training_inclusive,129081,23,23,0,0,23,23
checkpoint_128000,training_inclusive,129087,24,24,0,0,24,24
checkpoint_128000,training_inclusive,129093,25,25,0,0,25,25
checkpoint_128000,training_inclusive,129097,26,26,0,0,26,26
checkpoint_128000,training_inclusive,129100,27,27,0,0,27,27
checkpoint_128000,training_inclusive,129103,28,28,0,0,28,28
checkpoint_128000,training_inclusive,129104,29,29,0,0,29,29
checkpoint_128000,training_inclusive,129229,30,30,0,0,30,30
checkpoint_128000,training_inclusive,129261,31,31,0,0,31,31
checkpoint_128000,training_inclusive,129292,32,32,0,0,32,32
checkpoint_128000,training_inclusive,129322,33,33,0,0,33,33
checkpoint_128000,training_inclusive,129350,34,34,0,0,34,34
checkpoint_128000,training_inclusive,129377,35,35,0,0,35,35
checkpoint_128000,training_inclusive,129402,36,36,0,0,36,36
checkpoint_128000,training_inclusive,129426,37,37,0,0,37,37
checkpoint_128000,training_inclusive,129449,38,38,0,0,38,38
checkpoint_128000,training_inclusive,129472,39,39,0,0,39,39
checkpoint_128000,training_inclusive,129492,40,40,0,0,40,40
checkpoint_128000,training_inclusive,129511,41,41,0,0,41,41
checkpoint_128000,training_inclusive,129529,42,42,0,0,42,42
checkpoint_128000,training_inclusive,129546,43,43,0,0,43,43
checkpoint_128000,training_inclusive,129561,44,44,0,0,44,44
checkpoint_128000,training_inclusive,129575,45,45,0,0,45,45
checkpoint_128000,training_inclusive,129588,46,46,0,0,46,46
checkpoint_128000,training_inclusive,129600,47,47,0,0,47,47
checkpoint_128000,training_inclusive,129611,48,48,0,0,48,48
checkpoint_128000,training_inclusive,129620,49,49,0,0,49,49
checkpoint_128000,training_inclusive,129628,50,50,0,0,50,50
checkpoint_128000,training_inclusive,129635,51,51,0,0,51,51
checkpoint_128000,training_inclusive,129640,52,52,0,0,52,52
checkpoint_128000,training_inclusive,129644,53,53,0,0,53,53
checkpoint_128000,training_inclusive,129647,54,54,0,0,54,54
checkpoint_128000,training_inclusive,129648,55,55,0,0,55,55
checkpoint_128000,training_inclusive,129682,56,56,0,0,56,56
checkpoint_128000,training_inclusive,129712,57,57,0,0,57,57
checkpoint_128000,training_inclusive,129742,58,58,0,0,58,58
checkpoint_128000,training_inclusive,129774,59,59,0,0,59,59
checkpoint_128000,training_inclusive,129804,60,60,0,0,60,60
checkpoint_128000,training_inclusive,129831,61,61,0,0,61,61
checkpoint_128000,training_inclusive,129858,62,62,0,0,62,62
checkpoint_128000,training_inclusive,129883,63,63,0,0,63,63
checkpoint_128000,training_inclusive,129906,64,64,0,0,64,64
checkpoint_128000,training_inclusive,129928,65,65,0,0,65,65
checkpoint_128000,training_inclusive,129949,66,66,0,0,66,66
checkpoint_128000,training_inclusive,129968,67,67,0,0,67,67
checkpoint_128000,training_inclusive,129988,68,68,0,0,68,68
checkpoint_128000,training_inclusive,130008,69,69,0,0,69,69
checkpoint_128000,training_inclusive,130026,70,70,0,0,70,70
checkpoint_128000,training_inclusive,130043,71,71,0,0,71,71
checkpoint_128000,training_inclusive,130059,72,72,0,0,72,72
checkpoint_128000,training_inclusive,130073,73,73,0,0,73,73
checkpoint_128000,training_inclusive,130087,74,74,0,0,74,74
checkpoint_128000,training_inclusive,130099,75,75,0,0,75,75
checkpoint_128000,training_inclusive,130109,76,76,0,0,76,76
checkpoint_128000,training_inclusive,130118,77,77,0,0,77,77
checkpoint_128000,training_inclusive,130126,78,78,0,0,78,78
checkpoint_128000,training_inclusive,130133,79,79,0,0,79,79
checkpoint_128000,training_inclusive,130139,80,80,0,0,80,80
checkpoint_128000,training_inclusive,130144,81,81,0,0,81,81
checkpoint_128000,training_inclusive,130147,82,82,0,0,82,82
checkpoint_128000,training_inclusive,130150,83,83,0,0,83,83
checkpoint_128000,training_inclusive,130184,84,84,0,0,84,84
checkpoint_128000,training_inclusive,130213,85,85,0,0,85,85
checkpoint_128000,training_inclusive,130244,86,86,0,0,86,86
checkpoint_128000,training_inclusive,130273,87,87,0,0,87,87
checkpoint_128000,training_inclusive,130302,88,88,0,0,88,88
checkpoint_128000,training_inclusive,130332,89,89,0,0,89,89
checkpoint_128000,training_inclusive,130362,90,90,0,0,90,90
checkpoint_128000,training_inclusive,130390,91,91,0,0,91,91
checkpoint_128000,training_inclusive,130415,92,92,0,0,92,92
checkpoint_128000,training_inclusive,130439,93,93,0,0,93,93
checkpoint_128000,training_inclusive,130462,94,94,0,0,94,94
checkpoint_128000,training_inclusive,130483,95,95,0,0,95,95
checkpoint_128000,training_inclusive,130505,96,96,0,0,96,96
checkpoint_128000,training_inclusive,130525,97,97,0,0,97,97
checkpoint_128000,training_inclusive,130544,98,98,0,0,98,98
checkpoint_128000,training_inclusive,130561,99,99,0,0,99,99
checkpoint_128000,training_inclusive,130577,100,100,0,0,100,100
checkpoint_128000,training_inclusive,130592,101,101,0,0,101,101
checkpoint_128000,training_inclusive,130606,102,102,0,0,102,102
checkpoint_128000,training_inclusive,130619,103,103,0,0,103,103
checkpoint_128000,training_inclusive,130630,104,104,0,0,104,104
checkpoint_128000,training_inclusive,130640,105,105,0,0,105,105
checkpoint_128000,training_inclusive,130649,106,106,0,0,106,106
checkpoint_128000,training_inclusive,130656,107,107,0,0,107,107
checkpoint_128000,training_inclusive,130661,108,108,0,0,108,108
checkpoint_128000,training_inclusive,130666,109,109,0,0,109,109
checkpoint_128000,training_inclusive,130669,110,110,0,0,110,110
checkpoint_128000,training_inclusive,130670,111,111,0,0,111,111
checkpoint_128000,training_inclusive,130702,112,112,0,0,112,112
checkpoint_128000,training_inclusive,130734,113,113,0,0,113,113
checkpoint_128000,training_inclusive,130765,114,114,0,0,114,114
checkpoint_128000,training_inclusive,130795,115,115,0,0,115,115
checkpoint_128000,training_inclusive,130825,116,116,0,0,116,116
checkpoint_128000,training_inclusive,130853,117,117,0,0,117,117
checkpoint_128000,training_inclusive,130881,118,118,0,0,118,118
checkpoint_128000,training_inclusive,130906,119,119,0,0,119,119
checkpoint_128000,training_inclusive,130930,120,120,0,0,120,120
checkpoint_128000,training_inclusive,130952,121,121,0,0,121,121
checkpoint_128000,training_inclusive,130972,122,122,0,0,122,122
checkpoint_128000,training_inclusive,130992,123,123,0,0,123,123
checkpoint_128000,training_inclusive,131010,124,124,0,0,124,124
checkpoint_128000,training_inclusive,131027,125,125,0,0,125,125
checkpoint_128000,training_inclusive,131045,126,126,0,0,126,126
checkpoint_128000,training_inclusive,131061,127,127,0,0,127,127
checkpoint_128000,training_inclusive,131076,128,128,0,0,128,128
checkpoint_128000,training_inclusive,131090,129,129,0,0,129,129
checkpoint_128000,training_inclusive,131103,130,130,0,0,130,130
checkpoint_128000,training_inclusive,131114,131,131,0,0,131,131
checkpoint_128000,training_inclusive,131123,132,132,0,0,132,132
checkpoint_128000,training_inclusive,131130,133,133,0,0,133,133
checkpoint_128000,training_inclusive,131136,134,134,0,0,134,134
checkpoint_128000,training_inclusive,131141,135,135,0,0,135,135
checkpoint_128000,training_inclusive,131145,136,136,0,0,136,136
checkpoint_128000,training_inclusive,131148,137,137,0,0,137,137
checkpoint_128000,training_inclusive,131150,138,138,0,0,138,138
checkpoint_128000,training_inclusive,131183,139,139,0,0,138,138
checkpoint_128000,training_inclusive,131215,140,140,0,0,139,139
checkpoint_128000,training_inclusive,131347,141,141,0,0,140,140
checkpoint_128000,training_inclusive,131428,142,142,0,0,141,141
checkpoint_128000,training_inclusive,131453,143,143,0,0,142,142
checkpoint_128000,training_inclusive,131477,144,144,0,0,143,143
checkpoint_128000,training_inclusive,131500,145,145,0,0,144,144
checkpoint_128000,training_inclusive,131568,146,146,0,0,145,145
checkpoint_128000,training_inclusive,131587,147,147,0,0,146,146
checkpoint_128000,training_inclusive,131646,148,148,0,0,147,147
checkpoint_128000,training_inclusive,131745,149,149,0,0,148,148
checkpoint_128000,training_inclusive,131842,150,150,0,0,149,149
checkpoint_128000,training_inclusive,131938,151,151,0,0,150,150
checkpoint_128000,training_inclusive,132030,152,152,0,0,151,151
checkpoint_128000,training_inclusive,132078,153,153,0,0,152,152
checkpoint_128000,training_inclusive,132087,154,154,0,0,153,153
checkpoint_128000,training_inclusive,132095,155,155,0,0,154,154
checkpoint_128000,training_inclusive,132102,156,156,0,0,155,155
checkpoint_128000,training_inclusive,132108,157,157,0,0,156,156
checkpoint_128000,training_inclusive,132113,158,158,0,0,157,157
checkpoint_128000,training_inclusive,132117,159,159,0,0,158,158
checkpoint_128000,training_inclusive,132120,160,160,0,0,159,159
checkpoint_128000,training_inclusive,132122,161,161,0,0,160,160
checkpoint_128000,training_inclusive,132155,162,162,0,0,161,161
checkpoint_128000,training_inclusive,132186,163,163,0,0,162,162
checkpoint_128000,training_inclusive,132214,164,164,0,0,163,163
checkpoint_128000,training_inclusive,132242,165,165,0,0,164,164
checkpoint_128000,training_inclusive,132277,166,166,0,0,165,165
checkpoint_128000,training_inclusive,132303,167,167,0,0,166,166
checkpoint_128000,training_inclusive,132335,168,168,0,0,167,167
checkpoint_128000,training_inclusive,132366,169,169,0,0,168,168
checkpoint_128000,training_inclusive,132393,170,170,0,0,169,169
checkpoint_128000,training_inclusive,132414,171,171,0,0,170,170
checkpoint_128000,training_inclusive,132436,172,172,0,0,171,171
checkpoint_128000,training_inclusive,132455,173,173,0,0,172,172
checkpoint_128000,training_inclusive,132475,174,174,0,0,173,173
checkpoint_128000,training_inclusive,132494,175,175,0,0,174,174
checkpoint_128000,training_inclusive,132512,176,176,0,0,175,175
checkpoint_128000,training_inclusive,132529,177,177,0,0,176,176
checkpoint_128000,training_inclusive,132546,178,178,0,0,177,177
checkpoint_128000,training_inclusive,132560,179,179,0,0,178,178
checkpoint_128000,training_inclusive,132574,180,180,0,0,179,179
checkpoint_128000,training_inclusive,132585,181,181,0,0,180,180
checkpoint_128000,training_inclusive,132595,182,182,0,0,181,181
checkpoint_128000,training_inclusive,132603,183,183,0,0,182,182
checkpoint_128000,training_inclusive,132611,184,184,0,0,183,183
checkpoint_128000,training_inclusive,132618,185,185,0,0,184,184
checkpoint_128000,training_inclusive,132623,186,186,0,0,185,185
checkpoint_128000,training_inclusive,132628,187,187,0,0,186,186
checkpoint_128000,training_inclusive,132631,188,188,0,0,187,187
checkpoint_128000,training_inclusive,132633,189,189,0,0,188,188
checkpoint_128000,training_inclusive,132634,190,190,0,0,189,189
checkpoint_128000,training_inclusive,132669,191,191,0,0,190,190
checkpoint_128000,training_inclusive,132701,192,192,0,0,191,191
checkpoint_128000,training_inclusive,132734,193,193,0,0,192,192
checkpoint_128000,training_inclusive,132766,194,194,0,0,193,193
checkpoint_128000,training_inclusive,132834,195,195,0,0,194,194
checkpoint_128000,training_inclusive,132900,196,196,0,0,195,195
checkpoint_128000,training_inclusive,132930,197,197,0,0,196,196
checkpoint_128000,training_inclusive,132962,198,198,0,0,197,197
checkpoint_128000,training_inclusive,132991,199,199,0,0,198,198
checkpoint_128000,training_inclusive,133020,200,200,0,0,199,199
checkpoint_128000,training_inclusive,133044,201,201,0,0,200,200
checkpoint_128000,training_inclusive,133066,202,202,0,0,201,201
checkpoint_128000,training_inclusive,133086,203,203,0,0,202,202
checkpoint_128000,training_inclusive,133210,204,204,0,0,203,203
checkpoint_128000,training_inclusive,133231,205,205,0,0,204,204
checkpoint_128000,training_inclusive,133271,206,206,0,0,205,205
checkpoint_128000,training_inclusive,133421,207,206,0,1,205,205
checkpoint_128000,training_inclusive,133554,208,206,0,2,205,205
checkpoint_128000,training_inclusive,133680,209,206,1,2,205,205
checkpoint_128000,training_inclusive,133791,210,206,2,2,205,205
checkpoint_128000,training_inclusive,133888,211,206,3,2,205,205
checkpoint_128000,training_inclusive,133977,212,206,3,3,205,205
checkpoint_128000,training_inclusive,134059,213,206,3,4,205,205
checkpoint_128000,training_inclusive,134120,214,206,3,5,205,205
checkpoint_128000,training_inclusive,134159,215,206,4,5,205,205
checkpoint_128000,training_inclusive,134173,216,206,5,5,205,205
