arm,phase,x_left_m,x_right_m,count,min_root_z_m,max_root_z_m,min_root_vz_mps,max_root_vz_mps
checkpoint_128000,downstream,3.6500000000000004,3.7,2,0.5373346209526062,0.6497633457183838,-0.19321633875370026,-0.14558671414852142
checkpoint_128000,downstream,3.7,3.75,2,0.48672765493392944,0.5224952101707458,-2.290522813796997,-1.250609278678894
checkpoint_128000,downstream,3.75,3.8000000000000003,3,0.4315267503261566,0.6244750618934631,-3.014514207839966,-1.0430015325546265
checkpoint_128000,downstream,3.8000000000000003,3.85,4,0.37831196188926697,0.6979735493659973,-2.2907047271728516,-0.901759684085846
checkpoint_128000,downstream,3.85,3.9000000000000004,6,0.576565682888031,0.6694302558898926,-1.9162380695343018,-0.7010656595230103
checkpoint_128000,downstream,3.9000000000000004,3.95,5,0.4386328160762787,0.6107301115989685,-2.875213623046875,-1.9279131889343262
checkpoint_128000,downstream,3.95,4.0,7,0.3842199146747589,0.5809208750724792,-3.483823537826538,-2.4573657512664795
checkpoint_128000,downstream,4.0,4.05,6,0.2713882625102997,0.5232974886894226,-3.4250659942626953,-0.5740798115730286
checkpoint_128000,downstream,4.05,4.1000000000000005,5,0.3588126003742218,0.4781888723373413,-2.403452157974243,-1.8667757511138916
checkpoint_128000,downstream,4.1000000000000005,4.15,5,0.28610944747924805,0.4004799425601959,-2.7372663021087646,-0.8072516322135925
checkpoint_128000,downstream,4.15,4.2,1,0.33687624335289,0.33687624335289,-2.3585846424102783,-2.3585846424102783
checkpoint_128000,downstream,4.2,4.25,1,0.27210795879364014,0.27210795879364014,-1.6661031246185303,-1.6661031246185303
checkpoint_128000,upstream,2.75,2.8000000000000003,8,0.11807501316070557,0.11894949525594711,-0.06603679060935974,0.0739481970667839
checkpoint_128000,upstream,2.8000000000000003,2.85,8,0.11943274736404419,0.1784246861934662,0.0363757461309433,2.0677809715270996
checkpoint_128000,upstream,2.85,2.9000000000000004,8,0.1459009051322937,0.2954096794128418,1.3175406455993652,3.1468889713287354
checkpoint_128000,upstream,2.9000000000000004,2.95,5,0.2580033838748932,0.3554075360298157,2.6136786937713623,3.081310987472534
checkpoint_128000,upstream,2.95,3.0,4,0.24435469508171082,0.4489803612232208,1.8872963190078735,2.6082961559295654
checkpoint_128000,upstream,3.0,3.0500000000000003,11,0.29667091369628906,0.4771381914615631,1.0593522787094116,2.475432872772217
checkpoint_128000,upstream,3.0500000000000003,3.1,12,0.34202855825424194,0.5066068172454834,0.5799188613891602,2.130112886428833
checkpoint_128000,upstream,3.1,3.1500000000000004,7,0.3910462558269501,0.5272422432899475,0.58323734998703,1.1309027671813965
checkpoint_128000,upstream,3.1500000000000004,3.2,6,0.40110650658607483,0.538198709487915,0.49279889464378357,0.8258805871009827
checkpoint_128000,upstream,3.2,3.25,9,0.43226686120033264,0.5593087077140808,0.41911861300468445,0.7548419833183289
checkpoint_128000,upstream,3.25,3.3000000000000003,9,0.42108556628227234,0.5686450600624084,0.34234052896499634,0.7418220043182373
checkpoint_128000,upstream,3.3000000000000003,3.35,4,0.43725883960723877,0.5201519131660461,0.3728348910808563,0.7506353259086609
checkpoint_128000,upstream,3.35,3.4000000000000004,8,0.47866854071617126,0.584969162940979,0.18708334863185883,0.7767544984817505
checkpoint_128000,upstream,3.4000000000000004,3.45,11,0.45812949538230896,0.5937908887863159,0.46439436078071594,0.8631651997566223
checkpoint_128000,upstream,3.45,3.5,8,0.4848055839538574,0.6053357124328613,0.42905503511428833,0.9390726685523987
checkpoint_128000,upstream,3.5,3.5500000000000003,5,0.5544434189796448,0.6181812286376953,0.2155362218618393,0.6265588998794556
checkpoint_128000,upstream,3.5500000000000003,3.6,10,0.5126769542694092,0.6457973122596741,0.22050975263118744,0.9363416433334351
checkpoint_128000,upstream,3.6,3.6500000000000004,8,0.536973774433136,0.6570160388946533,0.10742181539535522,0.609494686126709
checkpoint_128000,upstream,3.6500000000000004,3.7,4,0.5895640254020691,0.6567198038101196,0.17207781970500946,0.7183296084403992
checkpoint_128000,upstream,3.7,3.75,6,0.6014897227287292,0.6878244876861572,0.12745904922485352,0.8811533451080322
checkpoint_128000,upstream,3.75,3.8000000000000003,5,0.6014877557754517,0.7074058651924133,0.04858359321951866,0.4184150993824005
checkpoint_128000,upstream,3.8000000000000003,3.85,3,0.6225249171257019,0.6951319575309753,-0.041292790323495865,0.11631277948617935
checkpoint_32000,downstream,3.5500000000000003,3.6,1,0.5598166584968567,0.5598166584968567,-0.058884382247924805,-0.058884382247924805
checkpoint_32000,downstream,3.6,3.6500000000000004,3,0.5399369597434998,0.5920988321304321,-0.9399026036262512,-0.06802991032600403
checkpoint_32000,downstream,3.6500000000000004,3.7,2,0.5908634066581726,0.7024732828140259,-0.396084725856781,-0.24339476227760315
checkpoint_32000,downstream,3.7,3.75,2,0.45238161087036133,0.48942679166793823,-2.0797276496887207,-1.5932044982910156
checkpoint_32000,downstream,3.75,3.8000000000000003,9,0.4067774713039398,0.6910607814788818,-2.455129861831665,-0.05908369645476341
checkpoint_32000,downstream,3.8000000000000003,3.85,5,0.30092522501945496,0.6708695888519287,-2.7977147102355957,-0.19514016807079315
checkpoint_32000,downstream,3.85,3.9000000000000004,5,0.4977237284183502,0.5795386433601379,-2.4501543045043945,-0.20712222158908844
checkpoint_32000,downstream,3.9000000000000004,3.95,7,0.43927446007728577,0.6069385409355164,-3.2104129791259766,-2.15480899810791
checkpoint_32000,downstream,3.95,4.0,7,0.3739575147628784,0.520447850227356,-2.9292969703674316,-1.8764708042144775
checkpoint_32000,downstream,4.0,4.05,5,0.29770687222480774,0.4354289472103119,-3.1583919525146484,-1.7391635179519653
checkpoint_32000,downstream,4.05,4.1000000000000005,5,0.35106995701789856,0.4178350865840912,-2.695665121078491,-2.453220844268799
checkpoint_32000,downstream,4.1000000000000005,4.15,2,0.310380220413208,0.33560407161712646,-2.9320385456085205,-2.696558713912964
checkpoint_32000,upstream,2.8000000000000003,2.85,15,0.11739374697208405,0.11909563839435577,0.028035135939717293,0.15533211827278137
checkpoint_32000,upstream,2.85,2.9000000000000004,8,0.11793868988752365,0.15974973142147064,0.08273235708475113,2.1053671836853027
checkpoint_32000,upstream,2.9000000000000004,2.95,8,0.1337326020002365,0.36422523856163025,1.0461657047271729,3.4692060947418213
checkpoint_32000,upstream,2.95,3.0,7,0.23168820142745972,0.42688074707984924,2.702420234680176,3.4424664974212646
checkpoint_32000,upstream,3.0,3.0500000000000003,5,0.27965712547302246,0.5014974474906921,1.1885004043579102,2.6656477451324463
checkpoint_32000,upstream,3.0500000000000003,3.1,6,0.32356226444244385,0.5287244319915771,0.6123266220092773,2.2165777683258057
checkpoint_32000,upstream,3.1,3.1500000000000004,8,0.43472743034362793,0.5034002661705017,0.14337822794914246,1.5605131387710571
checkpoint_32000,upstream,3.1500000000000004,3.2,6,0.39593660831451416,0.5632100105285645,0.41533058881759644,1.442209243774414
checkpoint_32000,upstream,3.2,3.25,10,0.417941689491272,0.5914257764816284,0.17961286008358002,1.0492546558380127
checkpoint_32000,upstream,3.25,3.3000000000000003,5,0.44434240460395813,0.6047517657279968,0.4833321273326874,0.6151378750801086
checkpoint_32000,upstream,3.3000000000000003,3.35,5,0.46222618222236633,0.5634554624557495,0.2620822489261627,0.49845829606056213
checkpoint_32000,upstream,3.35,3.4000000000000004,10,0.46139442920684814,0.6397243738174438,0.3513503074645996,0.6024658679962158
checkpoint_32000,upstream,3.4000000000000004,3.45,6,0.47866353392601013,0.6496530175209045,0.3494017720222473,0.48454540967941284
checkpoint_32000,upstream,3.45,3.5,5,0.4880005121231079,0.6092442870140076,0.3180021047592163,0.9200260639190674
checkpoint_32000,upstream,3.5,3.5500000000000003,9,0.5554819703102112,0.6709001660346985,0.18144485354423523,0.44116106629371643
checkpoint_32000,upstream,3.5500000000000003,3.6,7,0.5086541771888733,0.698674201965332,0.08184710890054703,0.6258647441864014
checkpoint_32000,upstream,3.6,3.6500000000000004,5,0.5953686833381653,0.7051641941070557,0.06570955365896225,0.6488983631134033
checkpoint_32000,upstream,3.6500000000000004,3.7,5,0.5373048186302185,0.6731829047203064,0.2979936897754669,0.8302944898605347
checkpoint_32000,upstream,3.7,3.75,1,0.5549649596214294,0.5549649596214294,0.29566341638565063,0.29566341638565063
checkpoint_32000,upstream,3.75,3.8000000000000003,3,0.627655029296875,0.6792927980422974,0.2852988541126251,0.6621984243392944
checkpoint_64000,downstream,3.5500000000000003,3.6,2,0.5065906047821045,0.6233378052711487,-0.28849101066589355,-0.12452381104230881
checkpoint_64000,downstream,3.6500000000000004,3.7,2,0.5739262104034424,0.597117006778717,-1.3249467611312866,-1.030089020729065
checkpoint_64000,downstream,3.7,3.75,3,0.5437481999397278,0.5673129558563232,-1.6655360460281372,-0.0822557732462883
checkpoint_64000,downstream,3.75,3.8000000000000003,4,0.4501635432243347,0.6599558591842651,-2.818793773651123,-0.39809393882751465
checkpoint_64000,downstream,3.8000000000000003,3.85,3,0.5216619968414307,0.581542432308197,-2.075420379638672,-0.27426037192344666
checkpoint_64000,downstream,3.85,3.9000000000000004,6,0.42675185203552246,0.6018571257591248,-2.4575400352478027,-0.9166246652603149
checkpoint_64000,downstream,3.9000000000000004,3.95,7,0.37841084599494934,0.658613920211792,-3.437041997909546,-0.057924844324588776
checkpoint_64000,downstream,3.95,4.0,5,0.3292585611343384,0.4640544056892395,-3.4723141193389893,-2.0040030479431152
checkpoint_64000,downstream,4.0,4.05,4,0.3526421785354614,0.6142466068267822,-2.361661195755005,-1.67965829372406
checkpoint_64000,downstream,4.05,4.1000000000000005,6,0.30267608165740967,0.5606390237808228,-3.3207485675811768,-2.048213481903076
checkpoint_64000,downstream,4.1000000000000005,4.15,1,0.4310055077075958,0.4310055077075958,-2.7384889125823975,-2.7384889125823975
checkpoint_64000,downstream,4.15,4.2,1,0.38352257013320923,0.38352257013320923,-2.2142727375030518,-2.2142727375030518
checkpoint_64000,upstream,2.75,2.8000000000000003,8,0.11729804426431656,0.11847393214702606,0.03959311544895172,0.08747830986976624
checkpoint_64000,upstream,2.8000000000000003,2.85,8,0.1197468489408493,0.1505281627178192,0.12212447077035904,1.2248945236206055
checkpoint_64000,upstream,2.85,2.9000000000000004,5,0.12372321635484695,0.2163103222846985,0.3847712278366089,3.2062864303588867
checkpoint_64000,upstream,2.9000000000000004,2.95,9,0.1815362423658371,0.2974105179309845,2.3813743591308594,3.0078248977661133
checkpoint_64000,upstream,2.95,3.0,9,0.23270615935325623,0.4198801815509796,2.4584081172943115,3.2588579654693604
checkpoint_64000,upstream,3.0,3.0500000000000003,4,0.28232061862945557,0.45952901244163513,1.459288477897644,2.52476167678833
checkpoint_64000,upstream,3.0500000000000003,3.1,11,0.32679322361946106,0.47858506441116333,0.2817886173725128,2.152268648147583
checkpoint_64000,upstream,3.1,3.1500000000000004,6,0.36430642008781433,0.4884165823459625,0.29042017459869385,1.7891474962234497
checkpoint_64000,upstream,3.1500000000000004,3.2,4,0.4656141996383667,0.5049706101417542,0.32522857189178467,0.7839283347129822
checkpoint_64000,upstream,3.2,3.25,10,0.4200943410396576,0.5146549940109253,0.22995227575302124,1.1835864782333374
checkpoint_64000,upstream,3.25,3.3000000000000003,2,0.4399632215499878,0.4707299768924713,0.24699430167675018,0.9811173677444458
checkpoint_64000,upstream,3.3000000000000003,3.35,9,0.4563715159893036,0.5371308326721191,0.29499125480651855,0.8180167078971863
checkpoint_64000,upstream,3.35,3.4000000000000004,9,0.47022417187690735,0.5600558519363403,0.19118106365203857,0.6984499096870422
checkpoint_64000,upstream,3.4000000000000004,3.45,7,0.48308947682380676,0.5978650450706482,0.22187846899032593,1.0518373250961304
checkpoint_64000,upstream,3.45,3.5,5,0.5056376457214355,0.6156139969825745,0.04735105484724045,0.9928677678108215
checkpoint_64000,upstream,3.5,3.5500000000000003,9,0.5051043629646301,0.6241424679756165,-0.0017697379225865006,0.9186756610870361
checkpoint_64000,upstream,3.5500000000000003,3.6,7,0.5216336250305176,0.6088553071022034,0.15275847911834717,0.825241208076477
checkpoint_64000,upstream,3.6,3.6500000000000004,2,0.5387824177742004,0.6144720315933228,0.10855084657669067,0.37518832087516785
checkpoint_64000,upstream,3.6500000000000004,3.7,4,0.54984050989151,0.6455479264259338,0.3915250599384308,0.9006230235099792
checkpoint_64000,upstream,3.7,3.75,6,0.5594940185546875,0.6640644669532776,-0.023124799132347107,0.6904188990592957
checkpoint_64000,upstream,3.75,3.8000000000000003,3,0.5782195329666138,0.6319867372512817,0.06767848879098892,0.5104255676269531
checkpoint_64000,upstream,3.85,3.9000000000000004,2,0.6459118723869324,0.655128002166748,0.34976300597190857,0.38539305329322815
pi_6,downstream,3.45,3.5,1,0.597434937953949,0.597434937953949,-0.06868653744459152,-0.06868653744459152
pi_6,downstream,3.5500000000000003,3.6,2,0.5270155072212219,0.5954410433769226,-0.25656118988990784,-0.06688647717237473
pi_6,downstream,3.6,3.6500000000000004,5,0.532758891582489,0.6199433207511902,-0.3431536555290222,-0.025067249312996864
pi_6,downstream,3.6500000000000004,3.7,5,0.5196200609207153,0.6286818385124207,-0.43013572692871094,-0.045312970876693726
pi_6,downstream,3.7,3.75,7,0.5282984375953674,0.6178774237632751,-1.1453826427459717,-0.06239410117268562
pi_6,downstream,3.75,3.8000000000000003,5,0.40654584765434265,0.5819048285484314,-3.154815435409546,-0.32272008061408997
pi_6,downstream,3.8000000000000003,3.85,6,0.3508390784263611,0.579322874546051,-2.446671485900879,-0.7745447158813477
pi_6,downstream,3.85,3.9000000000000004,9,0.4142995774745941,0.607272744178772,-2.411564826965332,-0.4950903058052063
pi_6,downstream,3.9000000000000004,3.95,10,0.3681658208370209,0.5457084774971008,-2.5825276374816895,-1.1768916845321655
pi_6,downstream,3.95,4.0,3,0.3428597152233124,0.48491623997688293,-3.5036678314208984,-1.9696835279464722
pi_6,downstream,4.0,4.05,6,0.2817789912223816,0.4601878225803375,-3.2412924766540527,-0.41380730271339417
pi_6,downstream,4.05,4.1000000000000005,3,0.29359447956085205,0.3937681019306183,-2.9666879177093506,-1.342533826828003
pi_6,downstream,4.1000000000000005,4.15,2,0.3104932904243469,0.3593696057796478,-2.400170087814331,-2.0222346782684326
pi_6,upstream,2.75,2.8000000000000003,1,0.1173669695854187,0.1173669695854187,0.04425623640418053,0.04425623640418053
pi_6,upstream,2.8000000000000003,2.85,15,0.11779698729515076,0.1658673882484436,-0.09758775681257248,1.6485034227371216
pi_6,upstream,2.85,2.9000000000000004,7,0.13776153326034546,0.2788379192352295,1.1320526599884033,3.1309049129486084
pi_6,upstream,2.9000000000000004,2.95,5,0.23669812083244324,0.34151211380958557,2.924837589263916,3.2544074058532715
pi_6,upstream,2.95,3.0,7,0.29480665922164917,0.4430026710033417,1.707336664199829,3.1961092948913574
pi_6,upstream,3.0,3.0500000000000003,12,0.3518979847431183,0.47256389260292053,0.5584120154380798,3.198884963989258
pi_6,upstream,3.0500000000000003,3.1,5,0.39994001388549805,0.4946930408477783,0.6003389954566956,2.0784506797790527
pi_6,upstream,3.1,3.1500000000000004,9,0.42678800225257874,0.5000967383384705,0.1018097996711731,1.6948871612548828
pi_6,upstream,3.1500000000000004,3.2,11,0.4329138994216919,0.5368094444274902,0.2013353854417801,1.1155568361282349
pi_6,upstream,3.2,3.25,6,0.4394890367984772,0.5274609923362732,0.0907033309340477,0.5655525922775269
pi_6,upstream,3.25,3.3000000000000003,7,0.4900997281074524,0.5714810490608215,0.31811490654945374,0.5897907018661499
pi_6,upstream,3.3000000000000003,3.35,9,0.4535566568374634,0.5800960063934326,0.1905655860900879,0.5473417639732361
pi_6,upstream,3.35,3.4000000000000004,5,0.5058813691139221,0.5232720971107483,0.3247062861919403,0.5520170331001282
pi_6,upstream,3.4000000000000004,3.45,11,0.4720015227794647,0.5973364114761353,0.009861348196864128,0.6622441411018372
pi_6,upstream,3.45,3.5,7,0.4806969165802002,0.604987382888794,0.04185551032423973,0.29041150212287903
pi_6,upstream,3.5,3.5500000000000003,7,0.4927518367767334,0.581942617893219,0.014700139872729778,0.7148512601852417
pi_6,upstream,3.5500000000000003,3.6,6,0.5014553070068359,0.6189409494400024,-0.029673976823687553,0.8955790996551514
pi_6,upstream,3.6,3.6500000000000004,4,0.520797073841095,0.5958498120307922,0.15687337517738342,0.774288535118103
pi_6,upstream,3.6500000000000004,3.7,2,0.5744261741638184,0.6275829076766968,0.3130839467048645,0.4314251244068146
pi_6,upstream,3.7,3.75,1,0.5983216762542725,0.5983216762542725,0.7304317355155945,0.7304317355155945
pi_6,upstream,3.75,3.8000000000000003,1,0.6097708344459534,0.6097708344459534,0.40197208523750305,0.40197208523750305
