group,case,task_success,apex_time_s,survival_time_s,max_abs_roll,max_abs_yaw,lateral_slip_mean_m_s,lateral_slip_measure,forward_velocity_mean_m_s,jump_zone_arrival_time_s,apex_height_m,end_code,post_apex_survival_s,trace
Baseline,natural,True,1.02,1.56,0.6454894375763204,0.6419362344033818,0.02527480889716488,"kinematic bottom point lateral velocity during geometric clearance<2mm; contact proxy, not actual solver friction force",1.2787675937942058,0.58,0.5523191094398499,3,0.54,/home/qy/ISAAC——SIM/results/sim2sim_fast_path_20260928/target_baseline_retry/natural/trace.npz
Baseline,vx_minus,True,1.1,1.8,0.6372740815327476,0.17340245049036965,0.02804526861029686,"kinematic bottom point lateral velocity during geometric clearance<2mm; contact proxy, not actual solver friction force",1.0283474961151364,0.64,0.5683639645576477,3,0.7,/home/qy/ISAAC——SIM/results/sim2sim_fast_path_20260928/target_baseline_retry/vx_minus/trace.npz
Obs only,natural,True,1.04,1.6600000000000001,0.6730011855621657,0.47419061799622814,0.022916036008735784,"kinematic bottom point lateral velocity during geometric clearance<2mm; contact proxy, not actual solver friction force",1.1880929707766272,0.6,0.5828484296798706,3,0.6200000000000001,/home/qy/ISAAC——SIM/results/sim2sim_fast_path_20260928/target_obs_physical/natural/trace.npz
Obs only,vx_minus,True,1.12,2.0,0.6476338152955343,0.432167584525926,0.01307511919853677,"kinematic bottom point lateral velocity during geometric clearance<2mm; contact proxy, not actual solver friction force",0.9349576768678627,0.64,0.6053950786590576,3,0.8799999999999999,/home/qy/ISAAC——SIM/results/sim2sim_fast_path_20260928/target_obs_physical/vx_minus/trace.npz
Actuator only,natural,True,1.08,1.54,0.6120415151674992,0.6693419143542549,0.07924504281229132,"kinematic bottom point lateral velocity during geometric clearance<2mm; contact proxy, not actual solver friction force",1.284917887399319,0.6,0.5731452703475952,3,0.45999999999999996,/home/qy/ISAAC——SIM/results/sim2sim_fast_path_20260928/ablation_actuator/natural/trace.npz
Actuator only,vx_minus,True,1.1400000000000001,1.98,0.6281240131214987,0.18786230259792833,0.062282676593934834,"kinematic bottom point lateral velocity during geometric clearance<2mm; contact proxy, not actual solver friction force",0.941495721706276,0.66,0.5775220394134521,3,0.8399999999999999,/home/qy/ISAAC——SIM/results/sim2sim_fast_path_20260928/ablation_actuator/vx_minus/trace.npz
Contact only,natural,True,0.96,1.26,0.4300970992865245,0.8140636410566646,0.03704144498928519,"kinematic bottom point lateral velocity during geometric clearance<2mm; contact proxy, not actual solver friction force",1.6632985027280625,0.6,0.6050865650177002,10,0.30000000000000004,/home/qy/ISAAC——SIM/results/sim2sim_fast_path_20260928/contact_mu_2.0/natural/trace.npz
Contact only,vx_minus,False,,0.48,0.6116708867877078,0.2979456483129954,0.30083969863386495,"kinematic bottom point lateral velocity during geometric clearance<2mm; contact proxy, not actual solver friction force",1.5481023790047035,,0.1734844446182251,3,,/home/qy/ISAAC——SIM/results/sim2sim_fast_path_20260928/contact_mu_2.0/vx_minus/trace.npz
Obs + Actuator,natural,True,1.12,1.76,0.7887178237311749,0.6217510969896585,0.04416586303911875,"kinematic bottom point lateral velocity during geometric clearance<2mm; contact proxy, not actual solver friction force",1.0869713176558726,0.62,0.6033014059066772,3,0.6399999999999999,/home/qy/ISAAC——SIM/results/sim2sim_fast_path_20260928/ablation_obs_actuator/natural/trace.npz
Obs + Actuator,vx_minus,True,1.1,1.6,0.6474256847742034,0.6405192330162691,0.04793494744645415,"kinematic bottom point lateral velocity during geometric clearance<2mm; contact proxy, not actual solver friction force",1.2597224093292294,0.62,0.5670951008796692,3,0.5,/home/qy/ISAAC——SIM/results/sim2sim_fast_path_20260928/ablation_obs_actuator/vx_minus/trace.npz
Obs + Contact,natural,True,1.06,1.58,0.6494312860941283,0.7527672936548782,0.05645832678773976,"kinematic bottom point lateral velocity during geometric clearance<2mm; contact proxy, not actual solver friction force",1.2741719345855045,0.6,0.573806881904602,3,0.52,/home/qy/ISAAC——SIM/results/sim2sim_fast_path_20260928/ablation_obs_contact/natural/trace.npz
Obs + Contact,vx_minus,False,,0.54,0.6432705522400953,0.4910804383811675,0.18842955536375225,"kinematic bottom point lateral velocity during geometric clearance<2mm; contact proxy, not actual solver friction force",1.7153847807520424,,0.1499999761581421,3,,/home/qy/ISAAC——SIM/results/sim2sim_fast_path_20260928/ablation_obs_contact/vx_minus/trace.npz
Actuator + Contact,natural,False,,1.26,0.6592868451534237,0.5454102739806623,0.12312435537640229,"kinematic bottom point lateral velocity during geometric clearance<2mm; contact proxy, not actual solver friction force",1.1639014566013635,0.64,0.1553991734981537,3,,/home/qy/ISAAC——SIM/results/sim2sim_fast_path_20260928/ablation_actuator_contact/natural/trace.npz
Actuator + Contact,vx_minus,True,1.16,1.58,0.26498179906574704,0.21879867418515256,0.0864154957222175,"kinematic bottom point lateral velocity during geometric clearance<2mm; contact proxy, not actual solver friction force",1.2510634649161285,0.66,0.5671249032020569,4,0.42000000000000015,/home/qy/ISAAC——SIM/results/sim2sim_fast_path_20260928/ablation_actuator_contact/vx_minus/trace.npz
Full alignment,natural,True,1.28,1.6600000000000001,0.6841092304801644,0.81188983590467,0.20382316316941815,"kinematic bottom point lateral velocity during geometric clearance<2mm; contact proxy, not actual solver friction force",1.1185336154524852,0.72,0.5724627375602722,3,0.3800000000000001,/home/qy/ISAAC——SIM/results/sim2sim_fast_path_20260928/ablation_full/natural/trace.npz
Full alignment,vx_minus,True,1.12,1.76,0.5417257792716701,0.5462826044540894,0.0549134549433143,"kinematic bottom point lateral velocity during geometric clearance<2mm; contact proxy, not actual solver friction force",1.030195063475164,0.64,0.5666154026985168,4,0.6399999999999999,/home/qy/ISAAC——SIM/results/sim2sim_fast_path_20260928/ablation_full/vx_minus/trace.npz
