panel,candidate,case,role,joint,loss,q_rmse_rad,qd_rmse_rad_s,source,target,q_guard,qd_guard
suspended,rear0.005_steer10.0,rear_12,calibration,rearwheel_joint,0.4846753180027008,0.6487957239151001,7.6986918449401855,/home/qy/ISAAC——SIM/results/sim2sim_fast_path_20260928/mjx_actuator_suspended/rear_12,/home/qy/ISAAC——SIM/results/sim2sim_fast_path_20260928/physx_actuator_suspended/rear0.005_steer10.0/rear_12,True,True
suspended,rear0.005_steer10.0,steer_0p1,calibration,steering_joint,0.2150600403547287,0.0018678801134228706,0.9267387390136719,/home/qy/ISAAC——SIM/results/sim2sim_fast_path_20260928/mjx_actuator_suspended/steer_0p1,/home/qy/ISAAC——SIM/results/sim2sim_fast_path_20260928/physx_actuator_suspended/rear0.005_steer10.0/steer_0p1,True,False
suspended,rear0.005_steer2.5,rear_12,calibration,rearwheel_joint,0.4846753180027008,0.6487957239151001,7.6986918449401855,/home/qy/ISAAC——SIM/results/sim2sim_fast_path_20260928/mjx_actuator_suspended/rear_12,/home/qy/ISAAC——SIM/results/sim2sim_fast_path_20260928/physx_actuator_suspended/rear0.005_steer2.5/rear_12,True,True
suspended,rear0.005_steer2.5,steer_0p1,calibration,steering_joint,0.4518967568874359,0.05543125793337822,0.7606164216995239,/home/qy/ISAAC——SIM/results/sim2sim_fast_path_20260928/mjx_actuator_suspended/steer_0p1,/home/qy/ISAAC——SIM/results/sim2sim_fast_path_20260928/physx_actuator_suspended/rear0.005_steer2.5/steer_0p1,True,True
suspended,rear5.0_steer10.0,rear_12,calibration,rearwheel_joint,0.8998731374740601,0.01538394857198,11.383136749267578,/home/qy/ISAAC——SIM/results/sim2sim_fast_path_20260928/mjx_actuator_suspended/rear_12,/home/qy/ISAAC——SIM/results/sim2sim_fast_path_20260928/physx_actuator_suspended/rear5.0_steer10.0/rear_12,True,False
suspended,rear5.0_steer10.0,steer_0p1,calibration,steering_joint,0.2150600403547287,0.0018678801134228706,0.9267387390136719,/home/qy/ISAAC——SIM/results/sim2sim_fast_path_20260928/mjx_actuator_suspended/steer_0p1,/home/qy/ISAAC——SIM/results/sim2sim_fast_path_20260928/physx_actuator_suspended/rear5.0_steer10.0/steer_0p1,True,False
suspended,rear5.0_steer2.5,rear_12,calibration,rearwheel_joint,0.8998731374740601,0.01538394857198,11.383136749267578,/home/qy/ISAAC——SIM/results/sim2sim_fast_path_20260928/mjx_actuator_suspended/rear_12,/home/qy/ISAAC——SIM/results/sim2sim_fast_path_20260928/physx_actuator_suspended/rear5.0_steer2.5/rear_12,True,False
suspended,rear5.0_steer2.5,steer_0p1,calibration,steering_joint,0.4518967568874359,0.05543125793337822,0.7606164216995239,/home/qy/ISAAC——SIM/results/sim2sim_fast_path_20260928/mjx_actuator_suspended/steer_0p1,/home/qy/ISAAC——SIM/results/sim2sim_fast_path_20260928/physx_actuator_suspended/rear5.0_steer2.5/steer_0p1,True,True
suspended,steer_10.0_0.02,steer_0p1,calibration,steering_joint,0.7975636124610901,0.0038731687236577272,1.7844477891921997,/home/qy/ISAAC——SIM/results/sim2sim_fast_path_20260928/mjx_actuator_suspended/steer_0p1,/home/qy/ISAAC——SIM/results/sim2sim_fast_path_20260928/physx_actuator_refine_suspended/steer_10.0_0.02/steer_0p1,True,False
suspended,steer_5.0_0.2,steer_0p1,calibration,steering_joint,0.34743574261665344,0.022976286709308624,1.085623860359192,/home/qy/ISAAC——SIM/results/sim2sim_fast_path_20260928/mjx_actuator_suspended/steer_0p1,/home/qy/ISAAC——SIM/results/sim2sim_fast_path_20260928/physx_actuator_refine_suspended/steer_5.0_0.2/steer_0p1,True,False
suspended,steer_5.0_0.3,steer_0p1,calibration,steering_joint,0.34500569105148315,0.03144378215074539,0.9922388792037964,/home/qy/ISAAC——SIM/results/sim2sim_fast_path_20260928/mjx_actuator_suspended/steer_0p1,/home/qy/ISAAC——SIM/results/sim2sim_fast_path_20260928/physx_actuator_refine_suspended/steer_5.0_0.3/steer_0p1,True,False
suspended,steer_7.5_0.2,steer_0p1,calibration,steering_joint,0.3499321937561035,0.015570813789963722,1.1413801908493042,/home/qy/ISAAC——SIM/results/sim2sim_fast_path_20260928/mjx_actuator_suspended/steer_0p1,/home/qy/ISAAC——SIM/results/sim2sim_fast_path_20260928/physx_actuator_refine_suspended/steer_7.5_0.2/steer_0p1,True,False
suspended,rear0.005_steer10.0,rear_24,validation,rearwheel_joint,1.655889868736267,0.23028002679347992,15.398780822753906,/home/qy/ISAAC——SIM/results/sim2sim_fast_path_20260928/mjx_actuator_suspended/rear_24,/home/qy/ISAAC——SIM/results/sim2sim_fast_path_20260928/physx_actuator_validation_suspended/rear0.005_steer10.0/rear_24,True,True
suspended,rear0.005_steer10.0,rear_6,validation,rearwheel_joint,0.26583224534988403,0.9688684344291687,3.848660707473755,/home/qy/ISAAC——SIM/results/sim2sim_fast_path_20260928/mjx_actuator_suspended/rear_6,/home/qy/ISAAC——SIM/results/sim2sim_fast_path_20260928/physx_actuator_validation_suspended/rear0.005_steer10.0/rear_6,True,True
suspended,rear0.005_steer10.0,steer_0p2,validation,steering_joint,0.32512396574020386,0.0030119079165160656,1.1388007402420044,/home/qy/ISAAC——SIM/results/sim2sim_fast_path_20260928/mjx_actuator_suspended/steer_0p2,/home/qy/ISAAC——SIM/results/sim2sim_fast_path_20260928/physx_actuator_validation_suspended/rear0.005_steer10.0/steer_0p2,True,False
suspended,rear0.005_steer10.0,steer_neg0p08,validation,steering_joint,0.13764330744743347,0.0014943256974220276,0.7414041757583618,/home/qy/ISAAC——SIM/results/sim2sim_fast_path_20260928/mjx_actuator_suspended/steer_neg0p08,/home/qy/ISAAC——SIM/results/sim2sim_fast_path_20260928/physx_actuator_validation_suspended/rear0.005_steer10.0/steer_neg0p08,True,False
suspended,rear0.005_steer2.5,rear_24,validation,rearwheel_joint,1.655889868736267,0.23028002679347992,15.398780822753906,/home/qy/ISAAC——SIM/results/sim2sim_fast_path_20260928/mjx_actuator_suspended/rear_24,/home/qy/ISAAC——SIM/results/sim2sim_fast_path_20260928/physx_actuator_validation_suspended/rear0.005_steer2.5/rear_24,True,True
suspended,rear0.005_steer2.5,rear_6,validation,rearwheel_joint,0.26583224534988403,0.9688684344291687,3.848660707473755,/home/qy/ISAAC——SIM/results/sim2sim_fast_path_20260928/mjx_actuator_suspended/rear_6,/home/qy/ISAAC——SIM/results/sim2sim_fast_path_20260928/physx_actuator_validation_suspended/rear0.005_steer2.5/rear_6,True,True
suspended,rear0.005_steer2.5,steer_0p2,validation,steering_joint,1.4273024797439575,0.11042025685310364,0.9122262597084045,/home/qy/ISAAC——SIM/results/sim2sim_fast_path_20260928/mjx_actuator_suspended/steer_0p2,/home/qy/ISAAC——SIM/results/sim2sim_fast_path_20260928/physx_actuator_validation_suspended/rear0.005_steer2.5/steer_0p2,True,True
suspended,rear0.005_steer2.5,steer_neg0p08,validation,steering_joint,0.28921759128570557,0.044345006346702576,0.608505129814148,/home/qy/ISAAC——SIM/results/sim2sim_fast_path_20260928/mjx_actuator_suspended/steer_neg0p08,/home/qy/ISAAC——SIM/results/sim2sim_fast_path_20260928/physx_actuator_validation_suspended/rear0.005_steer2.5/steer_neg0p08,True,True
suspended,rear0.005_steer10.0,rear_12_t0,exact_duration_validation,rearwheel_joint,0.5827029347419739,0.712182343006134,8.439735412597656,/home/qy/ISAAC——SIM/results/sim2sim_fast_path_20260928/mjx_actuator_exact_suspended/rear_12_t0,/home/qy/ISAAC——SIM/results/sim2sim_fast_path_20260928/physx_actuator_exact_suspended/rear0.005_steer10.0/rear_12_t0,True,True
suspended,rear0.005_steer10.0,steer_0p1_t0,exact_duration_validation,steering_joint,0.2150600254535675,0.0018678801134228706,0.9267386794090271,/home/qy/ISAAC——SIM/results/sim2sim_fast_path_20260928/mjx_actuator_exact_suspended/steer_0p1_t0,/home/qy/ISAAC——SIM/results/sim2sim_fast_path_20260928/physx_actuator_exact_suspended/rear0.005_steer10.0/steer_0p1_t0,True,False
suspended,rear0.005_steer2.5,rear_12_t0,exact_duration_validation,rearwheel_joint,0.5827029347419739,0.712182343006134,8.439735412597656,/home/qy/ISAAC——SIM/results/sim2sim_fast_path_20260928/mjx_actuator_exact_suspended/rear_12_t0,/home/qy/ISAAC——SIM/results/sim2sim_fast_path_20260928/physx_actuator_exact_suspended/rear0.005_steer2.5/rear_12_t0,True,True
suspended,rear0.005_steer2.5,steer_0p1_t0,exact_duration_validation,steering_joint,0.460904061794281,0.05616623908281326,0.7627303600311279,/home/qy/ISAAC——SIM/results/sim2sim_fast_path_20260928/mjx_actuator_exact_suspended/steer_0p1_t0,/home/qy/ISAAC——SIM/results/sim2sim_fast_path_20260928/physx_actuator_exact_suspended/rear0.005_steer2.5/steer_0p1_t0,True,True
suspended,rear5.0_steer10.0,rear_12_t0,exact_duration_validation,rearwheel_joint,0.9998257756233215,0.017807822674512863,11.998625755310059,/home/qy/ISAAC——SIM/results/sim2sim_fast_path_20260928/mjx_actuator_exact_suspended/rear_12_t0,/home/qy/ISAAC——SIM/results/sim2sim_fast_path_20260928/physx_actuator_exact_suspended/rear5.0_steer10.0/rear_12_t0,True,False
suspended,rear5.0_steer10.0,steer_0p1_t0,exact_duration_validation,steering_joint,0.2150600254535675,0.0018678801134228706,0.9267386794090271,/home/qy/ISAAC——SIM/results/sim2sim_fast_path_20260928/mjx_actuator_exact_suspended/steer_0p1_t0,/home/qy/ISAAC——SIM/results/sim2sim_fast_path_20260928/physx_actuator_exact_suspended/rear5.0_steer10.0/steer_0p1_t0,True,False
suspended,rear5.0_steer2.5,rear_12_t0,exact_duration_validation,rearwheel_joint,0.9998257756233215,0.017807822674512863,11.998625755310059,/home/qy/ISAAC——SIM/results/sim2sim_fast_path_20260928/mjx_actuator_exact_suspended/rear_12_t0,/home/qy/ISAAC——SIM/results/sim2sim_fast_path_20260928/physx_actuator_exact_suspended/rear5.0_steer2.5/rear_12_t0,True,False
suspended,rear5.0_steer2.5,steer_0p1_t0,exact_duration_validation,steering_joint,0.460904061794281,0.05616623908281326,0.7627303600311279,/home/qy/ISAAC——SIM/results/sim2sim_fast_path_20260928/mjx_actuator_exact_suspended/steer_0p1_t0,/home/qy/ISAAC——SIM/results/sim2sim_fast_path_20260928/physx_actuator_exact_suspended/rear5.0_steer2.5/steer_0p1_t0,True,True
loaded,rear0.005_steer10.0,rear_12,calibration,rearwheel_joint,0.494547039270401,0.6363356709480286,7.816117763519287,/home/qy/ISAAC——SIM/results/sim2sim_fast_path_20260928/mjx_actuator_loaded/rear_12,/home/qy/ISAAC——SIM/results/sim2sim_fast_path_20260928/physx_actuator_loaded/rear0.005_steer10.0/rear_12,True,True
loaded,rear0.005_steer10.0,steer_0p1,calibration,steering_joint,0.3057031035423279,0.002858032938092947,1.1043301820755005,/home/qy/ISAAC——SIM/results/sim2sim_fast_path_20260928/mjx_actuator_loaded/steer_0p1,/home/qy/ISAAC——SIM/results/sim2sim_fast_path_20260928/physx_actuator_loaded/rear0.005_steer10.0/steer_0p1,True,False
loaded,rear0.005_steer2.5,rear_12,calibration,rearwheel_joint,0.5648837685585022,0.6426808834075928,8.427176475524902,/home/qy/ISAAC——SIM/results/sim2sim_fast_path_20260928/mjx_actuator_loaded/rear_12,/home/qy/ISAAC——SIM/results/sim2sim_fast_path_20260928/physx_actuator_loaded/rear0.005_steer2.5/rear_12,True,True
loaded,rear0.005_steer2.5,steer_0p1,calibration,steering_joint,0.5067019462585449,0.05675118416547775,0.8593770861625671,/home/qy/ISAAC——SIM/results/sim2sim_fast_path_20260928/mjx_actuator_loaded/steer_0p1,/home/qy/ISAAC——SIM/results/sim2sim_fast_path_20260928/physx_actuator_loaded/rear0.005_steer2.5/steer_0p1,True,True
loaded,rear5.0_steer10.0,rear_12,calibration,rearwheel_joint,0.5618802309036255,0.4958608150482178,8.6466064453125,/home/qy/ISAAC——SIM/results/sim2sim_fast_path_20260928/mjx_actuator_loaded/rear_12,/home/qy/ISAAC——SIM/results/sim2sim_fast_path_20260928/physx_actuator_loaded/rear5.0_steer10.0/rear_12,True,True
loaded,rear5.0_steer10.0,steer_0p1,calibration,steering_joint,0.25843164324760437,0.0035889921709895134,1.0141865015029907,/home/qy/ISAAC——SIM/results/sim2sim_fast_path_20260928/mjx_actuator_loaded/steer_0p1,/home/qy/ISAAC——SIM/results/sim2sim_fast_path_20260928/physx_actuator_loaded/rear5.0_steer10.0/steer_0p1,True,False
loaded,rear5.0_steer2.5,rear_12,calibration,rearwheel_joint,0.6203309893608093,0.49755197763442993,9.118043899536133,/home/qy/ISAAC——SIM/results/sim2sim_fast_path_20260928/mjx_actuator_loaded/rear_12,/home/qy/ISAAC——SIM/results/sim2sim_fast_path_20260928/physx_actuator_loaded/rear5.0_steer2.5/rear_12,True,True
loaded,rear5.0_steer2.5,steer_0p1,calibration,steering_joint,1.1946322917938232,0.05731553956866264,1.8613170385360718,/home/qy/ISAAC——SIM/results/sim2sim_fast_path_20260928/mjx_actuator_loaded/steer_0p1,/home/qy/ISAAC——SIM/results/sim2sim_fast_path_20260928/physx_actuator_loaded/rear5.0_steer2.5/steer_0p1,True,False
loaded,steer_10.0_0.02,steer_0p1,calibration,steering_joint,0.9782792329788208,0.005669268313795328,1.974907636642456,/home/qy/ISAAC——SIM/results/sim2sim_fast_path_20260928/mjx_actuator_loaded/steer_0p1,/home/qy/ISAAC——SIM/results/sim2sim_fast_path_20260928/physx_actuator_refine_loaded/steer_10.0_0.02/steer_0p1,True,False
loaded,steer_5.0_0.2,steer_0p1,calibration,steering_joint,0.3835079073905945,0.023575814440846443,1.1452964544296265,/home/qy/ISAAC——SIM/results/sim2sim_fast_path_20260928/mjx_actuator_loaded/steer_0p1,/home/qy/ISAAC——SIM/results/sim2sim_fast_path_20260928/physx_actuator_refine_loaded/steer_5.0_0.2/steer_0p1,True,False
loaded,steer_5.0_0.3,steer_0p1,calibration,steering_joint,0.3828607201576233,0.032246824353933334,1.0561723709106445,/home/qy/ISAAC——SIM/results/sim2sim_fast_path_20260928/mjx_actuator_loaded/steer_0p1,/home/qy/ISAAC——SIM/results/sim2sim_fast_path_20260928/physx_actuator_refine_loaded/steer_5.0_0.3/steer_0p1,True,False
loaded,steer_7.5_0.2,steer_0p1,calibration,steering_joint,0.8010309934616089,0.01581520214676857,1.761838674545288,/home/qy/ISAAC——SIM/results/sim2sim_fast_path_20260928/mjx_actuator_loaded/steer_0p1,/home/qy/ISAAC——SIM/results/sim2sim_fast_path_20260928/physx_actuator_refine_loaded/steer_7.5_0.2/steer_0p1,True,False
loaded,rear0.005_steer10.0,rear_24,validation,rearwheel_joint,1.2750062942504883,0.7457987070083618,13.02672290802002,/home/qy/ISAAC——SIM/results/sim2sim_fast_path_20260928/mjx_actuator_loaded/rear_24,/home/qy/ISAAC——SIM/results/sim2sim_fast_path_20260928/physx_actuator_validation_loaded/rear0.005_steer10.0/rear_24,True,True
loaded,rear0.005_steer10.0,rear_6,validation,rearwheel_joint,2.2489516735076904,1.113756537437439,17.11250114440918,/home/qy/ISAAC——SIM/results/sim2sim_fast_path_20260928/mjx_actuator_loaded/rear_6,/home/qy/ISAAC——SIM/results/sim2sim_fast_path_20260928/physx_actuator_validation_loaded/rear0.005_steer10.0/rear_6,True,False
loaded,rear0.005_steer10.0,steer_0p2,validation,steering_joint,0.36860474944114685,0.004687157459557056,1.210632562637329,/home/qy/ISAAC——SIM/results/sim2sim_fast_path_20260928/mjx_actuator_loaded/steer_0p2,/home/qy/ISAAC——SIM/results/sim2sim_fast_path_20260928/physx_actuator_validation_loaded/rear0.005_steer10.0/steer_0p2,True,False
loaded,rear0.005_steer10.0,steer_neg0p08,validation,steering_joint,0.21194040775299072,0.001726828282698989,0.9200916886329651,/home/qy/ISAAC——SIM/results/sim2sim_fast_path_20260928/mjx_actuator_loaded/steer_neg0p08,/home/qy/ISAAC——SIM/results/sim2sim_fast_path_20260928/physx_actuator_validation_loaded/rear0.005_steer10.0/steer_neg0p08,True,False
loaded,rear0.005_steer2.5,rear_24,validation,rearwheel_joint,1.1874185800552368,0.7440972924232483,12.535799980163574,/home/qy/ISAAC——SIM/results/sim2sim_fast_path_20260928/mjx_actuator_loaded/rear_24,/home/qy/ISAAC——SIM/results/sim2sim_fast_path_20260928/physx_actuator_validation_loaded/rear0.005_steer2.5/rear_24,True,True
loaded,rear0.005_steer2.5,rear_6,validation,rearwheel_joint,1.8870757818222046,1.124887228012085,15.49531078338623,/home/qy/ISAAC——SIM/results/sim2sim_fast_path_20260928/mjx_actuator_loaded/rear_6,/home/qy/ISAAC——SIM/results/sim2sim_fast_path_20260928/physx_actuator_validation_loaded/rear0.005_steer2.5/rear_6,True,True
loaded,rear0.005_steer2.5,steer_0p2,validation,steering_joint,1.5261965990066528,0.11291799694299698,1.0022956132888794,/home/qy/ISAAC——SIM/results/sim2sim_fast_path_20260928/mjx_actuator_loaded/steer_0p2,/home/qy/ISAAC——SIM/results/sim2sim_fast_path_20260928/physx_actuator_validation_loaded/rear0.005_steer2.5/steer_0p2,True,True
loaded,rear0.005_steer2.5,steer_neg0p08,validation,steering_joint,0.3523830771446228,0.04578547924757004,0.7556508779525757,/home/qy/ISAAC——SIM/results/sim2sim_fast_path_20260928/mjx_actuator_loaded/steer_neg0p08,/home/qy/ISAAC——SIM/results/sim2sim_fast_path_20260928/physx_actuator_validation_loaded/rear0.005_steer2.5/steer_neg0p08,True,True
loaded,rear0.005_steer10.0,rear_12_t0,exact_duration_validation,rearwheel_joint,0.9176815748214722,0.5667036175727844,11.140795707702637,/home/qy/ISAAC——SIM/results/sim2sim_fast_path_20260928/mjx_actuator_exact_loaded/rear_12_t0,/home/qy/ISAAC——SIM/results/sim2sim_fast_path_20260928/physx_actuator_exact_loaded/rear0.005_steer10.0/rear_12_t0,True,True
loaded,rear0.005_steer10.0,steer_0p1_t0,exact_duration_validation,steering_joint,0.28460457921028137,0.0030003513675183058,1.065278172492981,/home/qy/ISAAC——SIM/results/sim2sim_fast_path_20260928/mjx_actuator_exact_loaded/steer_0p1_t0,/home/qy/ISAAC——SIM/results/sim2sim_fast_path_20260928/physx_actuator_exact_loaded/rear0.005_steer10.0/steer_0p1_t0,True,False
loaded,rear0.005_steer2.5,rear_12_t0,exact_duration_validation,rearwheel_joint,0.7763575315475464,0.5297995209693909,10.236126899719238,/home/qy/ISAAC——SIM/results/sim2sim_fast_path_20260928/mjx_actuator_exact_loaded/rear_12_t0,/home/qy/ISAAC——SIM/results/sim2sim_fast_path_20260928/physx_actuator_exact_loaded/rear0.005_steer2.5/rear_12_t0,True,True
loaded,rear0.005_steer2.5,steer_0p1_t0,exact_duration_validation,steering_joint,0.5364379286766052,0.05719510093331337,0.9150080680847168,/home/qy/ISAAC——SIM/results/sim2sim_fast_path_20260928/mjx_actuator_exact_loaded/steer_0p1_t0,/home/qy/ISAAC——SIM/results/sim2sim_fast_path_20260928/physx_actuator_exact_loaded/rear0.005_steer2.5/steer_0p1_t0,True,True
loaded,rear5.0_steer10.0,rear_12_t0,exact_duration_validation,rearwheel_joint,1.3948485851287842,0.053002357482910156,14.169966697692871,/home/qy/ISAAC——SIM/results/sim2sim_fast_path_20260928/mjx_actuator_exact_loaded/rear_12_t0,/home/qy/ISAAC——SIM/results/sim2sim_fast_path_20260928/physx_actuator_exact_loaded/rear5.0_steer10.0/rear_12_t0,True,False
loaded,rear5.0_steer10.0,steer_0p1_t0,exact_duration_validation,steering_joint,1.4699585437774658,0.005220774561166763,2.4225878715515137,/home/qy/ISAAC——SIM/results/sim2sim_fast_path_20260928/mjx_actuator_exact_loaded/steer_0p1_t0,/home/qy/ISAAC——SIM/results/sim2sim_fast_path_20260928/physx_actuator_exact_loaded/rear5.0_steer10.0/steer_0p1_t0,True,False
loaded,rear5.0_steer2.5,rear_12_t0,exact_duration_validation,rearwheel_joint,1.3985637426376343,0.05462338775396347,14.188677787780762,/home/qy/ISAAC——SIM/results/sim2sim_fast_path_20260928/mjx_actuator_exact_loaded/rear_12_t0,/home/qy/ISAAC——SIM/results/sim2sim_fast_path_20260928/physx_actuator_exact_loaded/rear5.0_steer2.5/rear_12_t0,True,False
loaded,rear5.0_steer2.5,steer_0p1_t0,exact_duration_validation,steering_joint,1.2658793926239014,0.05704955384135246,1.939499020576477,/home/qy/ISAAC——SIM/results/sim2sim_fast_path_20260928/mjx_actuator_exact_loaded/steer_0p1_t0,/home/qy/ISAAC——SIM/results/sim2sim_fast_path_20260928/physx_actuator_exact_loaded/rear5.0_steer2.5/steer_0p1_t0,True,False
