panel,candidate,case,time_s,source_q,target_q,source_qd,target_qd,physical_target,source_effort_native_stage,target_actual_motor_effort_available,target_projected_joint_effort
suspended,rear0.005_steer10.0,rear_12,0.02,0.0,0.0,0.0,0.0,0.0,0.0,False,-0.0
suspended,rear0.005_steer10.0,rear_12,0.04,0.24270179867744446,0.02697574533522129,-0.00030761718517169356,2.585073709487915,12.0,-6.0,False,0.047343362122774124
suspended,rear0.005_steer10.0,rear_12,0.06,0.4854050576686859,0.09984181076288223,-0.0001464843808207661,4.613269329071045,12.0,-6.0,False,0.037144508212804794
suspended,rear0.005_steer10.0,rear_12,0.08,0.7281119227409363,0.20871247351169586,5.859373777639121e-05,6.204545974731445,12.0,-6.0,False,0.02914269082248211
suspended,rear0.005_steer10.0,rear_12,0.1,0.9708260893821716,0.34583136439323425,0.0003686523123178631,7.453033924102783,12.0,-6.0,False,0.022864604368805885
suspended,rear0.005_steer10.0,rear_12,0.12,1.2135475873947144,0.5051138401031494,0.0008056639926508069,8.432568550109863,12.0,-6.0,False,0.017938967794179916
suspended,rear0.005_steer10.0,rear_12,0.14,1.4562809467315674,0.6817849278450012,0.0013806151691824198,9.20110034942627,12.0,-6.0,False,0.01407439075410366
suspended,rear0.005_steer10.0,rear_12,0.16,1.6990255117416382,0.8720992803573608,0.0019677733071148396,9.80407428741455,12.0,-6.0,False,0.01104230061173439
suspended,rear0.005_steer10.0,rear_12,0.18,1.9417868852615356,1.0731176137924194,0.002860107459127903,10.277153968811035,12.0,-6.0,False,0.008663391694426537
suspended,rear0.005_steer10.0,rear_12,0.2,2.1845602989196777,1.2825336456298828,0.003082275390625,10.648314476013184,12.0,-6.0,False,0.006797007750719786
suspended,rear0.005_steer10.0,steer_0p1,0.02,0.0,0.0,0.0,0.0,0.0,0.0,False,0.0
suspended,rear0.005_steer10.0,steer_0p1,0.04,0.09477172791957855,0.08895371854305267,-1.50590181350708,1.3806451559066772,0.1,-0.8371870517730713,False,-0.029265161603689194
suspended,rear0.005_steer10.0,steer_0p1,0.06,0.10008992999792099,0.09908512234687805,-0.384250670671463,0.11440282315015793,0.1,-0.14222918450832367,False,-0.0024308781139552593
suspended,rear0.005_steer10.0,steer_0p1,0.08,0.1000974029302597,0.09992426633834839,-0.07660195231437683,0.00947157759219408,0.1,-0.024369940161705017,False,-0.00020132951613049954
suspended,rear0.005_steer10.0,steer_0p1,0.1,0.10002356767654419,0.0999937355518341,-0.014072042889893055,0.0007841750048100948,0.1,-0.004192337393760681,False,-1.6696836610208265e-05
suspended,rear0.005_steer10.0,steer_0p1,0.12,0.10000462830066681,0.09999959170818329,-0.0025011354591697454,6.235574255697429e-05,0.1,-0.0007231086492538452,False,-1.82321957709064e-06
suspended,rear0.005_steer10.0,steer_0p1,0.14,0.10000084340572357,0.09999961405992508,-0.0004363165353424847,3.660195943666622e-05,0.1,-0.000124320387840271,False,-9.540854217782169e-12
suspended,rear0.005_steer10.0,steer_0p1,0.16,0.10000014305114746,0.09999961405992508,-7.414327410515398e-05,3.66018975910265e-05,0.1,-2.084672451019287e-05,False,-7.087165056207656e-13
suspended,rear0.005_steer10.0,steer_0p1,0.18,0.10000003129243851,0.09999961405992508,-1.3677603419637308e-05,3.66018975910265e-05,0.1,-4.157423973083496e-06,False,-9.734866992378022e-13
suspended,rear0.005_steer10.0,steer_0p1,0.2,0.10000000149011612,0.09999961405992508,-2.204607426392613e-06,3.66018975910265e-05,0.1,-8.195638656616211e-07,False,-8.445254044697759e-13
suspended,rear0.005_steer2.5,rear_12,0.02,0.0,0.0,0.0,0.0,0.0,0.0,False,-0.0
suspended,rear0.005_steer2.5,rear_12,0.04,0.24270179867744446,0.02697574533522129,-0.00030761718517169356,2.585073709487915,12.0,-6.0,False,0.047343362122774124
suspended,rear0.005_steer2.5,rear_12,0.06,0.4854050576686859,0.09984181076288223,-0.0001464843808207661,4.613269329071045,12.0,-6.0,False,0.037144508212804794
suspended,rear0.005_steer2.5,rear_12,0.08,0.7281119227409363,0.20871247351169586,5.859373777639121e-05,6.204545974731445,12.0,-6.0,False,0.02914269082248211
suspended,rear0.005_steer2.5,rear_12,0.1,0.9708260893821716,0.34583136439323425,0.0003686523123178631,7.453033924102783,12.0,-6.0,False,0.022864604368805885
suspended,rear0.005_steer2.5,rear_12,0.12,1.2135475873947144,0.5051138401031494,0.0008056639926508069,8.432568550109863,12.0,-6.0,False,0.017938967794179916
suspended,rear0.005_steer2.5,rear_12,0.14,1.4562809467315674,0.6817849278450012,0.0013806151691824198,9.20110034942627,12.0,-6.0,False,0.01407439075410366
suspended,rear0.005_steer2.5,rear_12,0.16,1.6990255117416382,0.8720992803573608,0.0019677733071148396,9.80407428741455,12.0,-6.0,False,0.01104230061173439
suspended,rear0.005_steer2.5,rear_12,0.18,1.9417868852615356,1.0731176137924194,0.002860107459127903,10.277153968811035,12.0,-6.0,False,0.008663391694426537
suspended,rear0.005_steer2.5,rear_12,0.2,2.1845602989196777,1.2825336456298828,0.003082275390625,10.648314476013184,12.0,-6.0,False,0.006797007750719786
suspended,rear0.005_steer2.5,steer_0p1,0.02,0.0,0.0,0.0,0.0,0.0,0.0,False,0.0
suspended,rear0.005_steer2.5,steer_0p1,0.04,0.09477172791957855,0.011553403921425343,-1.50590181350708,0.5541815161705017,0.1,-0.8371870517730713,False,-0.0005578759009949863
suspended,rear0.005_steer2.5,steer_0p1,0.06,0.10008992999792099,0.0219687782227993,-0.384250670671463,0.48892173171043396,0.1,-0.14222918450832367,False,-0.0004921668441966176
suspended,rear0.005_steer2.5,steer_0p1,0.08,0.1000974029302597,0.031157638877630234,-0.07660195231437683,0.4313468933105469,0.1,-0.024369940161705017,False,-0.00043419277062639594
suspended,rear0.005_steer2.5,steer_0p1,0.1,0.10002356767654419,0.039264433085918427,-0.014072042889893055,0.3805523216724396,0.1,-0.004192337393760681,False,-0.00038307136856019497
suspended,rear0.005_steer2.5,steer_0p1,0.12,0.10000462830066681,0.04641658067703247,-0.0025011354591697454,0.3357386291027069,0.1,-0.0007231086492538452,False,-0.00033795778290368617
suspended,rear0.005_steer2.5,steer_0p1,0.14,0.10000084340572357,0.05272657051682472,-0.0004363165353424847,0.2962019443511963,0.1,-0.000124320387840271,False,-0.00029817677568644285
suspended,rear0.005_steer2.5,steer_0p1,0.16,0.10000014305114746,0.05829343944787979,-7.414327410515398e-05,0.26132166385650635,0.1,-2.084672451019287e-05,False,-0.00026304935454390943
suspended,rear0.005_steer2.5,steer_0p1,0.18,0.10000003129243851,0.06320476531982422,-1.3677603419637308e-05,0.23054856061935425,0.1,-4.157423973083496e-06,False,-0.00023210559447761625
suspended,rear0.005_steer2.5,steer_0p1,0.2,0.10000000149011612,0.06753771752119064,-2.204607426392613e-06,0.20339956879615784,0.1,-8.195638656616211e-07,False,-0.0002047534508164972
suspended,rear5.0_steer10.0,rear_12,0.02,0.0,0.0,0.0,0.0,0.0,0.0,False,-0.0
suspended,rear5.0_steer10.0,rear_12,0.04,0.24270179867744446,0.23901179432868958,-0.00030761718517169356,11.999999046325684,12.0,-6.0,False,2.3283375583105226e-07
suspended,rear5.0_steer10.0,rear_12,0.06,0.4854050576686859,0.47901347279548645,-0.0001464843808207661,11.99999713897705,12.0,-6.0,False,-2.3282636618660035e-07
suspended,rear5.0_steer10.0,rear_12,0.08,0.7281119227409363,0.7190151214599609,5.859373777639121e-05,11.999999046325684,12.0,-6.0,False,-2.3283421057840314e-07
suspended,rear5.0_steer10.0,rear_12,0.1,0.9708260893821716,0.9590167999267578,0.0003686523123178631,12.0,12.0,-6.0,False,9.313199029747921e-07
suspended,rear5.0_steer10.0,rear_12,0.12,1.2135475873947144,1.1990026235580444,0.0008056639926508069,11.999999046325684,12.0,-6.0,False,-9.313251325693273e-07
suspended,rear5.0_steer10.0,rear_12,0.14,1.4562809467315674,1.4389852285385132,0.0013806151691824198,11.99999713897705,12.0,-6.0,False,-2.3283303107746178e-07
suspended,rear5.0_steer10.0,rear_12,0.16,1.6990255117416382,1.678967833518982,0.0019677733071148396,11.99999713897705,12.0,-6.0,False,-1.3969867040941608e-06
suspended,rear5.0_steer10.0,rear_12,0.18,1.9417868852615356,1.9189504384994507,0.002860107459127903,12.0,12.0,-6.0,False,4.656594683183357e-07
suspended,rear5.0_steer10.0,rear_12,0.2,2.1845602989196777,2.1589581966400146,0.003082275390625,12.0,12.0,-6.0,False,6.984887477301527e-07
suspended,rear5.0_steer10.0,steer_0p1,0.02,0.0,0.0,0.0,0.0,0.0,0.0,False,0.0
suspended,rear5.0_steer10.0,steer_0p1,0.04,0.09477172791957855,0.08895371854305267,-1.50590181350708,1.3806451559066772,0.1,-0.8371870517730713,False,-0.029265161603689194
suspended,rear5.0_steer10.0,steer_0p1,0.06,0.10008992999792099,0.09908512234687805,-0.384250670671463,0.11440282315015793,0.1,-0.14222918450832367,False,-0.0024308781139552593
suspended,rear5.0_steer10.0,steer_0p1,0.08,0.1000974029302597,0.09992426633834839,-0.07660195231437683,0.00947157759219408,0.1,-0.024369940161705017,False,-0.00020132951613049954
suspended,rear5.0_steer10.0,steer_0p1,0.1,0.10002356767654419,0.0999937355518341,-0.014072042889893055,0.0007841750048100948,0.1,-0.004192337393760681,False,-1.6696836610208265e-05
suspended,rear5.0_steer10.0,steer_0p1,0.12,0.10000462830066681,0.09999959170818329,-0.0025011354591697454,6.235574255697429e-05,0.1,-0.0007231086492538452,False,-1.82321957709064e-06
suspended,rear5.0_steer10.0,steer_0p1,0.14,0.10000084340572357,0.09999961405992508,-0.0004363165353424847,3.660195943666622e-05,0.1,-0.000124320387840271,False,-9.540854217782169e-12
suspended,rear5.0_steer10.0,steer_0p1,0.16,0.10000014305114746,0.09999961405992508,-7.414327410515398e-05,3.66018975910265e-05,0.1,-2.084672451019287e-05,False,-7.087165056207656e-13
suspended,rear5.0_steer10.0,steer_0p1,0.18,0.10000003129243851,0.09999961405992508,-1.3677603419637308e-05,3.66018975910265e-05,0.1,-4.157423973083496e-06,False,-9.734866992378022e-13
suspended,rear5.0_steer10.0,steer_0p1,0.2,0.10000000149011612,0.09999961405992508,-2.204607426392613e-06,3.66018975910265e-05,0.1,-8.195638656616211e-07,False,-8.445254044697759e-13
suspended,rear5.0_steer2.5,rear_12,0.02,0.0,0.0,0.0,0.0,0.0,0.0,False,-0.0
suspended,rear5.0_steer2.5,rear_12,0.04,0.24270179867744446,0.23901179432868958,-0.00030761718517169356,11.999999046325684,12.0,-6.0,False,2.3283375583105226e-07
suspended,rear5.0_steer2.5,rear_12,0.06,0.4854050576686859,0.47901347279548645,-0.0001464843808207661,11.99999713897705,12.0,-6.0,False,-2.3282636618660035e-07
suspended,rear5.0_steer2.5,rear_12,0.08,0.7281119227409363,0.7190151214599609,5.859373777639121e-05,11.999999046325684,12.0,-6.0,False,-2.3283421057840314e-07
suspended,rear5.0_steer2.5,rear_12,0.1,0.9708260893821716,0.9590167999267578,0.0003686523123178631,12.0,12.0,-6.0,False,9.313199029747921e-07
suspended,rear5.0_steer2.5,rear_12,0.12,1.2135475873947144,1.1990026235580444,0.0008056639926508069,11.999999046325684,12.0,-6.0,False,-9.313251325693273e-07
suspended,rear5.0_steer2.5,rear_12,0.14,1.4562809467315674,1.4389852285385132,0.0013806151691824198,11.99999713897705,12.0,-6.0,False,-2.3283303107746178e-07
suspended,rear5.0_steer2.5,rear_12,0.16,1.6990255117416382,1.678967833518982,0.0019677733071148396,11.99999713897705,12.0,-6.0,False,-1.3969867040941608e-06
suspended,rear5.0_steer2.5,rear_12,0.18,1.9417868852615356,1.9189504384994507,0.002860107459127903,12.0,12.0,-6.0,False,4.656594683183357e-07
suspended,rear5.0_steer2.5,rear_12,0.2,2.1845602989196777,2.1589581966400146,0.003082275390625,12.0,12.0,-6.0,False,6.984887477301527e-07
suspended,rear5.0_steer2.5,steer_0p1,0.02,0.0,0.0,0.0,0.0,0.0,0.0,False,0.0
suspended,rear5.0_steer2.5,steer_0p1,0.04,0.09477172791957855,0.011553403921425343,-1.50590181350708,0.5541815161705017,0.1,-0.8371870517730713,False,-0.0005578759009949863
suspended,rear5.0_steer2.5,steer_0p1,0.06,0.10008992999792099,0.0219687782227993,-0.384250670671463,0.48892173171043396,0.1,-0.14222918450832367,False,-0.0004921668441966176
suspended,rear5.0_steer2.5,steer_0p1,0.08,0.1000974029302597,0.031157638877630234,-0.07660195231437683,0.4313468933105469,0.1,-0.024369940161705017,False,-0.00043419277062639594
suspended,rear5.0_steer2.5,steer_0p1,0.1,0.10002356767654419,0.039264433085918427,-0.014072042889893055,0.3805523216724396,0.1,-0.004192337393760681,False,-0.00038307136856019497
suspended,rear5.0_steer2.5,steer_0p1,0.12,0.10000462830066681,0.04641658067703247,-0.0025011354591697454,0.3357386291027069,0.1,-0.0007231086492538452,False,-0.00033795778290368617
suspended,rear5.0_steer2.5,steer_0p1,0.14,0.10000084340572357,0.05272657051682472,-0.0004363165353424847,0.2962019443511963,0.1,-0.000124320387840271,False,-0.00029817677568644285
suspended,rear5.0_steer2.5,steer_0p1,0.16,0.10000014305114746,0.05829343944787979,-7.414327410515398e-05,0.26132166385650635,0.1,-2.084672451019287e-05,False,-0.00026304935454390943
suspended,rear5.0_steer2.5,steer_0p1,0.18,0.10000003129243851,0.06320476531982422,-1.3677603419637308e-05,0.23054856061935425,0.1,-4.157423973083496e-06,False,-0.00023210559447761625
suspended,rear5.0_steer2.5,steer_0p1,0.2,0.10000000149011612,0.06753771752119064,-2.204607426392613e-06,0.20339956879615784,0.1,-8.195638656616211e-07,False,-0.0002047534508164972
suspended,steer_10.0_0.02,steer_0p1,0.02,0.0,0.0,0.0,0.0,0.0,0.0,False,0.0
suspended,steer_10.0_0.02,steer_0p1,0.04,0.09477172791957855,0.10415266454219818,-1.50590181350708,-7.116164207458496,0.1,-0.8371870517730713,False,0.07153768092393875
suspended,steer_10.0_0.02,steer_0p1,0.06,0.10008992999792099,0.10793937742710114,-0.384250670671463,-0.42177990078926086,0.1,-0.14222918450832367,False,-0.07667355984449387
suspended,steer_10.0_0.02,steer_0p1,0.08,0.1000974029302597,0.10015109926462173,-0.07660195231437683,0.5224661231040955,0.1,-0.024369940161705017,False,-0.010047954507172108
suspended,steer_10.0_0.02,steer_0p1,0.1,0.10002356767654419,0.099398173391819,-0.014072042889893055,0.06341349333524704,0.1,-0.004192337393760681,False,0.0053029791451990604
suspended,steer_10.0_0.02,steer_0p1,0.12,0.10000462830066681,0.09995273500680923,-0.0025011354591697454,-0.03643563762307167,0.1,-0.0007231086492538452,False,0.001087050186470151
suspended,steer_10.0_0.02,steer_0p1,0.14,0.10000084340572357,0.10004342347383499,-0.0004363165353424847,-0.007022454869002104,0.1,-0.000124320387840271,False,-0.00034299012622796
suspended,steer_10.0_0.02,steer_0p1,0.16,0.10000014305114746,0.10000617802143097,-7.414327410515398e-05,0.0023888605646789074,0.1,-2.084672451019287e-05,False,-0.00010358094732509926
suspended,steer_10.0_0.02,steer_0p1,0.18,0.10000003129243851,0.09999703615903854,-1.3677603419637308e-05,0.0006823326111771166,0.1,-4.157423973083496e-06,False,2.0198544007143937e-05
suspended,steer_10.0_0.02,steer_0p1,0.2,0.10000000149011612,0.09999934583902359,-2.204607426392613e-06,-0.0001380841713398695,0.1,-8.195638656616211e-07,False,9.305490493716206e-06
suspended,steer_5.0_0.2,steer_0p1,0.02,0.0,0.0,0.0,0.0,0.0,0.0,False,0.0
suspended,steer_5.0_0.2,steer_0p1,0.04,0.09477172791957855,0.038672301918268204,-1.50590181350708,1.5651861429214478,0.1,-0.8371870517730713,False,-0.006475943606346846
suspended,steer_5.0_0.2,steer_0p1,0.06,0.10008992999792099,0.06317400187253952,-0.384250670671463,0.9398612976074219,0.1,-0.14222918450832367,False,-0.0038886519614607096
suspended,steer_5.0_0.2,steer_0p1,0.08,0.1000974029302597,0.07788672298192978,-0.07660195231437683,0.5643681287765503,0.1,-0.024369940161705017,False,-0.0023350610863417387
suspended,steer_5.0_0.2,steer_0p1,0.1,0.10002356767654419,0.08672145009040833,-0.014072042889893055,0.3388909101486206,0.1,-0.004192337393760681,False,-0.0014021421084180474
suspended,steer_5.0_0.2,steer_0p1,0.12,0.10000462830066681,0.0920264720916748,-0.0025011354591697454,0.20349790155887604,0.1,-0.0007231086492538452,False,-0.0008419676451012492
suspended,steer_5.0_0.2,steer_0p1,0.14,0.10000084340572357,0.09521207958459854,-0.0004363165353424847,0.12219616025686264,0.1,-0.000124320387840271,False,-0.000505605130456388
suspended,steer_5.0_0.2,steer_0p1,0.16,0.10000014305114746,0.09712493419647217,-7.414327410515398e-05,0.073375403881073,0.1,-2.084672451019287e-05,False,-0.00030357748619280756
suspended,steer_5.0_0.2,steer_0p1,0.18,0.10000003129243851,0.0982736274600029,-1.3677603419637308e-05,0.04406013339757919,0.1,-4.157423973083496e-06,False,-0.0001822903286665678
suspended,steer_5.0_0.2,steer_0p1,0.2,0.10000000149011612,0.09896335750818253,-2.204607426392613e-06,0.02645689807832241,0.1,-8.195638656616211e-07,False,-0.0001094525505322963
suspended,steer_5.0_0.3,steer_0p1,0.02,0.0,0.0,0.0,0.0,0.0,0.0,False,0.0
suspended,steer_5.0_0.3,steer_0p1,0.04,0.09477172791957855,0.027897002175450325,-1.50590181350708,1.212605595588684,0.1,-0.8371870517730713,False,-0.0032924418337643147
suspended,steer_5.0_0.3,steer_0p1,0.06,0.10008992999792099,0.04848265275359154,-0.384250670671463,0.8664024472236633,0.1,-0.14222918450832367,False,-0.002352455398067832
suspended,steer_5.0_0.3,steer_0p1,0.08,0.1000974029302597,0.06319105625152588,-0.07660195231437683,0.6190409064292908,0.1,-0.024369940161705017,False,-0.0016809168737381697
suspended,steer_5.0_0.3,steer_0p1,0.1,0.10002356767654419,0.07370007038116455,-0.014072042889893055,0.44230377674102783,0.1,-0.004192337393760681,False,-0.001200939528644085
suspended,steer_5.0_0.3,steer_0p1,0.12,0.10000462830066681,0.08120875060558319,-0.0025011354591697454,0.3160252571105957,0.1,-0.0007231086492538452,False,-0.0008581243455410004
suspended,steer_5.0_0.3,steer_0p1,0.14,0.10000084340572357,0.08657368272542953,-0.0004363165353424847,0.22579921782016754,0.1,-0.000124320387840271,False,-0.0006131124100647867
suspended,steer_5.0_0.3,steer_0p1,0.16,0.10000014305114746,0.09040691703557968,-7.414327410515398e-05,0.16133342683315277,0.1,-2.084672451019287e-05,False,-0.0004380547325126827
suspended,steer_5.0_0.3,steer_0p1,0.18,0.10000003129243851,0.09314575791358948,-1.3677603419637308e-05,0.11527220904827118,0.1,-4.157423973083496e-06,False,-0.0003130329423584044
suspended,steer_5.0_0.3,steer_0p1,0.2,0.10000000149011612,0.0951027050614357,-2.204607426392613e-06,0.08236120641231537,0.1,-8.195638656616211e-07,False,-0.00022366104531101882
suspended,steer_7.5_0.2,steer_0p1,0.02,0.0,0.0,0.0,0.0,0.0,0.0,False,0.0
suspended,steer_7.5_0.2,steer_0p1,0.04,0.09477172791957855,0.052314650267362595,-1.50590181350708,1.845399260520935,0.1,-0.8371870517730713,False,-0.011649766005575657
suspended,steer_7.5_0.2,steer_0p1,0.06,0.10008992999792099,0.077988401055336,-0.384250670671463,0.8518377542495728,0.1,-0.14222918450832367,False,-0.005377516616135836
suspended,steer_7.5_0.2,steer_0p1,0.08,0.1000974029302597,0.089839406311512,-0.07660195231437683,0.39320996403694153,0.1,-0.024369940161705017,False,-0.002482245909050107
suspended,steer_7.5_0.2,steer_0p1,0.1,0.10002356767654419,0.09530982375144958,-0.014072042889893055,0.18150754272937775,0.1,-0.004192337393760681,False,-0.0011457788059487939
suspended,steer_7.5_0.2,steer_0p1,0.12,0.10000462830066681,0.0978349819779396,-0.0025011354591697454,0.08378547430038452,0.1,-0.0007231086492538452,False,-0.0005289175896905363
suspended,steer_7.5_0.2,steer_0p1,0.14,0.10000084340572357,0.09900058805942535,-0.0004363165353424847,0.03867677226662636,0.1,-0.000124320387840271,False,-0.00024417589884251356
suspended,steer_7.5_0.2,steer_0p1,0.16,0.10000014305114746,0.09953870624303818,-7.414327410515398e-05,0.01785191334784031,0.1,-2.084672451019287e-05,False,-0.0001126990609918721
suspended,steer_7.5_0.2,steer_0p1,0.18,0.10000003129243851,0.09978705644607544,-1.3677603419637308e-05,0.008240788243710995,0.1,-4.157423973083496e-06,False,-5.2032653911737725e-05
suspended,steer_7.5_0.2,steer_0p1,0.2,0.10000000149011612,0.0999017134308815,-2.204607426392613e-06,0.003803628496825695,0.1,-8.195638656616211e-07,False,-2.397295793343801e-05
suspended,rear0.005_steer10.0,rear_24,0.02,0.0,0.0,0.0,0.0,0.0,0.0,False,-0.0
suspended,rear0.005_steer10.0,rear_24,0.04,0.24270179867744446,0.053951505571603775,-0.00030761718517169356,5.1701483726501465,24.0,-6.0,False,0.09468671679496765
suspended,rear0.005_steer10.0,rear_24,0.06,0.4854050576686859,0.1996837556362152,-0.0001464843808207661,9.226552963256836,24.0,-6.0,False,0.07428894937038422
suspended,rear0.005_steer10.0,rear_24,0.08,0.7281119227409363,0.41742557287216187,5.859373777639121e-05,12.409128189086914,24.0,-6.0,False,0.058285195380449295
suspended,rear0.005_steer10.0,rear_24,0.1,0.9708260893821716,0.6916638612747192,0.0003686523123178631,14.906111717224121,24.0,-6.0,False,0.04572901874780655
suspended,rear0.005_steer10.0,rear_24,0.12,1.2135475873947144,1.0102298259735107,0.0008056639926508069,16.865211486816406,24.0,-6.0,False,0.03587757796049118
suspended,rear0.005_steer10.0,rear_24,0.14,1.4562809467315674,1.363573670387268,0.0013806151691824198,18.402273178100586,24.0,-6.0,False,0.02814842388033867
suspended,rear0.005_steer10.0,rear_24,0.16,1.6990255117416382,1.744204044342041,0.0019677733071148396,19.60822296142578,24.0,-6.0,False,0.022084243595600128
suspended,rear0.005_steer10.0,rear_24,0.18,1.9417868852615356,2.1462416648864746,0.002860107459127903,20.554407119750977,24.0,-6.0,False,0.017326293513178825
suspended,rear0.005_steer10.0,rear_24,0.2,2.1845602989196777,2.5650763511657715,0.003082275390625,21.296751022338867,24.0,-6.0,False,0.013593384996056557
suspended,rear0.005_steer10.0,rear_6,0.02,0.0,0.0,0.0,0.0,0.0,0.0,False,-0.0
suspended,rear0.005_steer10.0,rear_6,0.04,0.24270179867744446,0.013487872667610645,-0.00030761718517169356,1.292536735534668,6.0,-6.0,False,0.023671681061387062
suspended,rear0.005_steer10.0,rear_6,0.06,0.4854050576686859,0.04992089793086052,-0.0001464843808207661,2.306633472442627,6.0,-6.0,False,0.018572255969047546
suspended,rear0.005_steer10.0,rear_6,0.08,0.7281119227409363,0.10435619205236435,5.859373777639121e-05,3.1022698879241943,6.0,-6.0,False,0.01457135658711195
suspended,rear0.005_steer10.0,rear_6,0.1,0.9708260893821716,0.17291554808616638,0.0003686523123178631,3.7265076637268066,6.0,-6.0,False,0.011432349681854248
suspended,rear0.005_steer10.0,rear_6,0.12,1.2135475873947144,0.2525564730167389,0.0008056639926508069,4.216270923614502,6.0,-6.0,False,0.008969555608928204
suspended,rear0.005_steer10.0,rear_6,0.14,1.4562809467315674,0.34089162945747375,0.0013806151691824198,4.600526809692383,6.0,-6.0,False,0.007037302479147911
suspended,rear0.005_steer10.0,rear_6,0.16,1.6990255117416382,0.4360482394695282,0.0019677733071148396,4.902007579803467,6.0,-6.0,False,0.005521301180124283
suspended,rear0.005_steer10.0,rear_6,0.18,1.9417868852615356,0.5365567803382874,0.002860107459127903,5.138544082641602,6.0,-6.0,False,0.004331863485276699
suspended,rear0.005_steer10.0,rear_6,0.2,2.1845602989196777,0.6412641406059265,0.003082275390625,5.324120044708252,6.0,-6.0,False,0.003398689441382885
suspended,rear0.005_steer10.0,steer_0p2,0.02,0.0,0.0,0.0,0.0,0.0,0.0,False,0.0
suspended,rear0.005_steer10.0,steer_0p2,0.04,0.1873321235179901,0.17790743708610535,-0.7915026545524597,2.761291027069092,0.2,-0.9373428821563721,False,-0.058530293405056
suspended,rear0.005_steer10.0,steer_0p2,0.06,0.19952861964702606,0.1981702446937561,-0.3513457775115967,0.22880572080612183,0.2,-0.1578032672405243,False,-0.0048617348074913025
suspended,rear0.005_steer10.0,steer_0p2,0.08,0.20006011426448822,0.19984853267669678,-0.07837433367967606,0.018943149596452713,0.2,-0.02691623568534851,False,-0.00040265967254526913
suspended,rear0.005_steer10.0,steer_0p2,0.1,0.20002205669879913,0.1999874711036682,-0.014994539320468903,0.0015683503588661551,0.2,-0.004620760679244995,False,-3.339366230648011e-05
suspended,rear0.005_steer10.0,steer_0p2,0.12,0.20000477135181427,0.19999918341636658,-0.0027060958091169596,0.0001247114996658638,0.2,-0.0007946193218231201,False,-3.646438017312903e-06
suspended,rear0.005_steer10.0,steer_0p2,0.14,0.20000091195106506,0.19999922811985016,-0.0004815738648176193,7.320393342524767e-05,0.2,-0.000138014554977417,False,-1.7214615150029644e-11
suspended,rear0.005_steer10.0,steer_0p2,0.16,0.20000016689300537,0.19999922811985016,-8.467042061965913e-05,7.320381700992584e-05,0.2,-2.4050474166870117e-05,False,-1.846542883876534e-12
suspended,rear0.005_steer10.0,steer_0p2,0.18,0.20000003278255463,0.19999922811985016,-1.3351682355278172e-05,7.320381700992584e-05,0.2,-3.546476364135742e-06,False,-1.6456828304603488e-12
suspended,rear0.005_steer10.0,steer_0p2,0.2,0.20000000298023224,0.19999922811985016,-4.049151357321534e-06,7.320381700992584e-05,0.2,-1.4007091522216797e-06,False,-1.7095928622409828e-12
suspended,rear0.005_steer10.0,steer_neg0p08,0.02,0.0,0.0,0.0,0.0,0.0,0.0,False,0.0
suspended,rear0.005_steer10.0,steer_neg0p08,0.04,-0.07581744343042374,-0.07116297632455826,1.2047630548477173,-1.1045153141021729,-0.08,0.6697585582733154,False,0.023412076756358147
suspended,rear0.005_steer10.0,steer_neg0p08,0.06,-0.08007194846868515,-0.07926805317401886,0.30740460753440857,-0.09152616560459137,-0.08,0.11378404498100281,False,0.0019446228398010135
suspended,rear0.005_steer10.0,steer_neg0p08,0.08,-0.08007791638374329,-0.07993938028812408,0.06128278002142906,-0.007580738514661789,-0.08,0.019496411085128784,False,0.00016107877308968455
suspended,rear0.005_steer10.0,steer_neg0p08,0.1,-0.08001885563135147,-0.07999496906995773,0.011260410770773888,-0.0006285186391323805,-0.08,0.0033548176288604736,False,1.3261505955597386e-05
suspended,rear0.005_steer10.0,steer_neg0p08,0.12,-0.08000370115041733,-0.07999961078166962,0.0020011039450764656,-4.522424205788411e-05,-0.08,0.0005787312984466553,False,1.2698192222160287e-06
suspended,rear0.005_steer10.0,steer_neg0p08,0.14,-0.08000067621469498,-0.07999961078166962,0.0003514768905006349,-3.66018975910265e-05,-0.08,0.00010034441947937012,False,3.112189976214874e-12
suspended,rear0.005_steer10.0,steer_neg0p08,0.16,-0.08000011742115021,-0.07999961078166962,6.124151695985347e-05,-3.660188667709008e-05,-0.08,1.7374753952026367e-05,False,7.395302360942158e-13
suspended,rear0.005_steer10.0,steer_neg0p08,0.18,-0.08000001311302185,-0.07999961078166962,9.768135896592867e-06,-3.6601890315068886e-05,-0.08,2.771615982055664e-06,False,6.984452079195069e-13
suspended,rear0.005_steer10.0,steer_neg0p08,0.2,-0.07999999821186066,-0.07999961078166962,-4.645148692361545e-07,-3.6601890315068886e-05,-0.08,-2.086162567138672e-07,False,6.973039225026401e-13
suspended,rear0.005_steer2.5,rear_24,0.02,0.0,0.0,0.0,0.0,0.0,0.0,False,-0.0
suspended,rear0.005_steer2.5,rear_24,0.04,0.24270179867744446,0.053951505571603775,-0.00030761718517169356,5.1701483726501465,24.0,-6.0,False,0.09468671679496765
suspended,rear0.005_steer2.5,rear_24,0.06,0.4854050576686859,0.1996837556362152,-0.0001464843808207661,9.226552963256836,24.0,-6.0,False,0.07428894937038422
suspended,rear0.005_steer2.5,rear_24,0.08,0.7281119227409363,0.41742557287216187,5.859373777639121e-05,12.409128189086914,24.0,-6.0,False,0.058285195380449295
suspended,rear0.005_steer2.5,rear_24,0.1,0.9708260893821716,0.6916638612747192,0.0003686523123178631,14.906111717224121,24.0,-6.0,False,0.04572901874780655
suspended,rear0.005_steer2.5,rear_24,0.12,1.2135475873947144,1.0102298259735107,0.0008056639926508069,16.865211486816406,24.0,-6.0,False,0.03587757796049118
suspended,rear0.005_steer2.5,rear_24,0.14,1.4562809467315674,1.363573670387268,0.0013806151691824198,18.402273178100586,24.0,-6.0,False,0.02814842388033867
suspended,rear0.005_steer2.5,rear_24,0.16,1.6990255117416382,1.744204044342041,0.0019677733071148396,19.60822296142578,24.0,-6.0,False,0.022084243595600128
suspended,rear0.005_steer2.5,rear_24,0.18,1.9417868852615356,2.1462416648864746,0.002860107459127903,20.554407119750977,24.0,-6.0,False,0.017326293513178825
suspended,rear0.005_steer2.5,rear_24,0.2,2.1845602989196777,2.5650763511657715,0.003082275390625,21.296751022338867,24.0,-6.0,False,0.013593384996056557
suspended,rear0.005_steer2.5,rear_6,0.02,0.0,0.0,0.0,0.0,0.0,0.0,False,-0.0
suspended,rear0.005_steer2.5,rear_6,0.04,0.24270179867744446,0.013487872667610645,-0.00030761718517169356,1.292536735534668,6.0,-6.0,False,0.023671681061387062
suspended,rear0.005_steer2.5,rear_6,0.06,0.4854050576686859,0.04992089793086052,-0.0001464843808207661,2.306633472442627,6.0,-6.0,False,0.018572255969047546
suspended,rear0.005_steer2.5,rear_6,0.08,0.7281119227409363,0.10435619205236435,5.859373777639121e-05,3.1022698879241943,6.0,-6.0,False,0.01457135658711195
suspended,rear0.005_steer2.5,rear_6,0.1,0.9708260893821716,0.17291554808616638,0.0003686523123178631,3.7265076637268066,6.0,-6.0,False,0.011432349681854248
suspended,rear0.005_steer2.5,rear_6,0.12,1.2135475873947144,0.2525564730167389,0.0008056639926508069,4.216270923614502,6.0,-6.0,False,0.008969555608928204
suspended,rear0.005_steer2.5,rear_6,0.14,1.4562809467315674,0.34089162945747375,0.0013806151691824198,4.600526809692383,6.0,-6.0,False,0.007037302479147911
suspended,rear0.005_steer2.5,rear_6,0.16,1.6990255117416382,0.4360482394695282,0.0019677733071148396,4.902007579803467,6.0,-6.0,False,0.005521301180124283
suspended,rear0.005_steer2.5,rear_6,0.18,1.9417868852615356,0.5365567803382874,0.002860107459127903,5.138544082641602,6.0,-6.0,False,0.004331863485276699
suspended,rear0.005_steer2.5,rear_6,0.2,2.1845602989196777,0.6412641406059265,0.003082275390625,5.324120044708252,6.0,-6.0,False,0.003398689441382885
suspended,rear0.005_steer2.5,steer_0p2,0.02,0.0,0.0,0.0,0.0,0.0,0.0,False,0.0
suspended,rear0.005_steer2.5,steer_0p2,0.04,0.1873321235179901,0.023106804117560387,-0.7915026545524597,1.1083630323410034,0.2,-0.9373428821563721,False,-0.0011156718246638775
suspended,rear0.005_steer2.5,steer_0p2,0.06,0.19952861964702606,0.043937548995018005,-0.3513457775115967,0.9778439402580261,0.2,-0.1578032672405243,False,-0.000984238344244659
suspended,rear0.005_steer2.5,steer_0p2,0.08,0.20006011426448822,0.06231527402997017,-0.07837433367967606,0.8626939654350281,0.2,-0.02691623568534851,False,-0.0008683089981786907
suspended,rear0.005_steer2.5,steer_0p2,0.1,0.20002205669879913,0.07852886617183685,-0.014994539320468903,0.7611044049263,0.2,-0.004620760679244995,False,-0.0007661483250558376
suspended,rear0.005_steer2.5,steer_0p2,0.12,0.20000477135181427,0.09283316135406494,-0.0027060958091169596,0.6714771389961243,0.2,-0.0007946193218231201,False,-0.0006760064861737192
suspended,rear0.005_steer2.5,steer_0p2,0.14,0.20000091195106506,0.10545314103364944,-0.0004815738648176193,0.5924042463302612,0.2,-0.000138014554977417,False,-0.0005963260191492736
suspended,rear0.005_steer2.5,steer_0p2,0.16,0.20000016689300537,0.11658688634634018,-8.467042061965913e-05,0.522643506526947,0.2,-2.4050474166870117e-05,False,-0.0005260302568785846
suspended,rear0.005_steer2.5,steer_0p2,0.18,0.20000003278255463,0.12640954554080963,-1.3351682355278172e-05,0.4610973596572876,0.2,-3.546476364135742e-06,False,-0.00046417018165811896
suspended,rear0.005_steer2.5,steer_0p2,0.2,0.20000000298023224,0.13507544994354248,-4.049151357321534e-06,0.4067990481853485,0.2,-1.4007091522216797e-06,False,-0.0004095113545190543
suspended,rear0.005_steer2.5,steer_neg0p08,0.02,0.0,0.0,0.0,0.0,0.0,0.0,False,0.0
suspended,rear0.005_steer2.5,steer_neg0p08,0.04,-0.07581744343042374,-0.00924271997064352,1.2047630548477173,-0.44334515929222107,-0.08,0.6697585582733154,False,0.00044632708886638284
suspended,rear0.005_steer2.5,steer_neg0p08,0.06,-0.08007194846868515,-0.017575014382600784,0.30740460753440857,-0.3911374807357788,-0.08,0.11378404498100281,False,0.0003937091678380966
suspended,rear0.005_steer2.5,steer_neg0p08,0.08,-0.08007791638374329,-0.024926122277975082,0.06128278002142906,-0.3450775146484375,-0.08,0.019496411085128784,False,0.00034733553184196353
suspended,rear0.005_steer2.5,steer_neg0p08,0.1,-0.08001885563135147,-0.03141157329082489,0.011260410770773888,-0.3044414520263672,-0.08,0.0033548176288604736,False,0.00030645716469734907
suspended,rear0.005_steer2.5,steer_neg0p08,0.12,-0.08000370115041733,-0.03713330999016762,0.0020011039450764656,-0.2685905694961548,-0.08,0.0005787312984466553,False,0.0002704010403249413
suspended,rear0.005_steer2.5,steer_neg0p08,0.14,-0.08000067621469498,-0.042181264609098434,0.0003514768905006349,-0.2369614839553833,-0.08,0.00010034441947937012,False,0.00023855321342125535
suspended,rear0.005_steer2.5,steer_neg0p08,0.16,-0.08000011742115021,-0.046634748578071594,6.124151695985347e-05,-0.20905719697475433,-0.08,1.7374753952026367e-05,False,0.0002104543091263622
suspended,rear0.005_steer2.5,steer_neg0p08,0.18,-0.08000001311302185,-0.05056380107998848,9.768135896592867e-06,-0.18443898856639862,-0.08,2.771615982055664e-06,False,0.0001856465678429231
suspended,rear0.005_steer2.5,steer_neg0p08,0.2,-0.07999999821186066,-0.0540301688015461,-4.645148692361545e-07,-0.1627196967601776,-0.08,-2.086162567138672e-07,False,0.00016379733278881758
suspended,rear0.005_steer10.0,rear_12_t0,0.02,0.24270179867744446,0.02697574533522129,-0.00030761718517169356,2.585073709487915,12.0,-6.0,False,0.047343362122774124
suspended,rear0.005_steer10.0,rear_12_t0,0.04,0.4854050576686859,0.09984181076288223,-0.0001464843808207661,4.613269329071045,12.0,-6.0,False,0.037144508212804794
suspended,rear0.005_steer10.0,rear_12_t0,0.06,0.7281119227409363,0.20871247351169586,5.859373777639121e-05,6.204545974731445,12.0,-6.0,False,0.02914269082248211
suspended,rear0.005_steer10.0,rear_12_t0,0.08,0.9708260893821716,0.34583136439323425,0.0003686523123178631,7.453033924102783,12.0,-6.0,False,0.022864604368805885
suspended,rear0.005_steer10.0,rear_12_t0,0.1,1.2135475873947144,0.5051138401031494,0.0008056639926508069,8.432568550109863,12.0,-6.0,False,0.017938967794179916
suspended,rear0.005_steer10.0,rear_12_t0,0.12,1.4562809467315674,0.6817849278450012,0.0013806151691824198,9.20110034942627,12.0,-6.0,False,0.01407439075410366
suspended,rear0.005_steer10.0,rear_12_t0,0.14,1.6990255117416382,0.8720992803573608,0.0019677733071148396,9.80407428741455,12.0,-6.0,False,0.01104230061173439
suspended,rear0.005_steer10.0,rear_12_t0,0.16,1.9417868852615356,1.0731176137924194,0.002860107459127903,10.277153968811035,12.0,-6.0,False,0.008663391694426537
suspended,rear0.005_steer10.0,rear_12_t0,0.18,2.1845602989196777,1.2825336456298828,0.003082275390625,10.648314476013184,12.0,-6.0,False,0.006797007750719786
suspended,rear0.005_steer10.0,rear_12_t0,0.2,2.4273431301116943,1.4985387325286865,0.003673095488920808,10.939522743225098,12.0,-6.0,False,0.005332643166184425
suspended,rear0.005_steer10.0,steer_0p1_t0,0.02,0.09477172791957855,0.08895371854305267,-1.50590181350708,1.3806451559066772,0.1,-0.8371870517730713,False,-0.029265161603689194
suspended,rear0.005_steer10.0,steer_0p1_t0,0.04,0.10008992999792099,0.09908512234687805,-0.384250670671463,0.11440282315015793,0.1,-0.14222918450832367,False,-0.0024308781139552593
suspended,rear0.005_steer10.0,steer_0p1_t0,0.06,0.1000974029302597,0.09992426633834839,-0.07660195231437683,0.00947157759219408,0.1,-0.024369940161705017,False,-0.00020132951613049954
suspended,rear0.005_steer10.0,steer_0p1_t0,0.08,0.10002356767654419,0.0999937355518341,-0.014072042889893055,0.0007841750048100948,0.1,-0.004192337393760681,False,-1.6696836610208265e-05
suspended,rear0.005_steer10.0,steer_0p1_t0,0.1,0.10000462830066681,0.09999959170818329,-0.0025011354591697454,6.235574255697429e-05,0.1,-0.0007231086492538452,False,-1.82321957709064e-06
suspended,rear0.005_steer10.0,steer_0p1_t0,0.12,0.10000084340572357,0.09999961405992508,-0.0004363165353424847,3.660195943666622e-05,0.1,-0.000124320387840271,False,-9.540854217782169e-12
suspended,rear0.005_steer10.0,steer_0p1_t0,0.14,0.10000014305114746,0.09999961405992508,-7.414327410515398e-05,3.66018975910265e-05,0.1,-2.084672451019287e-05,False,-7.087165056207656e-13
suspended,rear0.005_steer10.0,steer_0p1_t0,0.16,0.10000003129243851,0.09999961405992508,-1.3677603419637308e-05,3.66018975910265e-05,0.1,-4.157423973083496e-06,False,-9.734866992378022e-13
suspended,rear0.005_steer10.0,steer_0p1_t0,0.18,0.10000000149011612,0.09999961405992508,-2.204607426392613e-06,3.66018975910265e-05,0.1,-8.195638656616211e-07,False,-8.445254044697759e-13
suspended,rear0.005_steer10.0,steer_0p1_t0,0.2,0.10000000149011612,0.09999961405992508,-2.2046158392186044e-06,3.66018975910265e-05,0.1,-7.003545761108398e-07,False,-8.159941364098422e-13
suspended,rear0.005_steer2.5,rear_12_t0,0.02,0.24270179867744446,0.02697574533522129,-0.00030761718517169356,2.585073709487915,12.0,-6.0,False,0.047343362122774124
suspended,rear0.005_steer2.5,rear_12_t0,0.04,0.4854050576686859,0.09984181076288223,-0.0001464843808207661,4.613269329071045,12.0,-6.0,False,0.037144508212804794
suspended,rear0.005_steer2.5,rear_12_t0,0.06,0.7281119227409363,0.20871247351169586,5.859373777639121e-05,6.204545974731445,12.0,-6.0,False,0.02914269082248211
suspended,rear0.005_steer2.5,rear_12_t0,0.08,0.9708260893821716,0.34583136439323425,0.0003686523123178631,7.453033924102783,12.0,-6.0,False,0.022864604368805885
suspended,rear0.005_steer2.5,rear_12_t0,0.1,1.2135475873947144,0.5051138401031494,0.0008056639926508069,8.432568550109863,12.0,-6.0,False,0.017938967794179916
suspended,rear0.005_steer2.5,rear_12_t0,0.12,1.4562809467315674,0.6817849278450012,0.0013806151691824198,9.20110034942627,12.0,-6.0,False,0.01407439075410366
suspended,rear0.005_steer2.5,rear_12_t0,0.14,1.6990255117416382,0.8720992803573608,0.0019677733071148396,9.80407428741455,12.0,-6.0,False,0.01104230061173439
suspended,rear0.005_steer2.5,rear_12_t0,0.16,1.9417868852615356,1.0731176137924194,0.002860107459127903,10.277153968811035,12.0,-6.0,False,0.008663391694426537
suspended,rear0.005_steer2.5,rear_12_t0,0.18,2.1845602989196777,1.2825336456298828,0.003082275390625,10.648314476013184,12.0,-6.0,False,0.006797007750719786
suspended,rear0.005_steer2.5,rear_12_t0,0.2,2.4273431301116943,1.4985387325286865,0.003673095488920808,10.939522743225098,12.0,-6.0,False,0.005332643166184425
suspended,rear0.005_steer2.5,steer_0p1_t0,0.02,0.09477172791957855,0.011553403921425343,-1.50590181350708,0.5541815161705017,0.1,-0.8371870517730713,False,-0.0005578759009949863
suspended,rear0.005_steer2.5,steer_0p1_t0,0.04,0.10008992999792099,0.0219687782227993,-0.384250670671463,0.48892173171043396,0.1,-0.14222918450832367,False,-0.0004921668441966176
suspended,rear0.005_steer2.5,steer_0p1_t0,0.06,0.1000974029302597,0.031157638877630234,-0.07660195231437683,0.4313468933105469,0.1,-0.024369940161705017,False,-0.00043419277062639594
suspended,rear0.005_steer2.5,steer_0p1_t0,0.08,0.10002356767654419,0.039264433085918427,-0.014072042889893055,0.3805523216724396,0.1,-0.004192337393760681,False,-0.00038307136856019497
suspended,rear0.005_steer2.5,steer_0p1_t0,0.1,0.10000462830066681,0.04641658067703247,-0.0025011354591697454,0.3357386291027069,0.1,-0.0007231086492538452,False,-0.00033795778290368617
suspended,rear0.005_steer2.5,steer_0p1_t0,0.12,0.10000084340572357,0.05272657051682472,-0.0004363165353424847,0.2962019443511963,0.1,-0.000124320387840271,False,-0.00029817677568644285
suspended,rear0.005_steer2.5,steer_0p1_t0,0.14,0.10000014305114746,0.05829343944787979,-7.414327410515398e-05,0.26132166385650635,0.1,-2.084672451019287e-05,False,-0.00026304935454390943
suspended,rear0.005_steer2.5,steer_0p1_t0,0.16,0.10000003129243851,0.06320476531982422,-1.3677603419637308e-05,0.23054856061935425,0.1,-4.157423973083496e-06,False,-0.00023210559447761625
suspended,rear0.005_steer2.5,steer_0p1_t0,0.18,0.10000000149011612,0.06753771752119064,-2.204607426392613e-06,0.20339956879615784,0.1,-8.195638656616211e-07,False,-0.0002047534508164972
suspended,rear0.005_steer2.5,steer_0p1_t0,0.2,0.10000000149011612,0.07136043906211853,-2.2046158392186044e-06,0.17944736778736115,0.1,-7.003545761108398e-07,False,-0.0001806597865652293
suspended,rear5.0_steer10.0,rear_12_t0,0.02,0.24270179867744446,0.23901179432868958,-0.00030761718517169356,11.999999046325684,12.0,-6.0,False,2.3283375583105226e-07
suspended,rear5.0_steer10.0,rear_12_t0,0.04,0.4854050576686859,0.47901347279548645,-0.0001464843808207661,11.99999713897705,12.0,-6.0,False,-2.3282636618660035e-07
suspended,rear5.0_steer10.0,rear_12_t0,0.06,0.7281119227409363,0.7190151214599609,5.859373777639121e-05,11.999999046325684,12.0,-6.0,False,-2.3283421057840314e-07
suspended,rear5.0_steer10.0,rear_12_t0,0.08,0.9708260893821716,0.9590167999267578,0.0003686523123178631,12.0,12.0,-6.0,False,9.313199029747921e-07
suspended,rear5.0_steer10.0,rear_12_t0,0.1,1.2135475873947144,1.1990026235580444,0.0008056639926508069,11.999999046325684,12.0,-6.0,False,-9.313251325693273e-07
suspended,rear5.0_steer10.0,rear_12_t0,0.12,1.4562809467315674,1.4389852285385132,0.0013806151691824198,11.99999713897705,12.0,-6.0,False,-2.3283303107746178e-07
suspended,rear5.0_steer10.0,rear_12_t0,0.14,1.6990255117416382,1.678967833518982,0.0019677733071148396,11.99999713897705,12.0,-6.0,False,-1.3969867040941608e-06
suspended,rear5.0_steer10.0,rear_12_t0,0.16,1.9417868852615356,1.9189504384994507,0.002860107459127903,12.0,12.0,-6.0,False,4.656594683183357e-07
suspended,rear5.0_steer10.0,rear_12_t0,0.18,2.1845602989196777,2.1589581966400146,0.003082275390625,12.0,12.0,-6.0,False,6.984887477301527e-07
suspended,rear5.0_steer10.0,rear_12_t0,0.2,2.4273431301116943,2.3989789485931396,0.003673095488920808,11.999999046325684,12.0,-6.0,False,9.31320755626075e-07
suspended,rear5.0_steer10.0,steer_0p1_t0,0.02,0.09477172791957855,0.08895371854305267,-1.50590181350708,1.3806451559066772,0.1,-0.8371870517730713,False,-0.029265161603689194
suspended,rear5.0_steer10.0,steer_0p1_t0,0.04,0.10008992999792099,0.09908512234687805,-0.384250670671463,0.11440282315015793,0.1,-0.14222918450832367,False,-0.0024308781139552593
suspended,rear5.0_steer10.0,steer_0p1_t0,0.06,0.1000974029302597,0.09992426633834839,-0.07660195231437683,0.00947157759219408,0.1,-0.024369940161705017,False,-0.00020132951613049954
suspended,rear5.0_steer10.0,steer_0p1_t0,0.08,0.10002356767654419,0.0999937355518341,-0.014072042889893055,0.0007841750048100948,0.1,-0.004192337393760681,False,-1.6696836610208265e-05
suspended,rear5.0_steer10.0,steer_0p1_t0,0.1,0.10000462830066681,0.09999959170818329,-0.0025011354591697454,6.235574255697429e-05,0.1,-0.0007231086492538452,False,-1.82321957709064e-06
suspended,rear5.0_steer10.0,steer_0p1_t0,0.12,0.10000084340572357,0.09999961405992508,-0.0004363165353424847,3.660195943666622e-05,0.1,-0.000124320387840271,False,-9.540854217782169e-12
suspended,rear5.0_steer10.0,steer_0p1_t0,0.14,0.10000014305114746,0.09999961405992508,-7.414327410515398e-05,3.66018975910265e-05,0.1,-2.084672451019287e-05,False,-7.087165056207656e-13
suspended,rear5.0_steer10.0,steer_0p1_t0,0.16,0.10000003129243851,0.09999961405992508,-1.3677603419637308e-05,3.66018975910265e-05,0.1,-4.157423973083496e-06,False,-9.734866992378022e-13
suspended,rear5.0_steer10.0,steer_0p1_t0,0.18,0.10000000149011612,0.09999961405992508,-2.204607426392613e-06,3.66018975910265e-05,0.1,-8.195638656616211e-07,False,-8.445254044697759e-13
suspended,rear5.0_steer10.0,steer_0p1_t0,0.2,0.10000000149011612,0.09999961405992508,-2.2046158392186044e-06,3.66018975910265e-05,0.1,-7.003545761108398e-07,False,-8.159941364098422e-13
suspended,rear5.0_steer2.5,rear_12_t0,0.02,0.24270179867744446,0.23901179432868958,-0.00030761718517169356,11.999999046325684,12.0,-6.0,False,2.3283375583105226e-07
suspended,rear5.0_steer2.5,rear_12_t0,0.04,0.4854050576686859,0.47901347279548645,-0.0001464843808207661,11.99999713897705,12.0,-6.0,False,-2.3282636618660035e-07
suspended,rear5.0_steer2.5,rear_12_t0,0.06,0.7281119227409363,0.7190151214599609,5.859373777639121e-05,11.999999046325684,12.0,-6.0,False,-2.3283421057840314e-07
suspended,rear5.0_steer2.5,rear_12_t0,0.08,0.9708260893821716,0.9590167999267578,0.0003686523123178631,12.0,12.0,-6.0,False,9.313199029747921e-07
suspended,rear5.0_steer2.5,rear_12_t0,0.1,1.2135475873947144,1.1990026235580444,0.0008056639926508069,11.999999046325684,12.0,-6.0,False,-9.313251325693273e-07
suspended,rear5.0_steer2.5,rear_12_t0,0.12,1.4562809467315674,1.4389852285385132,0.0013806151691824198,11.99999713897705,12.0,-6.0,False,-2.3283303107746178e-07
suspended,rear5.0_steer2.5,rear_12_t0,0.14,1.6990255117416382,1.678967833518982,0.0019677733071148396,11.99999713897705,12.0,-6.0,False,-1.3969867040941608e-06
suspended,rear5.0_steer2.5,rear_12_t0,0.16,1.9417868852615356,1.9189504384994507,0.002860107459127903,12.0,12.0,-6.0,False,4.656594683183357e-07
suspended,rear5.0_steer2.5,rear_12_t0,0.18,2.1845602989196777,2.1589581966400146,0.003082275390625,12.0,12.0,-6.0,False,6.984887477301527e-07
suspended,rear5.0_steer2.5,rear_12_t0,0.2,2.4273431301116943,2.3989789485931396,0.003673095488920808,11.999999046325684,12.0,-6.0,False,9.31320755626075e-07
suspended,rear5.0_steer2.5,steer_0p1_t0,0.02,0.09477172791957855,0.011553403921425343,-1.50590181350708,0.5541815161705017,0.1,-0.8371870517730713,False,-0.0005578759009949863
suspended,rear5.0_steer2.5,steer_0p1_t0,0.04,0.10008992999792099,0.0219687782227993,-0.384250670671463,0.48892173171043396,0.1,-0.14222918450832367,False,-0.0004921668441966176
suspended,rear5.0_steer2.5,steer_0p1_t0,0.06,0.1000974029302597,0.031157638877630234,-0.07660195231437683,0.4313468933105469,0.1,-0.024369940161705017,False,-0.00043419277062639594
suspended,rear5.0_steer2.5,steer_0p1_t0,0.08,0.10002356767654419,0.039264433085918427,-0.014072042889893055,0.3805523216724396,0.1,-0.004192337393760681,False,-0.00038307136856019497
suspended,rear5.0_steer2.5,steer_0p1_t0,0.1,0.10000462830066681,0.04641658067703247,-0.0025011354591697454,0.3357386291027069,0.1,-0.0007231086492538452,False,-0.00033795778290368617
suspended,rear5.0_steer2.5,steer_0p1_t0,0.12,0.10000084340572357,0.05272657051682472,-0.0004363165353424847,0.2962019443511963,0.1,-0.000124320387840271,False,-0.00029817677568644285
suspended,rear5.0_steer2.5,steer_0p1_t0,0.14,0.10000014305114746,0.05829343944787979,-7.414327410515398e-05,0.26132166385650635,0.1,-2.084672451019287e-05,False,-0.00026304935454390943
suspended,rear5.0_steer2.5,steer_0p1_t0,0.16,0.10000003129243851,0.06320476531982422,-1.3677603419637308e-05,0.23054856061935425,0.1,-4.157423973083496e-06,False,-0.00023210559447761625
suspended,rear5.0_steer2.5,steer_0p1_t0,0.18,0.10000000149011612,0.06753771752119064,-2.204607426392613e-06,0.20339956879615784,0.1,-8.195638656616211e-07,False,-0.0002047534508164972
suspended,rear5.0_steer2.5,steer_0p1_t0,0.2,0.10000000149011612,0.07136043906211853,-2.2046158392186044e-06,0.17944736778736115,0.1,-7.003545761108398e-07,False,-0.0001806597865652293
loaded,rear0.005_steer10.0,rear_12,0.02,0.04091858118772507,7.356383058265692e-09,10.837182998657227,3.6471703879215056e-07,0.0,6.0,False,-1.8342624086287174e-09
loaded,rear0.005_steer10.0,rear_12,0.04,0.4869965612888336,0.026811955496668816,9.841411590576172,2.5682218074798584,12.0,-6.0,False,0.047428105026483536
loaded,rear0.005_steer10.0,rear_12,0.06,0.9310640692710876,0.09919795393943787,9.838066101074219,4.584238529205322,12.0,-6.0,False,0.037290461361408234
loaded,rear0.005_steer10.0,rear_12,0.08,1.3751267194747925,0.23635047674179077,9.83862018585205,25.752538681030273,12.0,-6.0,False,-0.07761278003454208
loaded,rear0.005_steer10.0,rear_12,0.1,1.6808866262435913,0.7638847231864929,19.801708221435547,24.921812057495117,12.0,6.0,False,-0.06784425675868988
loaded,rear0.005_steer10.0,rear_12,0.12,1.8493772745132446,1.285480260848999,20.868959426879883,28.74033546447754,12.0,6.0,False,-0.08417955040931702
loaded,rear0.005_steer10.0,rear_12,0.14,2.0248355865478516,1.8020966053009033,22.109872817993164,25.060277938842773,12.0,6.0,False,-0.06567415595054626
loaded,rear0.005_steer10.0,rear_12,0.16,2.227519989013672,2.2981019020080566,21.143857955932617,22.662342071533203,12.0,6.0,False,-0.06057540327310562
loaded,rear0.005_steer10.0,rear_12,0.18,2.4282379150390625,2.791663646697998,22.306617736816406,26.40403175354004,12.0,6.0,False,-0.07109984755516052
loaded,rear0.005_steer10.0,rear_12,0.2,2.6281275749206543,3.3362438678741455,23.3753719329834,16.76143455505371,12.0,6.0,False,-0.023943129926919937
loaded,rear0.005_steer10.0,steer_0p1,0.02,-4.817155058844946e-05,2.026963232676371e-12,0.028673134744167328,-2.447854696718821e-10,0.0,0.007784500252455473,False,4.148759027294835e-12
loaded,rear0.005_steer10.0,steer_0p1,0.04,0.09467571973800659,0.08895371854305267,-1.4524946212768555,1.3806450366973877,0.1,-0.8223491907119751,False,-0.02926516905426979
loaded,rear0.005_steer10.0,steer_0p1,0.06,0.09998492151498795,0.09908512234687805,-0.3261069357395172,0.11440283805131912,0.1,-0.12605153024196625,False,-0.002430880442261696
loaded,rear0.005_steer10.0,steer_0p1,0.08,0.09999070316553116,0.09942714869976044,-0.022820627316832542,-1.6571485996246338,0.1,-0.007947072386741638,False,0.02578449249267578
loaded,rear0.005_steer10.0,steer_0p1,0.1,0.09970800578594208,0.09943735599517822,0.040808871388435364,0.08005070686340332,0.1,0.005611971020698547,False,0.00066422950476408
loaded,rear0.005_steer10.0,steer_0p1,0.12,0.09980565309524536,0.09947741776704788,0.0199234988540411,0.04721695929765701,0.1,0.008952513337135315,False,0.000942976854275912
loaded,rear0.005_steer10.0,steer_0p1,0.14,0.09977798908948898,0.09972351789474487,-0.0032212689984589815,0.009119929745793343,0.1,0.0030344873666763306,False,0.002536148764193058
loaded,rear0.005_steer10.0,steer_0p1,0.16,0.09960171580314636,0.09671422094106674,0.05712762102484703,0.36121588945388794,0.1,0.02305610477924347,False,-0.002346531255170703
loaded,rear0.005_steer10.0,steer_0p1,0.18,0.09977070242166519,0.09617675840854645,-0.04180882126092911,-1.0841883420944214,0.1,-0.008750662207603455,False,0.1906219720840454
loaded,rear0.005_steer10.0,steer_0p1,0.2,0.09951772540807724,0.09438209980726242,0.06449233740568161,0.4129303991794586,0.1,0.01979871094226837,False,0.022359011694788933
loaded,rear0.005_steer2.5,rear_12,0.02,0.04091858118772507,7.356382614176482e-09,10.837182998657227,3.6471701037044113e-07,0.0,6.0,False,-1.8342617424949026e-09
loaded,rear0.005_steer2.5,rear_12,0.04,0.4869965612888336,0.026811955496668816,9.841411590576172,2.5682218074798584,12.0,-6.0,False,0.047428105026483536
loaded,rear0.005_steer2.5,rear_12,0.06,0.9310640692710876,0.09919795393943787,9.838066101074219,4.584238529205322,12.0,-6.0,False,0.03729046881198883
loaded,rear0.005_steer2.5,rear_12,0.08,1.3751267194747925,0.23631180822849274,9.83862018585205,25.804624557495117,12.0,-6.0,False,-0.07753748446702957
loaded,rear0.005_steer2.5,rear_12,0.1,1.6808866262435913,0.7632572650909424,19.801708221435547,24.94723892211914,12.0,6.0,False,-0.06510577350854874
loaded,rear0.005_steer2.5,rear_12,0.12,1.8493772745132446,1.2909060716629028,20.868959426879883,25.775142669677734,12.0,6.0,False,-0.06926889717578888
loaded,rear0.005_steer2.5,rear_12,0.14,2.0248355865478516,1.798514485359192,22.109872817993164,26.339719772338867,12.0,6.0,False,-0.07210788130760193
loaded,rear0.005_steer2.5,rear_12,0.16,2.227519989013672,2.3021042346954346,21.143857955932617,25.077152252197266,12.0,6.0,False,-0.06575907766819
loaded,rear0.005_steer2.5,rear_12,0.18,2.4282379150390625,2.821439504623413,22.306617736816406,33.173828125,12.0,6.0,False,-0.10647351294755936
loaded,rear0.005_steer2.5,rear_12,0.2,2.6281275749206543,3.378272533416748,23.3753719329834,30.812265396118164,12.0,6.0,False,-0.09459827840328217
loaded,rear0.005_steer2.5,steer_0p1,0.02,-4.817155058844946e-05,2.0653455074653992e-12,0.028673134744167328,-1.7948349403940078e-11,0.0,0.007784500252455473,False,6.780651561066886e-12
loaded,rear0.005_steer2.5,steer_0p1,0.04,0.09467571973800659,0.011553403921425343,-1.4524946212768555,0.5541813969612122,0.1,-0.8223491907119751,False,-0.0005578885320574045
loaded,rear0.005_steer2.5,steer_0p1,0.06,0.09998492151498795,0.021968776360154152,-0.3261069357395172,0.4889218509197235,0.1,-0.12605153024196625,False,-0.0004921567742712796
loaded,rear0.005_steer2.5,steer_0p1,0.08,0.09999070316553116,0.03037208691239357,-0.022820627316832542,1.4603087902069092,0.1,-0.007947072386741638,False,0.2664859890937805
loaded,rear0.005_steer2.5,steer_0p1,0.1,0.09970800578594208,0.03892088308930397,0.040808871388435364,0.38256293535232544,0.1,0.005611971020698547,False,-0.00018086424097418785
loaded,rear0.005_steer2.5,steer_0p1,0.12,0.09980565309524536,0.044511087238788605,0.0199234988540411,0.3470472991466522,0.1,0.008952513337135315,False,0.0005642270552925766
loaded,rear0.005_steer2.5,steer_0p1,0.14,0.09977798908948898,0.05100467801094055,-0.0032212689984589815,0.3044399917125702,0.1,0.0030344873666763306,False,0.00017476920038461685
loaded,rear0.005_steer2.5,steer_0p1,0.16,0.09960171580314636,0.05407622829079628,0.05712762102484703,0.2866578698158264,0.1,0.02305610477924347,False,0.0013011046685278416
loaded,rear0.005_steer2.5,steer_0p1,0.18,0.09977070242166519,0.0575241781771183,-0.04180882126092911,0.26468130946159363,0.1,-0.008750662207603455,False,0.0018597447779029608
loaded,rear0.005_steer2.5,steer_0p1,0.2,0.09951772540807724,0.06242809817194939,0.06449233740568161,0.23388414084911346,0.1,0.01979871094226837,False,0.002011457458138466
loaded,rear5.0_steer10.0,rear_12,0.02,0.04091858118772507,3.736458711878221e-11,10.837182998657227,-1.2462969024851223e-12,0.0,6.0,False,4.033811507042628e-09
loaded,rear5.0_steer10.0,rear_12,0.04,0.4869965612888336,0.23900306224822998,9.841411590576172,11.999998092651367,12.0,-6.0,False,-8.381905900023412e-06
loaded,rear5.0_steer10.0,rear_12,0.06,0.9310640692710876,0.47900474071502686,9.838066101074219,11.999998092651367,12.0,-6.0,False,-2.584420690254774e-05
loaded,rear5.0_steer10.0,rear_12,0.08,1.3751267194747925,0.7434321045875549,9.83862018585205,21.80381965637207,12.0,-6.0,False,2.553955316543579
loaded,rear5.0_steer10.0,rear_12,0.1,1.6808866262435913,0.9880555868148804,19.801708221435547,12.004122734069824,12.0,6.0,False,-0.594326913356781
loaded,rear5.0_steer10.0,rear_12,0.12,1.8493772745132446,1.2335001230239868,20.868959426879883,11.999993324279785,12.0,6.0,False,0.013482289388775826
loaded,rear5.0_steer10.0,rear_12,0.14,2.0248355865478516,1.4780346155166626,22.109872817993164,11.999979972839355,12.0,6.0,False,0.049058809876441956
loaded,rear5.0_steer10.0,rear_12,0.16,2.227519989013672,1.727016806602478,21.143857955932617,20.786195755004883,12.0,6.0,False,-2.746344804763794
loaded,rear5.0_steer10.0,rear_12,0.18,2.4282379150390625,1.9677090644836426,22.306617736816406,11.999998092651367,12.0,6.0,False,0.0005674095009453595
loaded,rear5.0_steer10.0,rear_12,0.2,2.6281275749206543,2.2142348289489746,23.3753719329834,11.988147735595703,12.0,6.0,False,-0.8901541829109192
loaded,rear5.0_steer10.0,steer_0p1,0.02,-4.817155058844946e-05,2.0343809102596477e-12,0.028673134744167328,-2.446926550270234e-10,0.0,0.007784500252455473,False,4.06866077287682e-12
loaded,rear5.0_steer10.0,steer_0p1,0.04,0.09467571973800659,0.08895371854305267,-1.4524946212768555,1.3806451559066772,0.1,-0.8223491907119751,False,-0.02926516905426979
loaded,rear5.0_steer10.0,steer_0p1,0.06,0.09998492151498795,0.09908512234687805,-0.3261069357395172,0.11440283805131912,0.1,-0.12605153024196625,False,-0.002430880209431052
loaded,rear5.0_steer10.0,steer_0p1,0.08,0.09999070316553116,0.09941361099481583,-0.022820627316832542,-1.3107919692993164,0.1,-0.007947072386741638,False,0.028360366821289062
loaded,rear5.0_steer10.0,steer_0p1,0.1,0.09970800578594208,0.09941896051168442,0.040808871388435364,0.0466960109770298,0.1,0.005611971020698547,False,0.0017482740804553032
loaded,rear5.0_steer10.0,steer_0p1,0.12,0.09980565309524536,0.09944188594818115,0.0199234988540411,0.044628508388996124,0.1,0.008952513337135315,False,0.0017093699425458908
loaded,rear5.0_steer10.0,steer_0p1,0.14,0.09977798908948898,0.09810325503349304,-0.0032212689984589815,0.2044617384672165,0.1,0.0030344873666763306,False,-0.0008900044485926628
loaded,rear5.0_steer10.0,steer_0p1,0.16,0.09960171580314636,0.09946480393409729,0.05712762102484703,0.037795037031173706,0.1,0.02305610477924347,False,0.0022689085453748703
loaded,rear5.0_steer10.0,steer_0p1,0.18,0.09977070242166519,0.09451606124639511,-0.04180882126092911,0.32749977707862854,0.1,-0.008750662207603455,False,0.0314837321639061
loaded,rear5.0_steer10.0,steer_0p1,0.2,0.09951772540807724,0.09150075912475586,0.06449233740568161,0.5386013388633728,0.1,0.01979871094226837,False,0.04476967081427574
loaded,rear5.0_steer2.5,rear_12,0.02,0.04091858118772507,3.736469467163772e-11,10.837182998657227,-1.2740753547665906e-12,0.0,6.0,False,4.033791523028185e-09
loaded,rear5.0_steer2.5,rear_12,0.04,0.4869965612888336,0.2390030473470688,9.841411590576172,11.99999713897705,12.0,-6.0,False,-8.61473563418258e-06
loaded,rear5.0_steer2.5,rear_12,0.06,0.9310640692710876,0.47900471091270447,9.838066101074219,12.000000953674316,12.0,-6.0,False,-2.4214388758991845e-05
loaded,rear5.0_steer2.5,rear_12,0.08,1.3751267194747925,0.7434158325195312,9.83862018585205,21.826250076293945,12.0,-6.0,False,2.5712265968322754
loaded,rear5.0_steer2.5,rear_12,0.1,1.6808866262435913,0.9880396723747253,19.801708221435547,11.95531177520752,12.0,6.0,False,-0.6179502606391907
loaded,rear5.0_steer2.5,rear_12,0.12,1.8493772745132446,1.2331029176712036,20.868959426879883,11.999994277954102,12.0,6.0,False,0.01216190867125988
loaded,rear5.0_steer2.5,rear_12,0.14,2.0248355865478516,1.476820468902588,22.109872817993164,11.99998950958252,12.0,6.0,False,0.02904399111866951
loaded,rear5.0_steer2.5,rear_12,0.16,2.227519989013672,1.7210749387741089,21.143857955932617,12.041858673095703,12.0,6.0,False,-0.498232364654541
loaded,rear5.0_steer2.5,rear_12,0.18,2.4282379150390625,1.9643696546554565,22.306617736816406,12.000001907348633,12.0,6.0,False,-0.005425884388387203
loaded,rear5.0_steer2.5,rear_12,0.2,2.6281275749206543,2.2072043418884277,23.3753719329834,12.000001907348633,12.0,6.0,False,-0.006433339789509773
loaded,rear5.0_steer2.5,steer_0p1,0.02,-4.817155058844946e-05,2.0656386757328393e-12,0.028673134744167328,-1.769741818369308e-11,0.0,0.007784500252455473,False,6.6356711792003864e-12
loaded,rear5.0_steer2.5,steer_0p1,0.04,0.09467571973800659,0.011553403921425343,-1.4524946212768555,0.5541813969612122,0.1,-0.8223491907119751,False,-0.0005578804411925375
loaded,rear5.0_steer2.5,steer_0p1,0.06,0.09998492151498795,0.021968776360154152,-0.3261069357395172,0.48892176151275635,0.1,-0.12605153024196625,False,-0.0004921649233438075
loaded,rear5.0_steer2.5,steer_0p1,0.08,0.09999070316553116,0.030389567837119102,-0.022820627316832542,1.2610039710998535,0.1,-0.007947072386741638,False,0.25608164072036743
loaded,rear5.0_steer2.5,steer_0p1,0.1,0.09970800578594208,0.03891228139400482,0.040808871388435364,-5.214923858642578,0.1,0.005611971020698547,False,-0.018621981143951416
loaded,rear5.0_steer2.5,steer_0p1,0.12,0.09980565309524536,0.04342466965317726,0.0199234988540411,0.3529294431209564,0.1,0.008952513337135315,False,0.0019097640179097652
loaded,rear5.0_steer2.5,steer_0p1,0.14,0.09977798908948898,0.04772886633872986,-0.0032212689984589815,0.3166850805282593,0.1,0.0030344873666763306,False,0.015530974604189396
loaded,rear5.0_steer2.5,steer_0p1,0.16,0.09960171580314636,0.05289241299033165,0.05712762102484703,-0.5297613143920898,0.1,0.02305610477924347,False,0.2771366536617279
loaded,rear5.0_steer2.5,steer_0p1,0.18,0.09977070242166519,0.0580720491707325,-0.04180882126092911,0.26153817772865295,0.1,-0.008750662207603455,False,0.0013923072256147861
loaded,rear5.0_steer2.5,steer_0p1,0.2,0.09951772540807724,0.06071094796061516,0.06449233740568161,0.2448953241109848,0.1,0.01979871094226837,False,0.0016211695037782192
loaded,steer_10.0_0.02,steer_0p1,0.02,-4.817155058844946e-05,-4.3097574120576354e-12,0.028673134744167328,-4.6289444499691967e-10,0.0,0.007784500252455473,False,5.279877229869001e-11
loaded,steer_10.0_0.02,steer_0p1,0.04,0.09467571973800659,0.10415267944335938,-1.4524946212768555,-7.1161627769470215,0.1,-0.8223491907119751,False,0.07153750211000443
loaded,steer_10.0_0.02,steer_0p1,0.06,0.09998492151498795,0.10793936997652054,-0.3261069357395172,-0.4217773675918579,0.1,-0.12605153024196625,False,-0.07667344808578491
loaded,steer_10.0_0.02,steer_0p1,0.08,0.09999070316553116,0.09911061078310013,-0.022820627316832542,-1.5425723791122437,0.1,-0.007947072386741638,False,-0.00614166259765625
loaded,steer_10.0_0.02,steer_0p1,0.1,0.09970800578594208,0.10187610983848572,0.040808871388435364,-0.2212950885295868,0.1,0.005611971020698547,False,-0.016233211383223534
loaded,steer_10.0_0.02,steer_0p1,0.12,0.09980565309524536,0.09761476516723633,0.0199234988540411,0.4819638431072235,0.1,0.008952513337135315,False,0.01728544570505619
loaded,steer_10.0_0.02,steer_0p1,0.14,0.09977798908948898,0.09934935718774796,-0.0032212689984589815,-0.10266287624835968,0.1,0.0030344873666763306,False,0.00850428082048893
loaded,steer_10.0_0.02,steer_0p1,0.16,0.09960171580314636,0.0948665663599968,0.05712762102484703,1.2851946353912354,0.1,0.02305610477924347,False,0.03322264179587364
loaded,steer_10.0_0.02,steer_0p1,0.18,0.09977070242166519,0.09500241279602051,-0.04180882126092911,0.9266597628593445,0.1,-0.008750662207603455,False,0.03784794732928276
loaded,steer_10.0_0.02,steer_0p1,0.2,0.09951772540807724,0.08890167623758316,0.06449233740568161,-1.3021442890167236,0.1,0.01979871094226837,False,0.13777318596839905
loaded,steer_5.0_0.2,steer_0p1,0.02,-4.817155058844946e-05,3.1085919428852637e-12,0.028673134744167328,-8.971790671497004e-11,0.0,0.007784500252455473,False,3.8960618585492934e-12
loaded,steer_5.0_0.2,steer_0p1,0.04,0.09467571973800659,0.038672301918268204,-1.4524946212768555,1.5651862621307373,0.1,-0.8223491907119751,False,-0.006475939881056547
loaded,steer_5.0_0.2,steer_0p1,0.06,0.09998492151498795,0.06317399442195892,-0.3261069357395172,0.9398618936538696,0.1,-0.12605153024196625,False,-0.003888607956469059
loaded,steer_5.0_0.2,steer_0p1,0.08,0.09999070316553116,0.07696924358606339,-0.022820627316832542,-1.4810491800308228,0.1,-0.007947072386741638,False,0.14320838451385498
loaded,steer_5.0_0.2,steer_0p1,0.1,0.09970800578594208,0.08501453697681427,0.040808871388435364,0.37541863322257996,0.1,0.005611971020698547,False,0.001038476824760437
loaded,steer_5.0_0.2,steer_0p1,0.12,0.09980565309524536,0.08703707158565521,0.0199234988540411,0.3235842287540436,0.1,0.008952513337135315,False,0.0012982116313651204
loaded,steer_5.0_0.2,steer_0p1,0.14,0.09977798908948898,0.09202000498771667,-0.0032212689984589815,0.19666950404644012,0.1,0.0030344873666763306,False,0.001740410691127181
loaded,steer_5.0_0.2,steer_0p1,0.16,0.09960171580314636,0.09311705082654953,0.05712762102484703,0.1666596382856369,0.1,0.02305610477924347,False,0.002581310924142599
loaded,steer_5.0_0.2,steer_0p1,0.18,0.09977070242166519,0.09560619294643402,-0.04180882126092911,0.10298587381839752,0.1,-0.008750662207603455,False,0.002899106591939926
loaded,steer_5.0_0.2,steer_0p1,0.2,0.09951772540807724,0.09333238750696182,0.06449233740568161,0.004323363304138184,0.1,0.01979871094226837,False,0.060309767723083496
loaded,steer_5.0_0.3,steer_0p1,0.02,-4.817155058844946e-05,2.3378623256048447e-12,0.028673134744167328,-4.7100746913830704e-11,0.0,0.007784500252455473,False,5.735021832431464e-12
loaded,steer_5.0_0.3,steer_0p1,0.04,0.09467571973800659,0.027897000312805176,-1.4524946212768555,1.2126057147979736,0.1,-0.8223491907119751,False,-0.0032924346160143614
loaded,steer_5.0_0.3,steer_0p1,0.06,0.09998492151498795,0.04848264902830124,-0.3261069357395172,0.8664025068283081,0.1,-0.12605153024196625,False,-0.0023524656426161528
loaded,steer_5.0_0.3,steer_0p1,0.08,0.09999070316553116,0.062321264296770096,-0.022820627316832542,-1.4956058263778687,0.1,-0.007947072386741638,False,0.20382773876190186
loaded,steer_5.0_0.3,steer_0p1,0.1,0.09970800578594208,0.07218988984823227,0.040808871388435364,0.46685755252838135,0.1,0.005611971020698547,False,0.0025768540799617767
loaded,steer_5.0_0.3,steer_0p1,0.12,0.09980565309524536,0.07745052129030228,0.0199234988540411,0.37647467851638794,0.1,0.008952513337135315,False,0.0010985216358676553
loaded,steer_5.0_0.3,steer_0p1,0.14,0.09977798908948898,0.08377934992313385,-0.0032212689984589815,0.2702244222164154,0.1,0.0030344873666763306,False,0.0013019125908613205
loaded,steer_5.0_0.3,steer_0p1,0.16,0.09960171580314636,0.08752962946891785,0.05712762102484703,0.2049388736486435,0.1,0.02305610477924347,False,0.0031325952149927616
loaded,steer_5.0_0.3,steer_0p1,0.18,0.09977070242166519,0.08947473764419556,-0.04180882126092911,0.17187221348285675,0.1,-0.008750662207603455,False,0.003526533953845501
loaded,steer_5.0_0.3,steer_0p1,0.2,0.09951772540807724,0.08936838060617447,0.06449233740568161,0.16100859642028809,0.1,0.01979871094226837,False,0.013265610672533512
loaded,steer_7.5_0.2,steer_0p1,0.02,-4.817155058844946e-05,2.5557405584214488e-12,0.028673134744167328,-1.0930902710759582e-10,0.0,0.007784500252455473,False,4.17498978097508e-12
loaded,steer_7.5_0.2,steer_0p1,0.04,0.09467571973800659,0.052314642816782,-1.4524946212768555,1.8453996181488037,0.1,-0.8223491907119751,False,-0.011649795807898045
loaded,steer_7.5_0.2,steer_0p1,0.06,0.09998492151498795,0.0779883936047554,-0.3261069357395172,0.8518379926681519,0.1,-0.12605153024196625,False,-0.005377518944442272
loaded,steer_7.5_0.2,steer_0p1,0.08,0.09999070316553116,0.08901218324899673,-0.022820627316832542,-1.567389965057373,0.1,-0.007947072386741638,False,0.1244361400604248
loaded,steer_7.5_0.2,steer_0p1,0.1,0.09970800578594208,0.09402821958065033,0.040808871388435364,0.22288721799850464,0.1,0.005611971020698547,False,-7.88751058280468e-05
loaded,steer_7.5_0.2,steer_0p1,0.12,0.09980565309524536,0.09502509981393814,0.0199234988540411,0.1850520819425583,0.1,0.008952513337135315,False,0.0015165673103183508
loaded,steer_7.5_0.2,steer_0p1,0.14,0.09977798908948898,0.09755312651395798,-0.0032212689984589815,0.09089421480894089,0.1,0.0030344873666763306,False,0.0013776272535324097
loaded,steer_7.5_0.2,steer_0p1,0.16,0.09960171580314636,0.09605693817138672,0.05712762102484703,-3.9760899543762207,0.1,0.02305610477924347,False,0.0046912431716918945
loaded,steer_7.5_0.2,steer_0p1,0.18,0.09977070242166519,0.09672220051288605,-0.04180882126092911,0.12581107020378113,0.1,-0.008750662207603455,False,0.00022272765636444092
loaded,steer_7.5_0.2,steer_0p1,0.2,0.09951772540807724,0.09499607235193253,0.06449233740568161,0.22685827314853668,0.1,0.01979871094226837,False,-0.013479553163051605
loaded,rear0.005_steer10.0,rear_24,0.02,0.04091858118772507,7.356383058265692e-09,10.837182998657227,3.6471703879215056e-07,0.0,6.0,False,-1.8342624086287174e-09
loaded,rear0.005_steer10.0,rear_24,0.04,0.4944673180580139,0.05362388864159584,10.214400291442871,5.136444568634033,24.0,-6.0,False,0.09485619515180588
loaded,rear0.005_steer10.0,rear_24,0.06,0.9459961652755737,0.19839589297771454,10.211209297180176,9.168468475341797,24.0,-6.0,False,0.07458100467920303
loaded,rear0.005_steer10.0,rear_24,0.08,1.397524356842041,0.4405137896537781,10.212098121643066,29.62606430053711,24.0,-6.0,False,0.0003391653299331665
loaded,rear0.005_steer10.0,rear_24,0.1,1.8730542659759521,0.9952248930931091,18.538352966308594,25.976076126098633,24.0,-6.0,False,-0.009936811402440071
loaded,rear0.005_steer10.0,rear_24,0.12,2.3506603240966797,1.525756597518921,11.915688514709473,26.951635360717773,24.0,-6.0,False,-0.014842395670711994
loaded,rear0.005_steer10.0,rear_24,0.14,2.8393495082855225,2.0605287551879883,13.310790061950684,26.503379821777344,24.0,-6.0,False,-0.012588311918079853
loaded,rear0.005_steer10.0,rear_24,0.16,3.3651723861694336,2.5936663150787354,7.665065288543701,26.4923095703125,24.0,-6.0,False,-0.012532703578472137
loaded,rear0.005_steer10.0,rear_24,0.18,3.9109995365142822,3.1061668395996094,17.10297966003418,25.231550216674805,24.0,-6.0,False,-0.0061928825452923775
loaded,rear0.005_steer10.0,rear_24,0.2,4.385834693908691,3.617215871810913,13.028203964233398,30.341577529907227,24.0,-6.0,False,-0.031888917088508606
loaded,rear0.005_steer10.0,rear_6,0.02,0.04091858118772507,7.356383058265692e-09,10.837182998657227,3.6471703879215056e-07,0.0,6.0,False,-1.8342624086287174e-09
loaded,rear0.005_steer10.0,rear_6,0.04,0.010920178145170212,0.013406135141849518,10.874471664428711,1.2841275930404663,6.0,6.0,False,0.0237139705568552
loaded,rear0.005_steer10.0,rear_6,0.06,-0.018859323114156723,0.04959883913397789,10.878418922424316,2.2920947074890137,6.0,6.0,False,0.018645357340574265
loaded,rear0.005_steer10.0,rear_6,0.08,-0.0485941506922245,0.12630556523799896,12.236019134521484,26.376285552978516,6.0,6.0,False,-0.09119582176208496
loaded,rear0.005_steer10.0,rear_6,0.1,0.14599421620368958,0.6622698903083801,22.32674789428711,21.336862564086914,6.0,6.0,False,-0.07712208479642868
loaded,rear0.005_steer10.0,rear_6,0.12,0.35786172747612,1.149611473083496,22.95138931274414,23.57257080078125,6.0,6.0,False,-0.08531896770000458
loaded,rear0.005_steer10.0,rear_6,0.14,0.5759645700454712,1.668426275253296,23.819786071777344,24.874549865722656,6.0,6.0,False,-0.09491181373596191
loaded,rear0.005_steer10.0,rear_6,0.16,0.7340275645256042,2.233478307723999,-1.2470601797103882,23.945680618286133,6.0,-6.0,False,-0.09024062007665634
loaded,rear0.005_steer10.0,rear_6,0.18,0.930968701839447,2.7165417671203613,1.2072169780731201,34.24673843383789,6.0,-6.0,False,-0.08913937211036682
loaded,rear0.005_steer10.0,rear_6,0.2,1.059134840965271,3.260061264038086,-3.6377005577087402,23.130252838134766,6.0,-6.0,False,-0.08614040166139603
loaded,rear0.005_steer10.0,steer_0p2,0.02,-4.817155058844946e-05,2.026963232676371e-12,0.028673134744167328,-2.447854696718821e-10,0.0,0.007784500252455473,False,4.148759027294835e-12
loaded,rear0.005_steer10.0,steer_0p2,0.04,0.18725377321243286,0.17790743708610535,-0.7550168037414551,2.761291027069092,0.2,-0.928180456161499,False,-0.05853027105331421
loaded,rear0.005_steer10.0,steer_0p2,0.06,0.1994294971227646,0.1981702446937561,-0.29620522260665894,0.2288057953119278,0.2,-0.14258572459220886,False,-0.004861741792410612
loaded,rear0.005_steer10.0,steer_0p2,0.08,0.19995537400245667,0.19855749607086182,-0.025032615289092064,-0.4037129878997803,0.2,-0.010647028684616089,False,0.09418630599975586
loaded,rear0.005_steer10.0,steer_0p2,0.1,0.19940249621868134,0.19943344593048096,0.06541083008050919,0.02625526487827301,0.2,0.009202390909194946,False,0.0060327742248773575
loaded,rear0.005_steer10.0,steer_0p2,0.12,0.19964519143104553,0.19159702956676483,0.0050513967871665955,0.8018720746040344,0.2,0.007961064577102661,False,0.009687839075922966
loaded,rear0.005_steer10.0,steer_0p2,0.14,0.1995922327041626,0.19888605177402496,-0.04081178456544876,0.1344757378101349,0.2,-0.0035299956798553467,False,-0.0025327447801828384
loaded,rear0.005_steer10.0,steer_0p2,0.16,0.1992289423942566,0.1962485909461975,0.08404823392629623,0.3535691499710083,0.2,0.04045858979225159,False,0.004967686720192432
loaded,rear0.005_steer10.0,steer_0p2,0.18,0.19944719970226288,0.197306826710701,-0.10977126657962799,0.24595706164836884,0.2,-0.020686835050582886,False,0.00453499611467123
loaded,rear0.005_steer10.0,steer_0p2,0.2,0.1997196078300476,0.1926441490650177,-0.22622282803058624,0.7766073346138,0.2,-0.08487769961357117,False,-0.0011363570811226964
loaded,rear0.005_steer10.0,steer_neg0p08,0.02,-4.817155058844946e-05,2.026963232676371e-12,0.028673134744167328,-2.447854696718821e-10,0.0,0.007784500252455473,False,4.148759027294835e-12
loaded,rear0.005_steer10.0,steer_neg0p08,0.04,-0.07591520249843597,-0.07116297632455826,1.258304476737976,-1.104515552520752,-0.08,0.6847265958786011,False,0.023412082344293594
loaded,rear0.005_steer10.0,steer_neg0p08,0.06,-0.08017868548631668,-0.07926805317401886,0.3652168810367584,-0.09152618050575256,-0.08,0.12995192408561707,False,0.0019446247024461627
loaded,rear0.005_steer10.0,steer_neg0p08,0.08,-0.0801861360669136,-0.07959241420030594,0.11459135264158249,1.7139215469360352,-0.08,0.03585889935493469,False,-0.017822980880737305
loaded,rear0.005_steer10.0,steer_neg0p08,0.1,-0.07979809492826462,-0.07941868156194687,0.01964472606778145,-0.0566047765314579,-0.08,0.007113367319107056,False,-0.0005719698965549469
loaded,rear0.005_steer10.0,steer_neg0p08,0.12,-0.07993800938129425,-0.07881181687116623,0.04319332167506218,-0.10321558266878128,-0.08,0.009629994630813599,False,-0.0026786504313349724
loaded,rear0.005_steer10.0,steer_neg0p08,0.14,-0.07990424335002899,-0.07970014959573746,0.05632476136088371,-0.01598512940108776,-0.08,0.01232859492301941,False,-0.0020482856780290604
loaded,rear0.005_steer10.0,steer_neg0p08,0.16,-0.07976546883583069,-0.0783311277627945,0.01880115270614624,-0.16420786082744598,-0.08,0.004005879163742065,False,-0.001295874360948801
loaded,rear0.005_steer10.0,steer_neg0p08,0.18,-0.07980139553546906,-0.07821187376976013,0.049766313284635544,-0.17248816788196564,-0.08,0.010869830846786499,False,-0.0018222876824438572
loaded,rear0.005_steer10.0,steer_neg0p08,0.2,-0.07961927354335785,-0.07950183004140854,-0.023151179775595665,-0.033527977764606476,-0.08,-0.011618107557296753,False,-0.0024345610290765762
loaded,rear0.005_steer2.5,rear_24,0.02,0.04091858118772507,7.356382614176482e-09,10.837182998657227,3.6471701037044113e-07,0.0,6.0,False,-1.8342617424949026e-09
loaded,rear0.005_steer2.5,rear_24,0.04,0.4944673180580139,0.05362388864159584,10.214400291442871,5.136444568634033,24.0,-6.0,False,0.09485619515180588
loaded,rear0.005_steer2.5,rear_24,0.06,0.9459961652755737,0.19839589297771454,10.211209297180176,9.168468475341797,24.0,-6.0,False,0.07458099722862244
loaded,rear0.005_steer2.5,rear_24,0.08,1.397524356842041,0.4405229985713959,10.212098121643066,29.57258415222168,24.0,-6.0,False,0.00021360069513320923
loaded,rear0.005_steer2.5,rear_24,0.1,1.8730542659759521,0.9949833750724792,18.538352966308594,26.004837036132812,24.0,-6.0,False,-0.01008143462240696
loaded,rear0.005_steer2.5,rear_24,0.12,2.3506603240966797,1.5259777307510376,11.915688514709473,27.597721099853516,24.0,-6.0,False,-0.018091432750225067
loaded,rear0.005_steer2.5,rear_24,0.14,2.8393495082855225,2.061856985092163,13.310790061950684,25.414518356323242,24.0,-6.0,False,-0.00711295660585165
loaded,rear0.005_steer2.5,rear_24,0.16,3.3651723861694336,2.5776002407073975,7.665065288543701,25.469493865966797,24.0,-6.0,False,-0.007389419712126255
loaded,rear0.005_steer2.5,rear_24,0.18,3.9109995365142822,3.113024950027466,17.10297966003418,26.934574127197266,24.0,-6.0,False,-0.014756607823073864
loaded,rear0.005_steer2.5,rear_24,0.2,4.385834693908691,3.6419296264648438,13.028203964233398,26.829801559448242,24.0,-6.0,False,-0.014229772612452507
loaded,rear0.005_steer2.5,rear_6,0.02,0.04091858118772507,7.356382614176482e-09,10.837182998657227,3.6471701037044113e-07,0.0,6.0,False,-1.8342617424949026e-09
loaded,rear0.005_steer2.5,rear_6,0.04,0.010920178145170212,0.013406135141849518,10.874471664428711,1.2841275930404663,6.0,6.0,False,0.0237139705568552
loaded,rear0.005_steer2.5,rear_6,0.06,-0.018859323114156723,0.04959883913397789,10.878418922424316,2.2920947074890137,6.0,6.0,False,0.018645357340574265
loaded,rear0.005_steer2.5,rear_6,0.08,-0.0485941506922245,0.12630406022071838,12.236019134521484,26.390247344970703,6.0,6.0,False,-0.09119409322738647
loaded,rear0.005_steer2.5,rear_6,0.1,0.14599421620368958,0.6966177821159363,22.32674789428711,26.495880126953125,6.0,6.0,False,-0.10306443274021149
loaded,rear0.005_steer2.5,rear_6,0.12,0.35786172747612,1.2002209424972534,22.95138931274414,24.442527770996094,6.0,6.0,False,-0.09273907542228699
loaded,rear0.005_steer2.5,rear_6,0.14,0.5759645700454712,1.6978331804275513,23.819786071777344,23.201385498046875,6.0,6.0,False,-0.086497962474823
loaded,rear0.005_steer2.5,rear_6,0.16,0.7340275645256042,2.192852735519409,-1.2470601797103882,24.655046463012695,6.0,-6.0,False,-0.09194420278072357
loaded,rear0.005_steer2.5,rear_6,0.18,0.930968701839447,2.777996778488159,1.2072169780731201,23.9156551361084,6.0,-6.0,False,-0.09008964896202087
loaded,rear0.005_steer2.5,rear_6,0.2,1.059134840965271,3.2513322830200195,-3.6377005577087402,23.026506423950195,6.0,-6.0,False,-0.08561854809522629
loaded,rear0.005_steer2.5,steer_0p2,0.02,-4.817155058844946e-05,2.0653455074653992e-12,0.028673134744167328,-1.7948349403940078e-11,0.0,0.007784500252455473,False,6.780651561066886e-12
loaded,rear0.005_steer2.5,steer_0p2,0.04,0.18725377321243286,0.023106804117560387,-0.7550168037414551,1.1083627939224243,0.2,-0.928180456161499,False,-0.0011157062835991383
loaded,rear0.005_steer2.5,steer_0p2,0.06,0.1994294971227646,0.0439375564455986,-0.29620522260665894,0.9778439402580261,0.2,-0.14258572459220886,False,-0.0009842384606599808
loaded,rear0.005_steer2.5,steer_0p2,0.08,0.19995537400245667,0.06121504679322243,-0.025032615289092064,-1.5908384323120117,0.2,-0.010647028684616089,False,0.33762168884277344
loaded,rear0.005_steer2.5,steer_0p2,0.1,0.19940249621868134,0.07664158195257187,0.06541083008050919,0.7723116874694824,0.2,0.009202390909194946,False,0.00014785118401050568
loaded,rear0.005_steer2.5,steer_0p2,0.12,0.19964519143104553,0.08776196837425232,0.0050513967871665955,0.7013924717903137,0.2,0.007961064577102661,False,0.002009921707212925
loaded,rear0.005_steer2.5,steer_0p2,0.14,0.1995922327041626,0.10085348039865494,-0.04081178456544876,0.6194059252738953,0.2,-0.0035299956798553467,False,0.002031529787927866
loaded,rear0.005_steer2.5,steer_0p2,0.16,0.1992289423942566,0.11240211129188538,0.08404823392629623,0.5421563982963562,0.2,0.04045858979225159,False,0.0016892850399017334
loaded,rear0.005_steer2.5,steer_0p2,0.18,0.19944719970226288,0.11795351654291153,-0.10977126657962799,0.5110238194465637,0.2,-0.020686835050582886,False,0.003971620928496122
loaded,rear0.005_steer2.5,steer_0p2,0.2,0.1997196078300476,0.12477743625640869,-0.22622282803058624,0.4682369828224182,0.2,-0.08487769961357117,False,0.0040403371676802635
loaded,rear0.005_steer2.5,steer_neg0p08,0.02,-4.817155058844946e-05,2.0653455074653992e-12,0.028673134744167328,-1.7948349403940078e-11,0.0,0.007784500252455473,False,6.780651561066886e-12
loaded,rear0.005_steer2.5,steer_neg0p08,0.04,-0.07591520249843597,-0.00924271997064352,1.258304476737976,-0.4433451294898987,-0.08,0.6847265958786011,False,0.00044632714707404375
loaded,rear0.005_steer2.5,steer_neg0p08,0.06,-0.08017868548631668,-0.017575014382600784,0.3652168810367584,-0.3911374807357788,-0.08,0.12995192408561707,False,0.00039371193270199
loaded,rear0.005_steer2.5,steer_neg0p08,0.08,-0.0801861360669136,-0.024573439732193947,0.11459135264158249,1.4438045024871826,-0.08,0.03585889935493469,False,-0.10001617670059204
loaded,rear0.005_steer2.5,steer_neg0p08,0.1,-0.07979809492826462,-0.030446549877524376,0.01964472606778145,-0.3099990785121918,-0.08,0.007113367319107056,False,-0.0004337187856435776
loaded,rear0.005_steer2.5,steer_neg0p08,0.12,-0.07993800938129425,-0.03457600995898247,0.04319332167506218,-0.28368690609931946,-0.08,0.009629994630813599,False,-0.0010855155996978283
loaded,rear0.005_steer2.5,steer_neg0p08,0.14,-0.07990424335002899,-0.03986501321196556,0.05632476136088371,-0.2618866264820099,-0.08,0.01232859492301941,False,0.00084725022315979
loaded,rear0.005_steer2.5,steer_neg0p08,0.16,-0.07976546883583069,-0.0423755869269371,0.01880115270614624,-0.234491229057312,-0.08,0.004005879163742065,False,-0.0016106546390801668
loaded,rear0.005_steer2.5,steer_neg0p08,0.18,-0.07980139553546906,-0.046719130128622055,0.049766313284635544,-0.20726712048053741,-0.08,0.010869830846786499,False,-0.0016485375817865133
loaded,rear0.005_steer2.5,steer_neg0p08,0.2,-0.07961927354335785,-0.04933690279722214,-0.023151179775595665,-0.18980099260807037,-0.08,-0.011618107557296753,False,-0.003224696032702923
loaded,rear0.005_steer10.0,rear_12_t0,0.02,0.241644024848938,0.02681194804608822,-0.3391174077987671,2.5682220458984375,12.0,-6.0,False,0.047428105026483536
loaded,rear0.005_steer10.0,rear_12_t0,0.04,0.482180118560791,0.09919794648885727,-0.3358764350414276,4.584238529205322,12.0,-6.0,False,0.03729047253727913
loaded,rear0.005_steer10.0,rear_12_t0,0.06,0.7227871417999268,0.20741279423236847,-0.33339840173721313,6.169514179229736,12.0,-6.0,False,0.02931884489953518
loaded,rear0.005_steer10.0,rear_12_t0,0.08,0.9634246826171875,0.35991552472114563,-0.33263060450553894,28.0189208984375,12.0,-6.0,False,-0.06799022853374481
loaded,rear0.005_steer10.0,rear_12_t0,0.1,1.253908395767212,0.909308910369873,22.795352935791016,25.69765281677246,12.0,6.0,False,-0.06887923926115036
loaded,rear0.005_steer10.0,rear_12_t0,0.12,1.4795256853103638,1.4130326509475708,23.696134567260742,25.243694305419922,12.0,6.0,False,-0.06659649312496185
loaded,rear0.005_steer10.0,rear_12_t0,0.14,1.7551695108413696,1.9174984693527222,31.150365829467773,24.255250930786133,12.0,6.0,False,-0.06718876957893372
loaded,rear0.005_steer10.0,rear_12_t0,0.16,2.0988383293151855,2.5470030307769775,25.57375717163086,34.54472732543945,12.0,6.0,False,-0.11336684972047806
loaded,rear0.005_steer10.0,rear_12_t0,0.18,2.291740894317627,3.0631964206695557,20.605609893798828,24.475950241088867,12.0,6.0,False,-0.06273586302995682
loaded,rear0.005_steer10.0,rear_12_t0,0.2,2.396360397338867,3.5977561473846436,12.522703170776367,26.965560913085938,12.0,6.0,False,-0.07525302469730377
loaded,rear0.005_steer10.0,steer_0p1_t0,0.02,0.09484541416168213,0.08895371854305267,-1.5474112033843994,1.3806449174880981,0.1,-0.8487582206726074,False,-0.029265183955430984
loaded,rear0.005_steer10.0,steer_0p1_t0,0.04,0.10019224882125854,0.09908512234687805,-0.4396781921386719,0.11440283805131912,0.1,-0.15773819386959076,False,-0.002430878346785903
loaded,rear0.005_steer10.0,steer_0p1_t0,0.06,0.10020458698272705,0.09992425888776779,-0.13440948724746704,0.009472278878092766,0.1,-0.04054592549800873,False,-0.0002013294433709234
loaded,rear0.005_steer10.0,steer_0p1_t0,0.08,0.100131556391716,0.09949768334627151,-0.09605403989553452,-1.5185970067977905,0.1,-0.020480260252952576,False,0.027248859405517578
loaded,rear0.005_steer10.0,steer_0p1_t0,0.1,0.09990300238132477,0.0994454175233841,-0.046731431037187576,0.08617865294218063,0.1,-0.020300015807151794,False,-0.003591748885810375
loaded,rear0.005_steer10.0,steer_0p1_t0,0.12,0.09980852156877518,0.09687088429927826,0.007133599370718002,0.2668110132217407,0.1,0.0055115967988967896,False,0.007105216383934021
loaded,rear0.005_steer10.0,steer_0p1_t0,0.14,0.09973904490470886,0.09557589888572693,0.00035354061401449144,0.47490236163139343,0.1,0.005122080445289612,False,-0.0016665519215166569
loaded,rear0.005_steer10.0,steer_0p1_t0,0.16,0.0997077226638794,0.09885869175195694,-0.008084360510110855,0.17219820618629456,0.1,0.0016673952341079712,False,-0.0014472007751464844
loaded,rear0.005_steer10.0,steer_0p1_t0,0.18,0.09971152245998383,0.09778521955013275,-0.048300668597221375,0.23288790881633759,0.1,-0.008201584219932556,False,-0.00021923800522927195
loaded,rear0.005_steer10.0,steer_0p1_t0,0.2,0.09992672502994537,0.09513083845376968,-0.17860354483127594,-0.14035069942474365,0.1,-0.05176030099391937,False,0.08339786529541016
loaded,rear0.005_steer2.5,rear_12_t0,0.02,0.241644024848938,0.02681194804608822,-0.3391174077987671,2.5682220458984375,12.0,-6.0,False,0.047428105026483536
loaded,rear0.005_steer2.5,rear_12_t0,0.04,0.482180118560791,0.09919794648885727,-0.3358764350414276,4.584238529205322,12.0,-6.0,False,0.03729047253727913
loaded,rear0.005_steer2.5,rear_12_t0,0.06,0.7227871417999268,0.20741279423236847,-0.33339840173721313,6.169514179229736,12.0,-6.0,False,0.029318837448954582
loaded,rear0.005_steer2.5,rear_12_t0,0.08,0.9634246826171875,0.35993078351020813,-0.33263060450553894,27.824405670166016,12.0,-6.0,False,-0.06821629405021667
loaded,rear0.005_steer2.5,rear_12_t0,0.1,1.253908395767212,0.9095746278762817,22.795352935791016,25.62873077392578,12.0,6.0,False,-0.06853267550468445
loaded,rear0.005_steer2.5,rear_12_t0,0.12,1.4795256853103638,1.4350731372833252,23.696134567260742,24.48148536682129,12.0,6.0,False,-0.06276368349790573
loaded,rear0.005_steer2.5,rear_12_t0,0.14,1.7551695108413696,1.9897844791412354,31.150365829467773,31.443748474121094,12.0,6.0,False,-0.09777384996414185
loaded,rear0.005_steer2.5,rear_12_t0,0.16,2.0988383293151855,2.4956352710723877,25.57375717163086,21.121055603027344,12.0,6.0,False,-0.045865658670663834
loaded,rear0.005_steer2.5,rear_12_t0,0.18,2.291740894317627,2.9884209632873535,20.605609893798828,25.397783279418945,12.0,6.0,False,-0.06564883887767792
loaded,rear0.005_steer2.5,rear_12_t0,0.2,2.396360397338867,3.4760985374450684,12.522703170776367,23.858217239379883,12.0,6.0,False,-0.05962960794568062
loaded,rear0.005_steer2.5,steer_0p1_t0,0.02,0.09484541416168213,0.011553403921425343,-1.5474112033843994,0.5541813373565674,0.1,-0.8487582206726074,False,-0.000557892257347703
loaded,rear0.005_steer2.5,steer_0p1_t0,0.04,0.10019224882125854,0.021968776360154152,-0.4396781921386719,0.4889216423034668,0.1,-0.15773819386959076,False,-0.0004921887302771211
loaded,rear0.005_steer2.5,steer_0p1_t0,0.06,0.10020458698272705,0.031157638877630234,-0.13440948724746704,0.43134692311286926,0.1,-0.04054592549800873,False,-0.00043422283488325775
loaded,rear0.005_steer2.5,steer_0p1_t0,0.08,0.100131556391716,0.038478974252939224,-0.09605403989553452,1.383589267730713,0.1,-0.020480260252952576,False,0.2630921006202698
loaded,rear0.005_steer2.5,steer_0p1_t0,0.1,0.09990300238132477,0.04603833332657814,-0.046731431037187576,0.3341391980648041,0.1,-0.020300015807151794,False,0.00547209195792675
loaded,rear0.005_steer2.5,steer_0p1_t0,0.12,0.09980852156877518,0.05130244046449661,0.007133599370718002,0.30480968952178955,0.1,0.0055115967988967896,False,0.00014174723764881492
loaded,rear0.005_steer2.5,steer_0p1_t0,0.14,0.09973904490470886,0.057014986872673035,0.00035354061401449144,0.26899152994155884,0.1,0.005122080445289612,False,0.00021699962962884456
loaded,rear0.005_steer2.5,steer_0p1_t0,0.16,0.0997077226638794,0.0608174204826355,-0.008084360510110855,0.24404463171958923,0.1,0.0016673952341079712,False,0.0018841775599867105
loaded,rear0.005_steer2.5,steer_0p1_t0,0.18,0.09971152245998383,0.0634029433131218,-0.048300668597221375,0.22781981527805328,0.1,-0.008201584219932556,False,0.00193588191177696
loaded,rear0.005_steer2.5,steer_0p1_t0,0.2,0.09992672502994537,0.06561272591352463,-0.17860354483127594,0.19332709908485413,0.1,-0.05176030099391937,False,-0.004444152116775513
loaded,rear5.0_steer10.0,rear_12_t0,0.02,0.241644024848938,0.23900306224822998,-0.3391174077987671,11.99999713897705,12.0,-6.0,False,-8.61473563418258e-06
loaded,rear5.0_steer10.0,rear_12_t0,0.04,0.482180118560791,0.47900474071502686,-0.3358764350414276,11.999998092651367,12.0,-6.0,False,-2.5844210540526547e-05
loaded,rear5.0_steer10.0,rear_12_t0,0.06,0.7227871417999268,0.7190064191818237,-0.33339840173721313,12.0,12.0,-6.0,False,-1.6298145055770874e-05
loaded,rear5.0_steer10.0,rear_12_t0,0.08,0.9634246826171875,0.9802013635635376,-0.33263060450553894,25.719696044921875,12.0,-6.0,False,-5.999999046325684
loaded,rear5.0_steer10.0,rear_12_t0,0.1,1.253908395767212,1.2305631637573242,22.795352935791016,12.009050369262695,12.0,6.0,False,-0.26794326305389404
loaded,rear5.0_steer10.0,rear_12_t0,0.12,1.4795256853103638,1.4745440483093262,23.696134567260742,11.999993324279785,12.0,6.0,False,0.024910319596529007
loaded,rear5.0_steer10.0,rear_12_t0,0.14,1.7551695108413696,1.7271326780319214,31.150365829467773,12.011363983154297,12.0,6.0,False,0.24455085396766663
loaded,rear5.0_steer10.0,rear_12_t0,0.16,2.0988383293151855,1.9703178405761719,25.57375717163086,11.99999713897705,12.0,6.0,False,-0.009026145562529564
loaded,rear5.0_steer10.0,rear_12_t0,0.18,2.291740894317627,2.2136197090148926,20.605609893798828,12.320080757141113,12.0,6.0,False,-0.0019288016483187675
loaded,rear5.0_steer10.0,rear_12_t0,0.2,2.396360397338867,2.4580318927764893,12.522703170776367,11.999995231628418,12.0,6.0,False,0.0007483205990865827
loaded,rear5.0_steer10.0,steer_0p1_t0,0.02,0.09484541416168213,0.08895371854305267,-1.5474112033843994,1.3806450366973877,0.1,-0.8487582206726074,False,-0.02926519140601158
loaded,rear5.0_steer10.0,steer_0p1_t0,0.04,0.10019224882125854,0.09908512234687805,-0.4396781921386719,0.11440283805131912,0.1,-0.15773819386959076,False,-0.0024308799766004086
loaded,rear5.0_steer10.0,steer_0p1_t0,0.06,0.10020458698272705,0.09992425888776779,-0.13440948724746704,0.009472278878092766,0.1,-0.04054592549800873,False,-0.00020132955978624523
loaded,rear5.0_steer10.0,steer_0p1_t0,0.08,0.100131556391716,0.09953684359788895,-0.09605403989553452,-1.7396049499511719,0.1,-0.020480260252952576,False,0.022992849349975586
loaded,rear5.0_steer10.0,steer_0p1_t0,0.1,0.09990300238132477,0.09907983243465424,-0.046731431037187576,-6.791265487670898,0.1,-0.020300015807151794,False,0.008371442556381226
loaded,rear5.0_steer10.0,steer_0p1_t0,0.12,0.09980852156877518,0.0988614484667778,0.007133599370718002,0.11952607333660126,0.1,0.0055115967988967896,False,-0.00013333838433027267
loaded,rear5.0_steer10.0,steer_0p1_t0,0.14,0.09973904490470886,0.09920086711645126,0.00035354061401449144,0.07326745241880417,0.1,0.005122080445289612,False,0.001256510615348816
loaded,rear5.0_steer10.0,steer_0p1_t0,0.16,0.0997077226638794,0.09891380369663239,-0.008084360510110855,0.1047305017709732,0.1,0.0016673952341079712,False,0.001058110035955906
loaded,rear5.0_steer10.0,steer_0p1_t0,0.18,0.09971152245998383,0.08839613944292068,-0.048300668597221375,-0.8151401281356812,0.1,-0.008201584219932556,False,0.26054176688194275
loaded,rear5.0_steer10.0,steer_0p1_t0,0.2,0.09992672502994537,0.08964750170707703,-0.17860354483127594,0.8110352754592896,0.1,-0.05176030099391937,False,0.03461459279060364
loaded,rear5.0_steer2.5,rear_12_t0,0.02,0.241644024848938,0.23900306224822998,-0.3391174077987671,11.999998092651367,12.0,-6.0,False,-8.38190499052871e-06
loaded,rear5.0_steer2.5,rear_12_t0,0.04,0.482180118560791,0.47900474071502686,-0.3358764350414276,11.99999713897705,12.0,-6.0,False,-2.6077039365191013e-05
loaded,rear5.0_steer2.5,rear_12_t0,0.06,0.7227871417999268,0.7190064191818237,-0.33339840173721313,12.0,12.0,-6.0,False,-1.6298146874760278e-05
loaded,rear5.0_steer2.5,rear_12_t0,0.08,0.9634246826171875,0.9802030920982361,-0.33263060450553894,25.71100616455078,12.0,-6.0,False,-6.000003337860107
loaded,rear5.0_steer2.5,rear_12_t0,0.1,1.253908395767212,1.2305965423583984,22.795352935791016,12.016570091247559,12.0,6.0,False,-0.2761307656764984
loaded,rear5.0_steer2.5,rear_12_t0,0.12,1.4795256853103638,1.4721095561981201,23.696134567260742,11.999992370605469,12.0,6.0,False,0.0006072305259294808
loaded,rear5.0_steer2.5,rear_12_t0,0.14,1.7551695108413696,1.7176083326339722,31.150365829467773,11.997933387756348,12.0,6.0,False,-0.9361774325370789
loaded,rear5.0_steer2.5,rear_12_t0,0.16,2.0988383293151855,1.9665380716323853,25.57375717163086,11.999990463256836,12.0,6.0,False,0.01488463580608368
loaded,rear5.0_steer2.5,rear_12_t0,0.18,2.291740894317627,2.2097411155700684,20.605609893798828,11.999994277954102,12.0,6.0,False,0.012085307389497757
loaded,rear5.0_steer2.5,rear_12_t0,0.2,2.396360397338867,2.4536986351013184,12.522703170776367,11.999999046325684,12.0,6.0,False,0.004595378879457712
loaded,rear5.0_steer2.5,steer_0p1_t0,0.02,0.09484541416168213,0.011553402058780193,-1.5474112033843994,0.5541813969612122,0.1,-0.8487582206726074,False,-0.0005578831187449396
loaded,rear5.0_steer2.5,steer_0p1_t0,0.04,0.10019224882125854,0.021968774497509003,-0.4396781921386719,0.4889218509197235,0.1,-0.15773819386959076,False,-0.0004921348881907761
loaded,rear5.0_steer2.5,steer_0p1_t0,0.06,0.10020458698272705,0.031157637014985085,-0.13440948724746704,0.4313468933105469,0.1,-0.04054592549800873,False,-0.00043420185102149844
loaded,rear5.0_steer2.5,steer_0p1_t0,0.08,0.100131556391716,0.03849005699157715,-0.09605403989553452,1.2803388833999634,0.1,-0.020480260252952576,False,0.25682729482650757
loaded,rear5.0_steer2.5,steer_0p1_t0,0.1,0.09990300238132477,0.04607253521680832,-0.046731431037187576,-5.492382049560547,0.1,-0.020300015807151794,False,-0.019016966223716736
loaded,rear5.0_steer2.5,steer_0p1_t0,0.12,0.09980852156877518,0.051589854061603546,0.007133599370718002,0.3148114085197449,0.1,0.0055115967988967896,False,-0.017181437462568283
loaded,rear5.0_steer2.5,steer_0p1_t0,0.14,0.09973904490470886,0.05525662750005722,0.00035354061401449144,0.2904367446899414,0.1,0.005122080445289612,False,-0.015062767080962658
loaded,rear5.0_steer2.5,steer_0p1_t0,0.16,0.0997077226638794,0.06121830642223358,-0.008084360510110855,0.25305822491645813,0.1,0.0016673952341079712,False,-0.01499123964458704
loaded,rear5.0_steer2.5,steer_0p1_t0,0.18,0.09971152245998383,0.0663696750998497,-0.048300668597221375,0.21673154830932617,0.1,-0.008201584219932556,False,-0.009185770526528358
loaded,rear5.0_steer2.5,steer_0p1_t0,0.2,0.09992672502994537,0.06633611023426056,-0.17860354483127594,0.20956793427467346,0.1,-0.05176030099391937,False,0.0016878366004675627
