mu,case,task_success,apex_time_s,survival_time_s,max_abs_roll,max_abs_yaw,lateral_slip_mean_m_s,lateral_slip_measure,forward_velocity_mean_m_s,jump_zone_arrival_time_s,apex_height_m,end_code,post_apex_survival_s,trace
0.5,natural,True,1.02,1.56,0.6454894375763204,0.6419362344033818,0.02527480889716488,"kinematic bottom point lateral velocity during geometric clearance<2mm; contact proxy, not actual solver friction force",1.2787675937942058,0.58,0.5523191094398499,3,0.54,/home/qy/ISAAC——SIM/results/sim2sim_fast_path_20260928/contact_mu_0.5/natural/trace.npz
0.5,vx_minus,True,1.1,1.8,0.6372740815327476,0.17340245049036965,0.02804526861029686,"kinematic bottom point lateral velocity during geometric clearance<2mm; contact proxy, not actual solver friction force",1.0283474961151364,0.64,0.5683639645576477,3,0.7,/home/qy/ISAAC——SIM/results/sim2sim_fast_path_20260928/contact_mu_0.5/vx_minus/trace.npz
0.75,natural,True,1.02,1.54,0.6411071090324345,0.6118044639806386,0.02344370353994912,"kinematic bottom point lateral velocity during geometric clearance<2mm; contact proxy, not actual solver friction force",1.2943272447884495,0.58,0.5699296593666077,3,0.52,/home/qy/ISAAC——SIM/results/sim2sim_fast_path_20260928/contact_mu_0.75/natural/trace.npz
0.75,vx_minus,False,,0.54,0.640329438998203,0.4112837758415436,0.2103803654634763,"kinematic bottom point lateral velocity during geometric clearance<2mm; contact proxy, not actual solver friction force",1.8028223877763432,,0.30849310755729675,3,,/home/qy/ISAAC——SIM/results/sim2sim_fast_path_20260928/contact_mu_0.75/vx_minus/trace.npz
1.0,natural,True,1.06,1.54,0.638171439672361,0.3210119735905794,0.05151462880545546,"kinematic bottom point lateral velocity during geometric clearance<2mm; contact proxy, not actual solver friction force",1.1698444148009663,0.6,0.5921390056610107,3,0.48,/home/qy/ISAAC——SIM/results/sim2sim_fast_path_20260928/contact_mu_1.0/natural/trace.npz
1.0,vx_minus,False,,0.56,0.6722734267905589,0.24318068333684617,0.1869490472322354,"kinematic bottom point lateral velocity during geometric clearance<2mm; contact proxy, not actual solver friction force",1.8749596075551855,0.54,0.24559547007083893,3,,/home/qy/ISAAC——SIM/results/sim2sim_fast_path_20260928/contact_mu_1.0/vx_minus/trace.npz
1.5,natural,True,1.06,1.52,0.47092143007819603,0.8546177103026471,0.038595875058797115,"kinematic bottom point lateral velocity during geometric clearance<2mm; contact proxy, not actual solver friction force",1.3784082397182364,0.6,0.6480197906494141,10,0.45999999999999996,/home/qy/ISAAC——SIM/results/sim2sim_fast_path_20260928/contact_mu_1.5/natural/trace.npz
1.5,vx_minus,False,,0.56,0.6364581654145123,0.23738458310995864,0.16299917258369617,"kinematic bottom point lateral velocity during geometric clearance<2mm; contact proxy, not actual solver friction force",1.7534515662422423,,0.427322119474411,3,,/home/qy/ISAAC——SIM/results/sim2sim_fast_path_20260928/contact_mu_1.5/vx_minus/trace.npz
2.0,natural,True,0.96,1.26,0.4300970992865245,0.8140636410566646,0.03704144498928519,"kinematic bottom point lateral velocity during geometric clearance<2mm; contact proxy, not actual solver friction force",1.6632985027280625,0.6,0.6050865650177002,10,0.30000000000000004,/home/qy/ISAAC——SIM/results/sim2sim_fast_path_20260928/contact_mu_2.0/natural/trace.npz
2.0,vx_minus,False,,0.48,0.6116708867877078,0.2979456483129954,0.30083969863386495,"kinematic bottom point lateral velocity during geometric clearance<2mm; contact proxy, not actual solver friction force",1.5481023790047035,,0.1734844446182251,3,,/home/qy/ISAAC——SIM/results/sim2sim_fast_path_20260928/contact_mu_2.0/vx_minus/trace.npz
3.0,natural,True,1.04,1.5,0.8174026476316976,0.9654605732499324,0.02263038072746179,"kinematic bottom point lateral velocity during geometric clearance<2mm; contact proxy, not actual solver friction force",1.2973732096777624,0.58,0.594515860080719,3,0.45999999999999996,/home/qy/ISAAC——SIM/results/sim2sim_fast_path_20260928/contact_mu_3.0/natural/trace.npz
3.0,vx_minus,False,,0.54,0.4595536219700283,0.8151719262292554,0.15160940321367047,"kinematic bottom point lateral velocity during geometric clearance<2mm; contact proxy, not actual solver friction force",1.6163801621613882,,0.28439176082611084,10,,/home/qy/ISAAC——SIM/results/sim2sim_fast_path_20260928/contact_mu_3.0/vx_minus/trace.npz
5.0,natural,False,,1.08,0.1947814076907058,0.7941461716247702,0.09461998784339708,"kinematic bottom point lateral velocity during geometric clearance<2mm; contact proxy, not actual solver friction force",1.377967986463449,0.6,0.1499999761581421,8,,/home/qy/ISAAC——SIM/results/sim2sim_fast_path_20260928/contact_mu_5.0/natural/trace.npz
5.0,vx_minus,False,,0.58,0.6296704452280026,0.7747706425944809,0.3177397958229909,"kinematic bottom point lateral velocity during geometric clearance<2mm; contact proxy, not actual solver friction force",1.634744595368929,,0.15096643567085266,3,,/home/qy/ISAAC——SIM/results/sim2sim_fast_path_20260928/contact_mu_5.0/vx_minus/trace.npz
