adapter,case,channel,rmse_before,rmse_after
identity,natural,0,0.0037353779189288616,0.0037353779189288616
identity,natural,1,0.006603906862437725,0.006603906862437725
identity,natural,2,3.086257856921293e-05,3.086257856921293e-05
identity,natural,3,0.14760391414165497,0.14760391414165497
identity,natural,4,1.3526183366775513,1.3526183366775513
identity,natural,5,0.3417671322822571,0.3417671322822571
identity,natural,6,28.792680740356445,28.792680740356445
identity,natural,7,6.850931644439697,6.850931644439697
identity,natural,8,51.64994812011719,51.64994812011719
identity,natural,9,0.07901972532272339,0.07901972532272339
identity,natural,10,0.00445465836673975,0.00445465836673975
identity,natural,11,0.010518901981413364,0.010518901981413364
identity,natural,12,1.2128574848175049,1.2128574848175049
identity,natural,13,0.8704143166542053,0.8704143166542053
identity,natural,14,0.2480604648590088,0.2480604648590088
identity,natural,15,8.051445960998535,8.051445960998535
identity,natural,16,18.896730422973633,18.896730422973633
identity,natural,17,0.14583446085453033,0.14583446085453033
identity,natural,18,0.18737229704856873,0.18737229704856873
identity,natural,19,0.08574507385492325,0.08574507385492325
identity,natural,20,0.11718481034040451,0.11718481034040451
identity,natural,21,0.15446478128433228,0.15446478128433228
identity,natural,22,0.015383880585432053,0.015383880585432053
identity,natural,23,0.0005755507154390216,0.0005755507154390216
identity,natural,24,0.0,0.0
identity,natural,25,0.003740672953426838,0.003740672953426838
identity,natural,26,0.007238212041556835,0.007238212041556835
identity,natural,27,3.095775900874287e-05,3.095775900874287e-05
identity,natural,28,0.15059007704257965,0.15059007704257965
identity,natural,29,1.412497639656067,1.412497639656067
identity,natural,30,0.341767281293869,0.341767281293869
identity,natural,31,28.950725555419922,28.950725555419922
identity,natural,32,6.8587870597839355,6.8587870597839355
identity,natural,33,52.86007308959961,52.86007308959961
identity,natural,34,0.07923120260238647,0.07923120260238647
identity,natural,35,0.004465148784220219,0.004465148784220219
identity,natural,36,0.010696161538362503,0.010696161538362503
identity,natural,37,1.21688711643219,1.21688711643219
identity,natural,38,0.8706594705581665,0.8706594705581665
identity,natural,39,0.24830389022827148,0.24830389022827148
identity,natural,40,8.09766674041748,8.09766674041748
identity,natural,41,19.589744567871094,19.589744567871094
identity,natural,42,0.150124654173851,0.150124654173851
identity,natural,43,0.18838568031787872,0.18838568031787872
identity,natural,44,0.09055808186531067,0.09055808186531067
identity,natural,45,0.11811251938343048,0.11811251938343048
identity,natural,46,0.16750337183475494,0.16750337183475494
identity,natural,47,0.018190810456871986,0.018190810456871986
identity,natural,48,0.0005759119521826506,0.0005759119521826506
identity,natural,49,0.0,0.0
identity,natural,50,0.0037416676059365273,0.0037416676059365273
identity,natural,51,0.00799480639398098,0.00799480639398098
identity,natural,52,3.123579153907485e-05,3.123579153907485e-05
identity,natural,53,0.1506025791168213,0.1506025791168213
identity,natural,54,1.5096428394317627,1.5096428394317627
identity,natural,55,0.3443498909473419,0.3443498909473419
identity,natural,56,29.295269012451172,29.295269012451172
identity,natural,57,6.9606828689575195,6.9606828689575195
identity,natural,58,54.905941009521484,54.905941009521484
identity,natural,59,0.0819343775510788,0.0819343775510788
identity,natural,60,0.004466085694730282,0.004466085694730282
identity,natural,61,0.01086831372231245,0.01086831372231245
identity,natural,62,1.2189339399337769,1.2189339399337769
identity,natural,63,0.9084282517433167,0.9084282517433167
identity,natural,64,0.24833202362060547,0.24833202362060547
identity,natural,65,8.153753280639648,8.153753280639648
identity,natural,66,21.024259567260742,21.024259567260742
identity,natural,67,0.15814371407032013,0.15814371407032013
identity,natural,68,0.18946301937103271,0.18946301937103271
identity,natural,69,0.09312669187784195,0.09312669187784195
identity,natural,70,0.12041357159614563,0.12041357159614563
identity,natural,71,0.1940988451242447,0.1940988451242447
identity,natural,72,0.021386293694376945,0.021386293694376945
identity,natural,73,0.0005832492606714368,0.0005832492606714368
identity,natural,74,0.0,0.0
identity,natural,75,0.0,0.0
identity,vx_minus,0,0.003943309653550386,0.003943309653550386
identity,vx_minus,1,0.010071647353470325,0.010071647353470325
identity,vx_minus,2,8.525048178853467e-05,8.525048178853467e-05
identity,vx_minus,3,0.2147996872663498,0.2147996872663498
identity,vx_minus,4,1.3161544799804688,1.3161544799804688
identity,vx_minus,5,0.4249645471572876,0.4249645471572876
identity,vx_minus,6,40.130489349365234,40.130489349365234
identity,vx_minus,7,16.88040542602539,16.88040542602539
identity,vx_minus,8,67.42843627929688,67.42843627929688
identity,vx_minus,9,0.08782264590263367,0.08782264590263367
identity,vx_minus,10,0.006346219684928656,0.006346219684928656
identity,vx_minus,11,0.010642318055033684,0.010642318055033684
identity,vx_minus,12,1.3534679412841797,1.3534679412841797
identity,vx_minus,13,0.9021540284156799,0.9021540284156799
identity,vx_minus,14,0.2240600734949112,0.2240600734949112
identity,vx_minus,15,12.955208778381348,12.955208778381348
identity,vx_minus,16,19.588451385498047,19.588451385498047
identity,vx_minus,17,0.20103077590465546,0.20103077590465546
identity,vx_minus,18,0.24289751052856445,0.24289751052856445
identity,vx_minus,19,0.07684361934661865,0.07684361934661865
identity,vx_minus,20,0.09794407337903976,0.09794407337903976
identity,vx_minus,21,0.2812659740447998,0.2812659740447998
identity,vx_minus,22,0.03553691878914833,0.03553691878914833
identity,vx_minus,23,0.0005564727471210063,0.0005564727471210063
identity,vx_minus,24,0.0,0.0
identity,vx_minus,25,0.003946978598833084,0.003946978598833084
identity,vx_minus,26,0.010700719431042671,0.010700719431042671
identity,vx_minus,27,8.54951940709725e-05,8.54951940709725e-05
identity,vx_minus,28,0.2226344496011734,0.2226344496011734
identity,vx_minus,29,1.3288207054138184,1.3288207054138184
identity,vx_minus,30,0.4250900447368622,0.4250900447368622
identity,vx_minus,31,42.001922607421875,42.001922607421875
identity,vx_minus,32,16.919384002685547,16.919384002685547
identity,vx_minus,33,70.74492645263672,70.74492645263672
identity,vx_minus,34,0.08815927803516388,0.08815927803516388
identity,vx_minus,35,0.00687649380415678,0.00687649380415678
identity,vx_minus,36,0.010778998024761677,0.010778998024761677
identity,vx_minus,37,1.423629641532898,1.423629641532898
identity,vx_minus,38,0.9280245900154114,0.9280245900154114
identity,vx_minus,39,0.22847434878349304,0.22847434878349304
identity,vx_minus,40,13.075284004211426,13.075284004211426
identity,vx_minus,41,20.263896942138672,20.263896942138672
identity,vx_minus,42,0.23324498534202576,0.23324498534202576
identity,vx_minus,43,0.24523282051086426,0.24523282051086426
identity,vx_minus,44,0.07898668944835663,0.07898668944835663
identity,vx_minus,45,0.09974198043346405,0.09974198043346405
identity,vx_minus,46,0.30600905418395996,0.30600905418395996
identity,vx_minus,47,0.040753334760665894,0.040753334760665894
identity,vx_minus,48,0.0005564920720644295,0.0005564920720644295
identity,vx_minus,49,0.0,0.0
identity,vx_minus,50,0.003949033096432686,0.003949033096432686
identity,vx_minus,51,0.011556938290596008,0.011556938290596008
identity,vx_minus,52,8.667424117447808e-05,8.667424117447808e-05
identity,vx_minus,53,0.22661976516246796,0.22661976516246796
identity,vx_minus,54,1.3551219701766968,1.3551219701766968
identity,vx_minus,55,0.42678529024124146,0.42678529024124146
identity,vx_minus,56,42.008907318115234,42.008907318115234
identity,vx_minus,57,17.069421768188477,17.069421768188477
identity,vx_minus,58,70.83808898925781,70.83808898925781
identity,vx_minus,59,0.08915167301893234,0.08915167301893234
identity,vx_minus,60,0.007420234847813845,0.007420234847813845
identity,vx_minus,61,0.010933879762887955,0.010933879762887955
identity,vx_minus,62,1.4992130994796753,1.4992130994796753
identity,vx_minus,63,0.9423163533210754,0.9423163533210754
identity,vx_minus,64,0.2285950630903244,0.2285950630903244
identity,vx_minus,65,13.169015884399414,13.169015884399414
identity,vx_minus,66,20.931129455566406,20.931129455566406
identity,vx_minus,67,0.25486716628074646,0.25486716628074646
identity,vx_minus,68,0.24970297515392303,0.24970297515392303
identity,vx_minus,69,0.07901868224143982,0.07901868224143982
identity,vx_minus,70,0.11729219555854797,0.11729219555854797
identity,vx_minus,71,0.3284517824649811,0.3284517824649811
identity,vx_minus,72,0.04634130746126175,0.04634130746126175
identity,vx_minus,73,0.0005565983010455966,0.0005565983010455966
identity,vx_minus,74,0.0,0.0
identity,vx_minus,75,0.0,0.0
identity,x_minus,0,0.0038061405066400766,0.0038061405066400766
identity,x_minus,1,0.008098380640149117,0.008098380640149117
identity,x_minus,2,3.451747397775762e-05,3.451747397775762e-05
identity,x_minus,3,0.16634388267993927,0.16634388267993927
identity,x_minus,4,1.2958916425704956,1.2958916425704956
identity,x_minus,5,0.3593697249889374,0.3593697249889374
identity,x_minus,6,27.772092819213867,27.772092819213867
identity,x_minus,7,5.705462455749512,5.705462455749512
identity,x_minus,8,46.44987487792969,46.44987487792969
identity,x_minus,9,0.08138171583414078,0.08138171583414078
identity,x_minus,10,0.004031949210911989,0.004031949210911989
identity,x_minus,11,0.010601293295621872,0.010601293295621872
identity,x_minus,12,1.1995861530303955,1.1995861530303955
identity,x_minus,13,0.9045985341072083,0.9045985341072083
identity,x_minus,14,0.2389490306377411,0.2389490306377411
identity,x_minus,15,7.914794445037842,7.914794445037842
identity,x_minus,16,19.021039962768555,19.021039962768555
identity,x_minus,17,0.18408267199993134,0.18408267199993134
identity,x_minus,18,0.19844533503055573,0.19844533503055573
identity,x_minus,19,0.08665511012077332,0.08665511012077332
identity,x_minus,20,0.09988473355770111,0.09988473355770111
identity,x_minus,21,0.16556915640830994,0.16556915640830994
identity,x_minus,22,0.015734056010842323,0.015734056010842323
identity,x_minus,23,0.0006451344233937562,0.0006451344233937562
identity,x_minus,24,0.0,0.0
identity,x_minus,25,0.0038063472602516413,0.0038063472602516413
identity,x_minus,26,0.009454903192818165,0.009454903192818165
identity,x_minus,27,3.8497269997606054e-05,3.8497269997606054e-05
identity,x_minus,28,0.16634723544120789,0.16634723544120789
identity,x_minus,29,1.3114211559295654,1.3114211559295654
identity,x_minus,30,0.36531946063041687,0.36531946063041687
identity,x_minus,31,36.59415817260742,36.59415817260742
identity,x_minus,32,8.864782333374023,8.864782333374023
identity,x_minus,33,49.83060073852539,49.83060073852539
identity,x_minus,34,0.08319544792175293,0.08319544792175293
identity,x_minus,35,0.004033087287098169,0.004033087287098169
identity,x_minus,36,0.010778139345347881,0.010778139345347881
identity,x_minus,37,1.201839566230774,1.201839566230774
identity,x_minus,38,0.9354973435401917,0.9354973435401917
identity,x_minus,39,0.28150537610054016,0.28150537610054016
identity,x_minus,40,7.925238609313965,7.925238609313965
identity,x_minus,41,19.691761016845703,19.691761016845703
identity,x_minus,42,0.19670018553733826,0.19670018553733826
identity,x_minus,43,0.20093116164207458,0.20093116164207458
identity,x_minus,44,0.09018109738826752,0.09018109738826752
identity,x_minus,45,0.10453616827726364,0.10453616827726364
identity,x_minus,46,0.17499378323554993,0.17499378323554993
identity,x_minus,47,0.01871480606496334,0.01871480606496334
identity,x_minus,48,0.0006532950792461634,0.0006532950792461634
identity,x_minus,49,0.0,0.0
identity,x_minus,50,0.0038627905305474997,0.0038627905305474997
identity,x_minus,51,0.010727878659963608,0.010727878659963608
identity,x_minus,52,4.065268876729533e-05,4.065268876729533e-05
identity,x_minus,53,0.16904081404209137,0.16904081404209137
identity,x_minus,54,1.3821439743041992,1.3821439743041992
identity,x_minus,55,0.3778212368488312,0.3778212368488312
identity,x_minus,56,39.2998161315918,39.2998161315918
identity,x_minus,57,12.491174697875977,12.491174697875977
identity,x_minus,58,53.09922790527344,53.09922790527344
identity,x_minus,59,0.087192103266716,0.087192103266716
identity,x_minus,60,0.0040479013696312904,0.0040479013696312904
identity,x_minus,61,0.010958644561469555,0.010958644561469555
identity,x_minus,62,1.258894681930542,1.258894681930542
identity,x_minus,63,0.9641653895378113,0.9641653895378113
identity,x_minus,64,0.28522610664367676,0.28522610664367676
identity,x_minus,65,7.984573841094971,7.984573841094971
identity,x_minus,66,21.15220069885254,21.15220069885254
identity,x_minus,67,0.1968185156583786,0.1968185156583786
identity,x_minus,68,0.20143374800682068,0.20143374800682068
identity,x_minus,69,0.0972614735364914,0.0972614735364914
identity,x_minus,70,0.10997821390628815,0.10997821390628815
identity,x_minus,71,0.19606809318065643,0.19606809318065643
identity,x_minus,72,0.021996062248945236,0.021996062248945236
identity,x_minus,73,0.0006533009000122547,0.0006533009000122547
identity,x_minus,74,0.0,0.0
identity,x_minus,75,0.0,0.0
identity,vx_plus,0,0.0038480476941913366,0.0038480476941913366
identity,vx_plus,1,0.008221843279898167,0.008221843279898167
identity,vx_plus,2,4.52322892670054e-05,4.52322892670054e-05
identity,vx_plus,3,0.1438809633255005,0.1438809633255005
identity,vx_plus,4,1.6726831197738647,1.6726831197738647
identity,vx_plus,5,0.35641491413116455,0.35641491413116455
identity,vx_plus,6,48.19786071777344,48.19786071777344
identity,vx_plus,7,8.193618774414062,8.193618774414062
identity,vx_plus,8,63.21668243408203,63.21668243408203
identity,vx_plus,9,0.07772816717624664,0.07772816717624664
identity,vx_plus,10,0.009267335757613182,0.009267335757613182
identity,vx_plus,11,0.011243010871112347,0.011243010871112347
identity,vx_plus,12,1.2334083318710327,1.2334083318710327
identity,vx_plus,13,1.1367956399917603,1.1367956399917603
identity,vx_plus,14,0.2894786596298218,0.2894786596298218
identity,vx_plus,15,8.079882621765137,8.079882621765137
identity,vx_plus,16,20.330156326293945,20.330156326293945
identity,vx_plus,17,0.19094663858413696,0.19094663858413696
identity,vx_plus,18,0.20684923231601715,0.20684923231601715
identity,vx_plus,19,0.14660175144672394,0.14660175144672394
identity,vx_plus,20,0.14764240384101868,0.14764240384101868
identity,vx_plus,21,0.15241993963718414,0.15241993963718414
identity,vx_plus,22,0.015662409365177155,0.015662409365177155
identity,vx_plus,23,0.0006029882351867855,0.0006029882351867855
identity,vx_plus,24,0.0,0.0
identity,vx_plus,25,0.003860946511849761,0.003860946511849761
identity,vx_plus,26,0.008800018578767776,0.008800018578767776
identity,vx_plus,27,4.64385848317761e-05,4.64385848317761e-05
identity,vx_plus,28,0.14539021253585815,0.14539021253585815
identity,vx_plus,29,1.7208783626556396,1.7208783626556396
identity,vx_plus,30,0.35979777574539185,0.35979777574539185
identity,vx_plus,31,48.29034423828125,48.29034423828125
identity,vx_plus,32,8.232165336608887,8.232165336608887
identity,vx_plus,33,64.0266342163086,64.0266342163086
identity,vx_plus,34,0.07773258537054062,0.07773258537054062
identity,vx_plus,35,0.009267340414226055,0.009267340414226055
identity,vx_plus,36,0.011407190933823586,0.011407190933823586
identity,vx_plus,37,1.2671666145324707,1.2671666145324707
identity,vx_plus,38,1.136810302734375,1.136810302734375
identity,vx_plus,39,0.289650022983551,0.289650022983551
identity,vx_plus,40,8.119972229003906,8.119972229003906
identity,vx_plus,41,20.949766159057617,20.949766159057617
identity,vx_plus,42,0.19302605092525482,0.19302605092525482
identity,vx_plus,43,0.2097298949956894,0.2097298949956894
identity,vx_plus,44,0.14805763959884644,0.14805763959884644
identity,vx_plus,45,0.149927020072937,0.149927020072937
identity,vx_plus,46,0.16817541420459747,0.16817541420459747
identity,vx_plus,47,0.018483228981494904,0.018483228981494904
identity,vx_plus,48,0.0006074814009480178,0.0006074814009480178
identity,vx_plus,49,0.0,0.0
identity,vx_plus,50,0.003935688640922308,0.003935688640922308
identity,vx_plus,51,0.00954483449459076,0.00954483449459076
identity,vx_plus,52,4.8673839046387e-05,4.8673839046387e-05
identity,vx_plus,53,0.14646147191524506,0.14646147191524506
identity,vx_plus,54,1.7714885473251343,1.7714885473251343
identity,vx_plus,55,0.36330127716064453,0.36330127716064453
identity,vx_plus,56,48.307838439941406,48.307838439941406
identity,vx_plus,57,8.239520072937012,8.239520072937012
identity,vx_plus,58,64.83677673339844,64.83677673339844
identity,vx_plus,59,0.07888733595609665,0.07888733595609665
identity,vx_plus,60,0.0092683220282197,0.0092683220282197
identity,vx_plus,61,0.011557023972272873,0.011557023972272873
identity,vx_plus,62,1.2703770399093628,1.2703770399093628
identity,vx_plus,63,1.1720741987228394,1.1720741987228394
identity,vx_plus,64,0.29494455456733704,0.29494455456733704
identity,vx_plus,65,8.206549644470215,8.206549644470215
identity,vx_plus,66,21.67592430114746,21.67592430114746
identity,vx_plus,67,0.20066827535629272,0.20066827535629272
identity,vx_plus,68,0.21119175851345062,0.21119175851345062
identity,vx_plus,69,0.15085454285144806,0.15085454285144806
identity,vx_plus,70,0.15180698037147522,0.15180698037147522
identity,vx_plus,71,0.18633322417736053,0.18633322417736053
identity,vx_plus,72,0.02152714692056179,0.02152714692056179
identity,vx_plus,73,0.0006089373491704464,0.0006089373491704464
identity,vx_plus,74,0.0,0.0
identity,vx_plus,75,0.0,0.0
identity,x_plus,0,0.003626464167609811,0.003626464167609811
identity,x_plus,1,0.007425518240779638,0.007425518240779638
identity,x_plus,2,2.7010868507204577e-05,2.7010868507204577e-05
identity,x_plus,3,0.16655205190181732,0.16655205190181732
identity,x_plus,4,1.4144350290298462,1.4144350290298462
identity,x_plus,5,0.3606570363044739,0.3606570363044739
identity,x_plus,6,31.428722381591797,31.428722381591797
identity,x_plus,7,24.869539260864258,24.869539260864258
identity,x_plus,8,52.30657196044922,52.30657196044922
identity,x_plus,9,0.08239547163248062,0.08239547163248062
identity,x_plus,10,0.005484313704073429,0.005484313704073429
identity,x_plus,11,0.010466817766427994,0.010466817766427994
identity,x_plus,12,1.2401723861694336,1.2401723861694336
identity,x_plus,13,0.9078540802001953,0.9078540802001953
identity,x_plus,14,0.25341761112213135,0.25341761112213135
identity,x_plus,15,8.117252349853516,8.117252349853516
identity,x_plus,16,19.341711044311523,19.341711044311523
identity,x_plus,17,0.20398499071598053,0.20398499071598053
identity,x_plus,18,0.22451210021972656,0.22451210021972656
identity,x_plus,19,0.09241245687007904,0.09241245687007904
identity,x_plus,20,0.11219489574432373,0.11219489574432373
identity,x_plus,21,0.15545958280563354,0.15545958280563354
identity,x_plus,22,0.015948479995131493,0.015948479995131493
identity,x_plus,23,0.0005596854025498033,0.0005596854025498033
identity,x_plus,24,0.0,0.0
identity,x_plus,25,0.0036264644004404545,0.0036264644004404545
identity,x_plus,26,0.008036058396100998,0.008036058396100998
identity,x_plus,27,2.7048490665038116e-05,2.7048490665038116e-05
identity,x_plus,28,0.16829758882522583,0.16829758882522583
identity,x_plus,29,1.4315247535705566,1.4315247535705566
identity,x_plus,30,0.3818663954734802,0.3818663954734802
identity,x_plus,31,31.806726455688477,31.806726455688477
identity,x_plus,32,24.869657516479492,24.869657516479492
identity,x_plus,33,52.49922180175781,52.49922180175781
identity,x_plus,34,0.08520717173814774,0.08520717173814774
identity,x_plus,35,0.005487747024744749,0.005487747024744749
identity,x_plus,36,0.010657738894224167,0.010657738894224167
identity,x_plus,37,1.2414555549621582,1.2414555549621582
identity,x_plus,38,0.9093033075332642,0.9093033075332642
identity,x_plus,39,0.2535502314567566,0.2535502314567566
identity,x_plus,40,8.156469345092773,8.156469345092773
identity,x_plus,41,20.083784103393555,20.083784103393555
identity,x_plus,42,0.206075057387352,0.206075057387352
identity,x_plus,43,0.23300254344940186,0.23300254344940186
identity,x_plus,44,0.09538545459508896,0.09538545459508896
identity,x_plus,45,0.12110936641693115,0.12110936641693115
identity,x_plus,46,0.1679752916097641,0.1679752916097641
identity,x_plus,47,0.01893806643784046,0.01893806643784046
identity,x_plus,48,0.0005599733558483422,0.0005599733558483422
identity,x_plus,49,0.0,0.0
identity,x_plus,50,0.003630631137639284,0.003630631137639284
identity,x_plus,51,0.008423876017332077,0.008423876017332077
identity,x_plus,52,2.7148866138304584e-05,2.7148866138304584e-05
identity,x_plus,53,0.1707373410463333,0.1707373410463333
identity,x_plus,54,1.4858001470565796,1.4858001470565796
identity,x_plus,55,0.4040944278240204,0.4040944278240204
identity,x_plus,56,31.934711456298828,31.934711456298828
identity,x_plus,57,24.87005615234375,24.87005615234375
identity,x_plus,58,53.9482421875,53.9482421875
identity,x_plus,59,0.08754149079322815,0.08754149079322815
identity,x_plus,60,0.0055330609902739525,0.0055330609902739525
identity,x_plus,61,0.010809281840920448,0.010809281840920448
identity,x_plus,62,1.2417387962341309,1.2417387962341309
identity,x_plus,63,0.9135109782218933,0.9135109782218933
identity,x_plus,64,0.2537493109703064,0.2537493109703064
identity,x_plus,65,8.234944343566895,8.234944343566895
identity,x_plus,66,20.754486083984375,20.754486083984375
identity,x_plus,67,0.20759513974189758,0.20759513974189758
identity,x_plus,68,0.2351098656654358,0.2351098656654358
identity,x_plus,69,0.09882555902004242,0.09882555902004242
identity,x_plus,70,0.1237185001373291,0.1237185001373291
identity,x_plus,71,0.18224988877773285,0.18224988877773285
identity,x_plus,72,0.02216624654829502,0.02216624654829502
identity,x_plus,73,0.0005602173623628914,0.0005602173623628914
identity,x_plus,74,0.0,0.0
identity,x_plus,75,0.0,0.0
current_affine,natural,0,0.0037353779189288616,0.0037353779189288616
current_affine,natural,1,0.006603906862437725,0.006603906862437725
current_affine,natural,2,3.086257856921293e-05,3.086257856921293e-05
current_affine,natural,3,0.14760391414165497,0.06277299672365189
current_affine,natural,4,1.3526183366775513,1.048398733139038
current_affine,natural,5,0.3417671322822571,0.1565125584602356
current_affine,natural,6,28.792680740356445,18.190223693847656
current_affine,natural,7,6.850931644439697,5.824032783508301
current_affine,natural,8,51.64994812011719,31.49027442932129
current_affine,natural,9,0.07901972532272339,0.07901972532272339
current_affine,natural,10,0.00445465836673975,0.00445465836673975
current_affine,natural,11,0.010518901981413364,0.010518901981413364
current_affine,natural,12,1.2128574848175049,1.2128574848175049
current_affine,natural,13,0.8704143166542053,0.8704143166542053
current_affine,natural,14,0.2480604648590088,0.2480604648590088
current_affine,natural,15,8.051445960998535,8.051445960998535
current_affine,natural,16,18.896730422973633,18.896730422973633
current_affine,natural,17,0.14583446085453033,0.14583446085453033
current_affine,natural,18,0.18737229704856873,0.18737229704856873
current_affine,natural,19,0.08574507385492325,0.08574507385492325
current_affine,natural,20,0.11718481034040451,0.11718481034040451
current_affine,natural,21,0.15446478128433228,0.15446478128433228
current_affine,natural,22,0.015383880585432053,0.015383880585432053
current_affine,natural,23,0.0005755507154390216,0.0005755507154390216
current_affine,natural,24,0.0,0.0
current_affine,natural,25,0.003740672953426838,0.003740672953426838
current_affine,natural,26,0.007238212041556835,0.007238212041556835
current_affine,natural,27,3.095775900874287e-05,3.095775900874287e-05
current_affine,natural,28,0.15059007704257965,0.06481418758630753
current_affine,natural,29,1.412497639656067,1.0774073600769043
current_affine,natural,30,0.341767281293869,0.16014832258224487
current_affine,natural,31,28.950725555419922,18.247081756591797
current_affine,natural,32,6.8587870597839355,5.847741603851318
current_affine,natural,33,52.86007308959961,31.923080444335938
current_affine,natural,34,0.07923120260238647,0.07923120260238647
current_affine,natural,35,0.004465148784220219,0.004465148784220219
current_affine,natural,36,0.010696161538362503,0.010696161538362503
current_affine,natural,37,1.21688711643219,1.21688711643219
current_affine,natural,38,0.8706594705581665,0.8706594705581665
current_affine,natural,39,0.24830389022827148,0.24830389022827148
current_affine,natural,40,8.09766674041748,8.09766674041748
current_affine,natural,41,19.589744567871094,19.589744567871094
current_affine,natural,42,0.150124654173851,0.150124654173851
current_affine,natural,43,0.18838568031787872,0.18838568031787872
current_affine,natural,44,0.09055808186531067,0.09055808186531067
current_affine,natural,45,0.11811251938343048,0.11811251938343048
current_affine,natural,46,0.16750337183475494,0.16750337183475494
current_affine,natural,47,0.018190810456871986,0.018190810456871986
current_affine,natural,48,0.0005759119521826506,0.0005759119521826506
current_affine,natural,49,0.0,0.0
current_affine,natural,50,0.0037416676059365273,0.0037416676059365273
current_affine,natural,51,0.00799480639398098,0.00799480639398098
current_affine,natural,52,3.123579153907485e-05,3.123579153907485e-05
current_affine,natural,53,0.1506025791168213,0.06486508995294571
current_affine,natural,54,1.5096428394317627,1.0915700197219849
current_affine,natural,55,0.3443498909473419,0.16016441583633423
current_affine,natural,56,29.295269012451172,18.28449249267578
current_affine,natural,57,6.9606828689575195,5.979442119598389
current_affine,natural,58,54.905941009521484,31.958040237426758
current_affine,natural,59,0.0819343775510788,0.0819343775510788
current_affine,natural,60,0.004466085694730282,0.004466085694730282
current_affine,natural,61,0.01086831372231245,0.01086831372231245
current_affine,natural,62,1.2189339399337769,1.2189339399337769
current_affine,natural,63,0.9084282517433167,0.9084282517433167
current_affine,natural,64,0.24833202362060547,0.24833202362060547
current_affine,natural,65,8.153753280639648,8.153753280639648
current_affine,natural,66,21.024259567260742,21.024259567260742
current_affine,natural,67,0.15814371407032013,0.15814371407032013
current_affine,natural,68,0.18946301937103271,0.18946301937103271
current_affine,natural,69,0.09312669187784195,0.09312669187784195
current_affine,natural,70,0.12041357159614563,0.12041357159614563
current_affine,natural,71,0.1940988451242447,0.1940988451242447
current_affine,natural,72,0.021386293694376945,0.021386293694376945
current_affine,natural,73,0.0005832492606714368,0.0005832492606714368
current_affine,natural,74,0.0,0.0
current_affine,natural,75,0.0,0.0
current_affine,vx_minus,0,0.003943309653550386,0.003943309653550386
current_affine,vx_minus,1,0.010071647353470325,0.010071647353470325
current_affine,vx_minus,2,8.525048178853467e-05,8.525048178853467e-05
current_affine,vx_minus,3,0.2147996872663498,0.04834957793354988
current_affine,vx_minus,4,1.3161544799804688,0.9302362203598022
current_affine,vx_minus,5,0.4249645471572876,0.12712492048740387
current_affine,vx_minus,6,40.130489349365234,16.997575759887695
current_affine,vx_minus,7,16.88040542602539,5.820413589477539
current_affine,vx_minus,8,67.42843627929688,32.06745529174805
current_affine,vx_minus,9,0.08782264590263367,0.08782264590263367
current_affine,vx_minus,10,0.006346219684928656,0.006346219684928656
current_affine,vx_minus,11,0.010642318055033684,0.010642318055033684
current_affine,vx_minus,12,1.3534679412841797,1.3534679412841797
current_affine,vx_minus,13,0.9021540284156799,0.9021540284156799
current_affine,vx_minus,14,0.2240600734949112,0.2240600734949112
current_affine,vx_minus,15,12.955208778381348,12.955208778381348
current_affine,vx_minus,16,19.588451385498047,19.588451385498047
current_affine,vx_minus,17,0.20103077590465546,0.20103077590465546
current_affine,vx_minus,18,0.24289751052856445,0.24289751052856445
current_affine,vx_minus,19,0.07684361934661865,0.07684361934661865
current_affine,vx_minus,20,0.09794407337903976,0.09794407337903976
current_affine,vx_minus,21,0.2812659740447998,0.2812659740447998
current_affine,vx_minus,22,0.03553691878914833,0.03553691878914833
current_affine,vx_minus,23,0.0005564727471210063,0.0005564727471210063
current_affine,vx_minus,24,0.0,0.0
current_affine,vx_minus,25,0.003946978598833084,0.003946978598833084
current_affine,vx_minus,26,0.010700719431042671,0.010700719431042671
current_affine,vx_minus,27,8.54951940709725e-05,8.54951940709725e-05
current_affine,vx_minus,28,0.2226344496011734,0.04851939156651497
current_affine,vx_minus,29,1.3288207054138184,0.9364669919013977
current_affine,vx_minus,30,0.4250900447368622,0.13214176893234253
current_affine,vx_minus,31,42.001922607421875,17.004066467285156
current_affine,vx_minus,32,16.919384002685547,5.820433616638184
current_affine,vx_minus,33,70.74492645263672,32.414249420166016
current_affine,vx_minus,34,0.08815927803516388,0.08815927803516388
current_affine,vx_minus,35,0.00687649380415678,0.00687649380415678
current_affine,vx_minus,36,0.010778998024761677,0.010778998024761677
current_affine,vx_minus,37,1.423629641532898,1.423629641532898
current_affine,vx_minus,38,0.9280245900154114,0.9280245900154114
current_affine,vx_minus,39,0.22847434878349304,0.22847434878349304
current_affine,vx_minus,40,13.075284004211426,13.075284004211426
current_affine,vx_minus,41,20.263896942138672,20.263896942138672
current_affine,vx_minus,42,0.23324498534202576,0.23324498534202576
current_affine,vx_minus,43,0.24523282051086426,0.24523282051086426
current_affine,vx_minus,44,0.07898668944835663,0.07898668944835663
current_affine,vx_minus,45,0.09974198043346405,0.09974198043346405
current_affine,vx_minus,46,0.30600905418395996,0.30600905418395996
current_affine,vx_minus,47,0.040753334760665894,0.040753334760665894
current_affine,vx_minus,48,0.0005564920720644295,0.0005564920720644295
current_affine,vx_minus,49,0.0,0.0
current_affine,vx_minus,50,0.003949033096432686,0.003949033096432686
current_affine,vx_minus,51,0.011556938290596008,0.011556938290596008
current_affine,vx_minus,52,8.667424117447808e-05,8.667424117447808e-05
current_affine,vx_minus,53,0.22661976516246796,0.04875524342060089
current_affine,vx_minus,54,1.3551219701766968,0.9367550015449524
current_affine,vx_minus,55,0.42678529024124146,0.13305343687534332
current_affine,vx_minus,56,42.008907318115234,17.010295867919922
current_affine,vx_minus,57,17.069421768188477,5.820741653442383
current_affine,vx_minus,58,70.83808898925781,32.482337951660156
current_affine,vx_minus,59,0.08915167301893234,0.08915167301893234
current_affine,vx_minus,60,0.007420234847813845,0.007420234847813845
current_affine,vx_minus,61,0.010933879762887955,0.010933879762887955
current_affine,vx_minus,62,1.4992130994796753,1.4992130994796753
current_affine,vx_minus,63,0.9423163533210754,0.9423163533210754
current_affine,vx_minus,64,0.2285950630903244,0.2285950630903244
current_affine,vx_minus,65,13.169015884399414,13.169015884399414
current_affine,vx_minus,66,20.931129455566406,20.931129455566406
current_affine,vx_minus,67,0.25486716628074646,0.25486716628074646
current_affine,vx_minus,68,0.24970297515392303,0.24970297515392303
current_affine,vx_minus,69,0.07901868224143982,0.07901868224143982
current_affine,vx_minus,70,0.11729219555854797,0.11729219555854797
current_affine,vx_minus,71,0.3284517824649811,0.3284517824649811
current_affine,vx_minus,72,0.04634130746126175,0.04634130746126175
current_affine,vx_minus,73,0.0005565983010455966,0.0005565983010455966
current_affine,vx_minus,74,0.0,0.0
current_affine,vx_minus,75,0.0,0.0
current_affine,x_minus,0,0.0038061405066400766,0.0038061405066400766
current_affine,x_minus,1,0.008098380640149117,0.008098380640149117
current_affine,x_minus,2,3.451747397775762e-05,3.451747397775762e-05
current_affine,x_minus,3,0.16634388267993927,0.06254774332046509
current_affine,x_minus,4,1.2958916425704956,1.030084252357483
current_affine,x_minus,5,0.3593697249889374,0.15709251165390015
current_affine,x_minus,6,27.772092819213867,17.808509826660156
current_affine,x_minus,7,5.705462455749512,5.829066753387451
current_affine,x_minus,8,46.44987487792969,32.20981216430664
current_affine,x_minus,9,0.08138171583414078,0.08138171583414078
current_affine,x_minus,10,0.004031949210911989,0.004031949210911989
current_affine,x_minus,11,0.010601293295621872,0.010601293295621872
current_affine,x_minus,12,1.1995861530303955,1.1995861530303955
current_affine,x_minus,13,0.9045985341072083,0.9045985341072083
current_affine,x_minus,14,0.2389490306377411,0.2389490306377411
current_affine,x_minus,15,7.914794445037842,7.914794445037842
current_affine,x_minus,16,19.021039962768555,19.021039962768555
current_affine,x_minus,17,0.18408267199993134,0.18408267199993134
current_affine,x_minus,18,0.19844533503055573,0.19844533503055573
current_affine,x_minus,19,0.08665511012077332,0.08665511012077332
current_affine,x_minus,20,0.09988473355770111,0.09988473355770111
current_affine,x_minus,21,0.16556915640830994,0.16556915640830994
current_affine,x_minus,22,0.015734056010842323,0.015734056010842323
current_affine,x_minus,23,0.0006451344233937562,0.0006451344233937562
current_affine,x_minus,24,0.0,0.0
current_affine,x_minus,25,0.0038063472602516413,0.0038063472602516413
current_affine,x_minus,26,0.009454903192818165,0.009454903192818165
current_affine,x_minus,27,3.8497269997606054e-05,3.8497269997606054e-05
current_affine,x_minus,28,0.16634723544120789,0.06539103388786316
current_affine,x_minus,29,1.3114211559295654,1.049755573272705
current_affine,x_minus,30,0.36531946063041687,0.16530336439609528
current_affine,x_minus,31,36.59415817260742,17.82534408569336
current_affine,x_minus,32,8.864782333374023,5.8552374839782715
current_affine,x_minus,33,49.83060073852539,32.374664306640625
current_affine,x_minus,34,0.08319544792175293,0.08319544792175293
current_affine,x_minus,35,0.004033087287098169,0.004033087287098169
current_affine,x_minus,36,0.010778139345347881,0.010778139345347881
current_affine,x_minus,37,1.201839566230774,1.201839566230774
current_affine,x_minus,38,0.9354973435401917,0.9354973435401917
current_affine,x_minus,39,0.28150537610054016,0.28150537610054016
current_affine,x_minus,40,7.925238609313965,7.925238609313965
current_affine,x_minus,41,19.691761016845703,19.691761016845703
current_affine,x_minus,42,0.19670018553733826,0.19670018553733826
current_affine,x_minus,43,0.20093116164207458,0.20093116164207458
current_affine,x_minus,44,0.09018109738826752,0.09018109738826752
current_affine,x_minus,45,0.10453616827726364,0.10453616827726364
current_affine,x_minus,46,0.17499378323554993,0.17499378323554993
current_affine,x_minus,47,0.01871480606496334,0.01871480606496334
current_affine,x_minus,48,0.0006532950792461634,0.0006532950792461634
current_affine,x_minus,49,0.0,0.0
current_affine,x_minus,50,0.0038627905305474997,0.0038627905305474997
current_affine,x_minus,51,0.010727878659963608,0.010727878659963608
current_affine,x_minus,52,4.065268876729533e-05,4.065268876729533e-05
current_affine,x_minus,53,0.16904081404209137,0.06564915925264359
current_affine,x_minus,54,1.3821439743041992,1.0609415769577026
current_affine,x_minus,55,0.3778212368488312,0.16574673354625702
current_affine,x_minus,56,39.2998161315918,18.1058406829834
current_affine,x_minus,57,12.491174697875977,5.994967937469482
current_affine,x_minus,58,53.09922790527344,32.383148193359375
current_affine,x_minus,59,0.087192103266716,0.087192103266716
current_affine,x_minus,60,0.0040479013696312904,0.0040479013696312904
current_affine,x_minus,61,0.010958644561469555,0.010958644561469555
current_affine,x_minus,62,1.258894681930542,1.258894681930542
current_affine,x_minus,63,0.9641653895378113,0.9641653895378113
current_affine,x_minus,64,0.28522610664367676,0.28522610664367676
current_affine,x_minus,65,7.984573841094971,7.984573841094971
current_affine,x_minus,66,21.15220069885254,21.15220069885254
current_affine,x_minus,67,0.1968185156583786,0.1968185156583786
current_affine,x_minus,68,0.20143374800682068,0.20143374800682068
current_affine,x_minus,69,0.0972614735364914,0.0972614735364914
current_affine,x_minus,70,0.10997821390628815,0.10997821390628815
current_affine,x_minus,71,0.19606809318065643,0.19606809318065643
current_affine,x_minus,72,0.021996062248945236,0.021996062248945236
current_affine,x_minus,73,0.0006533009000122547,0.0006533009000122547
current_affine,x_minus,74,0.0,0.0
current_affine,x_minus,75,0.0,0.0
current_affine,vx_plus,0,0.0038480476941913366,0.0038480476941913366
current_affine,vx_plus,1,0.008221843279898167,0.008221843279898167
current_affine,vx_plus,2,4.52322892670054e-05,4.52322892670054e-05
current_affine,vx_plus,3,0.1438809633255005,0.06359316408634186
current_affine,vx_plus,4,1.6726831197738647,1.123908519744873
current_affine,vx_plus,5,0.35641491413116455,0.13105346262454987
current_affine,vx_plus,6,48.19786071777344,18.479248046875
current_affine,vx_plus,7,8.193618774414062,5.098013401031494
current_affine,vx_plus,8,63.21668243408203,33.6102409362793
current_affine,vx_plus,9,0.07772816717624664,0.07772816717624664
current_affine,vx_plus,10,0.009267335757613182,0.009267335757613182
current_affine,vx_plus,11,0.011243010871112347,0.011243010871112347
current_affine,vx_plus,12,1.2334083318710327,1.2334083318710327
current_affine,vx_plus,13,1.1367956399917603,1.1367956399917603
current_affine,vx_plus,14,0.2894786596298218,0.2894786596298218
current_affine,vx_plus,15,8.079882621765137,8.079882621765137
current_affine,vx_plus,16,20.330156326293945,20.330156326293945
current_affine,vx_plus,17,0.19094663858413696,0.19094663858413696
current_affine,vx_plus,18,0.20684923231601715,0.20684923231601715
current_affine,vx_plus,19,0.14660175144672394,0.14660175144672394
current_affine,vx_plus,20,0.14764240384101868,0.14764240384101868
current_affine,vx_plus,21,0.15241993963718414,0.15241993963718414
current_affine,vx_plus,22,0.015662409365177155,0.015662409365177155
current_affine,vx_plus,23,0.0006029882351867855,0.0006029882351867855
current_affine,vx_plus,24,0.0,0.0
current_affine,vx_plus,25,0.003860946511849761,0.003860946511849761
current_affine,vx_plus,26,0.008800018578767776,0.008800018578767776
current_affine,vx_plus,27,4.64385848317761e-05,4.64385848317761e-05
current_affine,vx_plus,28,0.14539021253585815,0.06386364996433258
current_affine,vx_plus,29,1.7208783626556396,1.1489980220794678
current_affine,vx_plus,30,0.35979777574539185,0.1313665509223938
current_affine,vx_plus,31,48.29034423828125,18.54660987854004
current_affine,vx_plus,32,8.232165336608887,5.133312225341797
current_affine,vx_plus,33,64.0266342163086,33.901031494140625
current_affine,vx_plus,34,0.07773258537054062,0.07773258537054062
current_affine,vx_plus,35,0.009267340414226055,0.009267340414226055
current_affine,vx_plus,36,0.011407190933823586,0.011407190933823586
current_affine,vx_plus,37,1.2671666145324707,1.2671666145324707
current_affine,vx_plus,38,1.136810302734375,1.136810302734375
current_affine,vx_plus,39,0.289650022983551,0.289650022983551
current_affine,vx_plus,40,8.119972229003906,8.119972229003906
current_affine,vx_plus,41,20.949766159057617,20.949766159057617
current_affine,vx_plus,42,0.19302605092525482,0.19302605092525482
current_affine,vx_plus,43,0.2097298949956894,0.2097298949956894
current_affine,vx_plus,44,0.14805763959884644,0.14805763959884644
current_affine,vx_plus,45,0.149927020072937,0.149927020072937
current_affine,vx_plus,46,0.16817541420459747,0.16817541420459747
current_affine,vx_plus,47,0.018483228981494904,0.018483228981494904
current_affine,vx_plus,48,0.0006074814009480178,0.0006074814009480178
current_affine,vx_plus,49,0.0,0.0
current_affine,vx_plus,50,0.003935688640922308,0.003935688640922308
current_affine,vx_plus,51,0.00954483449459076,0.00954483449459076
current_affine,vx_plus,52,4.8673839046387e-05,4.8673839046387e-05
current_affine,vx_plus,53,0.14646147191524506,0.06422211974859238
current_affine,vx_plus,54,1.7714885473251343,1.1603211164474487
current_affine,vx_plus,55,0.36330127716064453,0.13162513077259064
current_affine,vx_plus,56,48.307838439941406,18.54660987854004
current_affine,vx_plus,57,8.239520072937012,5.134507656097412
current_affine,vx_plus,58,64.83677673339844,34.05046844482422
current_affine,vx_plus,59,0.07888733595609665,0.07888733595609665
current_affine,vx_plus,60,0.0092683220282197,0.0092683220282197
current_affine,vx_plus,61,0.011557023972272873,0.011557023972272873
current_affine,vx_plus,62,1.2703770399093628,1.2703770399093628
current_affine,vx_plus,63,1.1720741987228394,1.1720741987228394
current_affine,vx_plus,64,0.29494455456733704,0.29494455456733704
current_affine,vx_plus,65,8.206549644470215,8.206549644470215
current_affine,vx_plus,66,21.67592430114746,21.67592430114746
current_affine,vx_plus,67,0.20066827535629272,0.20066827535629272
current_affine,vx_plus,68,0.21119175851345062,0.21119175851345062
current_affine,vx_plus,69,0.15085454285144806,0.15085454285144806
current_affine,vx_plus,70,0.15180698037147522,0.15180698037147522
current_affine,vx_plus,71,0.18633322417736053,0.18633322417736053
current_affine,vx_plus,72,0.02152714692056179,0.02152714692056179
current_affine,vx_plus,73,0.0006089373491704464,0.0006089373491704464
current_affine,vx_plus,74,0.0,0.0
current_affine,vx_plus,75,0.0,0.0
current_affine,x_plus,0,0.003626464167609811,0.003626464167609811
current_affine,x_plus,1,0.007425518240779638,0.007425518240779638
current_affine,x_plus,2,2.7010868507204577e-05,2.7010868507204577e-05
current_affine,x_plus,3,0.16655205190181732,0.07073350250720978
current_affine,x_plus,4,1.4144350290298462,1.0074491500854492
current_affine,x_plus,5,0.3606570363044739,0.15302835404872894
current_affine,x_plus,6,31.428722381591797,18.291973114013672
current_affine,x_plus,7,24.869539260864258,5.839749336242676
current_affine,x_plus,8,52.30657196044922,32.74060821533203
current_affine,x_plus,9,0.08239547163248062,0.08239547163248062
current_affine,x_plus,10,0.005484313704073429,0.005484313704073429
current_affine,x_plus,11,0.010466817766427994,0.010466817766427994
current_affine,x_plus,12,1.2401723861694336,1.2401723861694336
current_affine,x_plus,13,0.9078540802001953,0.9078540802001953
current_affine,x_plus,14,0.25341761112213135,0.25341761112213135
current_affine,x_plus,15,8.117252349853516,8.117252349853516
current_affine,x_plus,16,19.341711044311523,19.341711044311523
current_affine,x_plus,17,0.20398499071598053,0.20398499071598053
current_affine,x_plus,18,0.22451210021972656,0.22451210021972656
current_affine,x_plus,19,0.09241245687007904,0.09241245687007904
current_affine,x_plus,20,0.11219489574432373,0.11219489574432373
current_affine,x_plus,21,0.15545958280563354,0.15545958280563354
current_affine,x_plus,22,0.015948479995131493,0.015948479995131493
current_affine,x_plus,23,0.0005596854025498033,0.0005596854025498033
current_affine,x_plus,24,0.0,0.0
current_affine,x_plus,25,0.0036264644004404545,0.0036264644004404545
current_affine,x_plus,26,0.008036058396100998,0.008036058396100998
current_affine,x_plus,27,2.7048490665038116e-05,2.7048490665038116e-05
current_affine,x_plus,28,0.16829758882522583,0.07095273584127426
current_affine,x_plus,29,1.4315247535705566,1.0116983652114868
current_affine,x_plus,30,0.3818663954734802,0.1530362218618393
current_affine,x_plus,31,31.806726455688477,18.63339614868164
current_affine,x_plus,32,24.869657516479492,5.8409295082092285
current_affine,x_plus,33,52.49922180175781,32.756675720214844
current_affine,x_plus,34,0.08520717173814774,0.08520717173814774
current_affine,x_plus,35,0.005487747024744749,0.005487747024744749
current_affine,x_plus,36,0.010657738894224167,0.010657738894224167
current_affine,x_plus,37,1.2414555549621582,1.2414555549621582
current_affine,x_plus,38,0.9093033075332642,0.9093033075332642
current_affine,x_plus,39,0.2535502314567566,0.2535502314567566
current_affine,x_plus,40,8.156469345092773,8.156469345092773
current_affine,x_plus,41,20.083784103393555,20.083784103393555
current_affine,x_plus,42,0.206075057387352,0.206075057387352
current_affine,x_plus,43,0.23300254344940186,0.23300254344940186
current_affine,x_plus,44,0.09538545459508896,0.09538545459508896
current_affine,x_plus,45,0.12110936641693115,0.12110936641693115
current_affine,x_plus,46,0.1679752916097641,0.1679752916097641
current_affine,x_plus,47,0.01893806643784046,0.01893806643784046
current_affine,x_plus,48,0.0005599733558483422,0.0005599733558483422
current_affine,x_plus,49,0.0,0.0
current_affine,x_plus,50,0.003630631137639284,0.003630631137639284
current_affine,x_plus,51,0.008423876017332077,0.008423876017332077
current_affine,x_plus,52,2.7148866138304584e-05,2.7148866138304584e-05
current_affine,x_plus,53,0.1707373410463333,0.07095284759998322
current_affine,x_plus,54,1.4858001470565796,1.0359984636306763
current_affine,x_plus,55,0.4040944278240204,0.15306489169597626
current_affine,x_plus,56,31.934711456298828,18.639923095703125
current_affine,x_plus,57,24.87005615234375,5.841500282287598
current_affine,x_plus,58,53.9482421875,33.14335250854492
current_affine,x_plus,59,0.08754149079322815,0.08754149079322815
current_affine,x_plus,60,0.0055330609902739525,0.0055330609902739525
current_affine,x_plus,61,0.010809281840920448,0.010809281840920448
current_affine,x_plus,62,1.2417387962341309,1.2417387962341309
current_affine,x_plus,63,0.9135109782218933,0.9135109782218933
current_affine,x_plus,64,0.2537493109703064,0.2537493109703064
current_affine,x_plus,65,8.234944343566895,8.234944343566895
current_affine,x_plus,66,20.754486083984375,20.754486083984375
current_affine,x_plus,67,0.20759513974189758,0.20759513974189758
current_affine,x_plus,68,0.2351098656654358,0.2351098656654358
current_affine,x_plus,69,0.09882555902004242,0.09882555902004242
current_affine,x_plus,70,0.1237185001373291,0.1237185001373291
current_affine,x_plus,71,0.18224988877773285,0.18224988877773285
current_affine,x_plus,72,0.02216624654829502,0.02216624654829502
current_affine,x_plus,73,0.0005602173623628914,0.0005602173623628914
current_affine,x_plus,74,0.0,0.0
current_affine,x_plus,75,0.0,0.0
short_history,natural,0,0.0037353779189288616,0.0037353779189288616
short_history,natural,1,0.006603906862437725,0.006603906862437725
short_history,natural,2,3.086257856921293e-05,3.086257856921293e-05
short_history,natural,3,0.14760391414165497,0.05971184000372887
short_history,natural,4,1.3526183366775513,0.8958568572998047
short_history,natural,5,0.3417671322822571,0.14192457497119904
short_history,natural,6,28.792680740356445,17.640823364257812
short_history,natural,7,6.850931644439697,5.750135898590088
short_history,natural,8,51.64994812011719,30.547893524169922
short_history,natural,9,0.07901972532272339,0.07901972532272339
short_history,natural,10,0.00445465836673975,0.00445465836673975
short_history,natural,11,0.010518901981413364,0.010518901981413364
short_history,natural,12,1.2128574848175049,1.2128574848175049
short_history,natural,13,0.8704143166542053,0.8704143166542053
short_history,natural,14,0.2480604648590088,0.2480604648590088
short_history,natural,15,8.051445960998535,8.051445960998535
short_history,natural,16,18.896730422973633,18.896730422973633
short_history,natural,17,0.14583446085453033,0.14583446085453033
short_history,natural,18,0.18737229704856873,0.18737229704856873
short_history,natural,19,0.08574507385492325,0.08574507385492325
short_history,natural,20,0.11718481034040451,0.11718481034040451
short_history,natural,21,0.15446478128433228,0.15446478128433228
short_history,natural,22,0.015383880585432053,0.015383880585432053
short_history,natural,23,0.0005755507154390216,0.0005755507154390216
short_history,natural,24,0.0,0.0
short_history,natural,25,0.003740672953426838,0.003740672953426838
short_history,natural,26,0.007238212041556835,0.007238212041556835
short_history,natural,27,3.095775900874287e-05,3.095775900874287e-05
short_history,natural,28,0.15059007704257965,0.061626650393009186
short_history,natural,29,1.412497639656067,0.9187713861465454
short_history,natural,30,0.341767281293869,0.14603325724601746
short_history,natural,31,28.950725555419922,17.66933822631836
short_history,natural,32,6.8587870597839355,5.77394962310791
short_history,natural,33,52.86007308959961,30.862653732299805
short_history,natural,34,0.07923120260238647,0.07923120260238647
short_history,natural,35,0.004465148784220219,0.004465148784220219
short_history,natural,36,0.010696161538362503,0.010696161538362503
short_history,natural,37,1.21688711643219,1.21688711643219
short_history,natural,38,0.8706594705581665,0.8706594705581665
short_history,natural,39,0.24830389022827148,0.24830389022827148
short_history,natural,40,8.09766674041748,8.09766674041748
short_history,natural,41,19.589744567871094,19.589744567871094
short_history,natural,42,0.150124654173851,0.150124654173851
short_history,natural,43,0.18838568031787872,0.18838568031787872
short_history,natural,44,0.09055808186531067,0.09055808186531067
short_history,natural,45,0.11811251938343048,0.11811251938343048
short_history,natural,46,0.16750337183475494,0.16750337183475494
short_history,natural,47,0.018190810456871986,0.018190810456871986
short_history,natural,48,0.0005759119521826506,0.0005759119521826506
short_history,natural,49,0.0,0.0
short_history,natural,50,0.0037416676059365273,0.0037416676059365273
short_history,natural,51,0.00799480639398098,0.00799480639398098
short_history,natural,52,3.123579153907485e-05,3.123579153907485e-05
short_history,natural,53,0.1506025791168213,0.06163845583796501
short_history,natural,54,1.5096428394317627,0.9375560879707336
short_history,natural,55,0.3443498909473419,0.14603331685066223
short_history,natural,56,29.295269012451172,17.69133186340332
short_history,natural,57,6.9606828689575195,5.8978271484375
short_history,natural,58,54.905941009521484,30.886316299438477
short_history,natural,59,0.0819343775510788,0.0819343775510788
short_history,natural,60,0.004466085694730282,0.004466085694730282
short_history,natural,61,0.01086831372231245,0.01086831372231245
short_history,natural,62,1.2189339399337769,1.2189339399337769
short_history,natural,63,0.9084282517433167,0.9084282517433167
short_history,natural,64,0.24833202362060547,0.24833202362060547
short_history,natural,65,8.153753280639648,8.153753280639648
short_history,natural,66,21.024259567260742,21.024259567260742
short_history,natural,67,0.15814371407032013,0.15814371407032013
short_history,natural,68,0.18946301937103271,0.18946301937103271
short_history,natural,69,0.09312669187784195,0.09312669187784195
short_history,natural,70,0.12041357159614563,0.12041357159614563
short_history,natural,71,0.1940988451242447,0.1940988451242447
short_history,natural,72,0.021386293694376945,0.021386293694376945
short_history,natural,73,0.0005832492606714368,0.0005832492606714368
short_history,natural,74,0.0,0.0
short_history,natural,75,0.0,0.0
short_history,vx_minus,0,0.003943309653550386,0.003943309653550386
short_history,vx_minus,1,0.010071647353470325,0.010071647353470325
short_history,vx_minus,2,8.525048178853467e-05,8.525048178853467e-05
short_history,vx_minus,3,0.2147996872663498,0.04680749028921127
short_history,vx_minus,4,1.3161544799804688,0.8046547770500183
short_history,vx_minus,5,0.4249645471572876,0.13290561735630035
short_history,vx_minus,6,40.130489349365234,16.409889221191406
short_history,vx_minus,7,16.88040542602539,5.806332111358643
short_history,vx_minus,8,67.42843627929688,30.382421493530273
short_history,vx_minus,9,0.08782264590263367,0.08782264590263367
short_history,vx_minus,10,0.006346219684928656,0.006346219684928656
short_history,vx_minus,11,0.010642318055033684,0.010642318055033684
short_history,vx_minus,12,1.3534679412841797,1.3534679412841797
short_history,vx_minus,13,0.9021540284156799,0.9021540284156799
short_history,vx_minus,14,0.2240600734949112,0.2240600734949112
short_history,vx_minus,15,12.955208778381348,12.955208778381348
short_history,vx_minus,16,19.588451385498047,19.588451385498047
short_history,vx_minus,17,0.20103077590465546,0.20103077590465546
short_history,vx_minus,18,0.24289751052856445,0.24289751052856445
short_history,vx_minus,19,0.07684361934661865,0.07684361934661865
short_history,vx_minus,20,0.09794407337903976,0.09794407337903976
short_history,vx_minus,21,0.2812659740447998,0.2812659740447998
short_history,vx_minus,22,0.03553691878914833,0.03553691878914833
short_history,vx_minus,23,0.0005564727471210063,0.0005564727471210063
short_history,vx_minus,24,0.0,0.0
short_history,vx_minus,25,0.003946978598833084,0.003946978598833084
short_history,vx_minus,26,0.010700719431042671,0.010700719431042671
short_history,vx_minus,27,8.54951940709725e-05,8.54951940709725e-05
short_history,vx_minus,28,0.2226344496011734,0.04791469871997833
short_history,vx_minus,29,1.3288207054138184,0.8393265604972839
short_history,vx_minus,30,0.4250900447368622,0.13889102637767792
short_history,vx_minus,31,42.001922607421875,16.523530960083008
short_history,vx_minus,32,16.919384002685547,5.842936038970947
short_history,vx_minus,33,70.74492645263672,30.455232620239258
short_history,vx_minus,34,0.08815927803516388,0.08815927803516388
short_history,vx_minus,35,0.00687649380415678,0.00687649380415678
short_history,vx_minus,36,0.010778998024761677,0.010778998024761677
short_history,vx_minus,37,1.423629641532898,1.423629641532898
short_history,vx_minus,38,0.9280245900154114,0.9280245900154114
short_history,vx_minus,39,0.22847434878349304,0.22847434878349304
short_history,vx_minus,40,13.075284004211426,13.075284004211426
short_history,vx_minus,41,20.263896942138672,20.263896942138672
short_history,vx_minus,42,0.23324498534202576,0.23324498534202576
short_history,vx_minus,43,0.24523282051086426,0.24523282051086426
short_history,vx_minus,44,0.07898668944835663,0.07898668944835663
short_history,vx_minus,45,0.09974198043346405,0.09974198043346405
short_history,vx_minus,46,0.30600905418395996,0.30600905418395996
short_history,vx_minus,47,0.040753334760665894,0.040753334760665894
short_history,vx_minus,48,0.0005564920720644295,0.0005564920720644295
short_history,vx_minus,49,0.0,0.0
short_history,vx_minus,50,0.003949033096432686,0.003949033096432686
short_history,vx_minus,51,0.011556938290596008,0.011556938290596008
short_history,vx_minus,52,8.667424117447808e-05,8.667424117447808e-05
short_history,vx_minus,53,0.22661976516246796,0.04876666143536568
short_history,vx_minus,54,1.3551219701766968,0.8489749431610107
short_history,vx_minus,55,0.42678529024124146,0.1422046720981598
short_history,vx_minus,56,42.008907318115234,16.551029205322266
short_history,vx_minus,57,17.069421768188477,5.843420505523682
short_history,vx_minus,58,70.83808898925781,30.466142654418945
short_history,vx_minus,59,0.08915167301893234,0.08915167301893234
short_history,vx_minus,60,0.007420234847813845,0.007420234847813845
short_history,vx_minus,61,0.010933879762887955,0.010933879762887955
short_history,vx_minus,62,1.4992130994796753,1.4992130994796753
short_history,vx_minus,63,0.9423163533210754,0.9423163533210754
short_history,vx_minus,64,0.2285950630903244,0.2285950630903244
short_history,vx_minus,65,13.169015884399414,13.169015884399414
short_history,vx_minus,66,20.931129455566406,20.931129455566406
short_history,vx_minus,67,0.25486716628074646,0.25486716628074646
short_history,vx_minus,68,0.24970297515392303,0.24970297515392303
short_history,vx_minus,69,0.07901868224143982,0.07901868224143982
short_history,vx_minus,70,0.11729219555854797,0.11729219555854797
short_history,vx_minus,71,0.3284517824649811,0.3284517824649811
short_history,vx_minus,72,0.04634130746126175,0.04634130746126175
short_history,vx_minus,73,0.0005565983010455966,0.0005565983010455966
short_history,vx_minus,74,0.0,0.0
short_history,vx_minus,75,0.0,0.0
short_history,x_minus,0,0.0038061405066400766,0.0038061405066400766
short_history,x_minus,1,0.008098380640149117,0.008098380640149117
short_history,x_minus,2,3.451747397775762e-05,3.451747397775762e-05
short_history,x_minus,3,0.16634388267993927,0.06015491113066673
short_history,x_minus,4,1.2958916425704956,0.8263126015663147
short_history,x_minus,5,0.3593697249889374,0.13493473827838898
short_history,x_minus,6,27.772092819213867,17.832632064819336
short_history,x_minus,7,5.705462455749512,5.83289098739624
short_history,x_minus,8,46.44987487792969,32.80180740356445
short_history,x_minus,9,0.08138171583414078,0.08138171583414078
short_history,x_minus,10,0.004031949210911989,0.004031949210911989
short_history,x_minus,11,0.010601293295621872,0.010601293295621872
short_history,x_minus,12,1.1995861530303955,1.1995861530303955
short_history,x_minus,13,0.9045985341072083,0.9045985341072083
short_history,x_minus,14,0.2389490306377411,0.2389490306377411
short_history,x_minus,15,7.914794445037842,7.914794445037842
short_history,x_minus,16,19.021039962768555,19.021039962768555
short_history,x_minus,17,0.18408267199993134,0.18408267199993134
short_history,x_minus,18,0.19844533503055573,0.19844533503055573
short_history,x_minus,19,0.08665511012077332,0.08665511012077332
short_history,x_minus,20,0.09988473355770111,0.09988473355770111
short_history,x_minus,21,0.16556915640830994,0.16556915640830994
short_history,x_minus,22,0.015734056010842323,0.015734056010842323
short_history,x_minus,23,0.0006451344233937562,0.0006451344233937562
short_history,x_minus,24,0.0,0.0
short_history,x_minus,25,0.0038063472602516413,0.0038063472602516413
short_history,x_minus,26,0.009454903192818165,0.009454903192818165
short_history,x_minus,27,3.8497269997606054e-05,3.8497269997606054e-05
short_history,x_minus,28,0.16634723544120789,0.061270151287317276
short_history,x_minus,29,1.3114211559295654,0.8566020727157593
short_history,x_minus,30,0.36531946063041687,0.1472528874874115
short_history,x_minus,31,36.59415817260742,17.85321617126465
short_history,x_minus,32,8.864782333374023,5.871311187744141
short_history,x_minus,33,49.83060073852539,32.853519439697266
short_history,x_minus,34,0.08319544792175293,0.08319544792175293
short_history,x_minus,35,0.004033087287098169,0.004033087287098169
short_history,x_minus,36,0.010778139345347881,0.010778139345347881
short_history,x_minus,37,1.201839566230774,1.201839566230774
short_history,x_minus,38,0.9354973435401917,0.9354973435401917
short_history,x_minus,39,0.28150537610054016,0.28150537610054016
short_history,x_minus,40,7.925238609313965,7.925238609313965
short_history,x_minus,41,19.691761016845703,19.691761016845703
short_history,x_minus,42,0.19670018553733826,0.19670018553733826
short_history,x_minus,43,0.20093116164207458,0.20093116164207458
short_history,x_minus,44,0.09018109738826752,0.09018109738826752
short_history,x_minus,45,0.10453616827726364,0.10453616827726364
short_history,x_minus,46,0.17499378323554993,0.17499378323554993
short_history,x_minus,47,0.01871480606496334,0.01871480606496334
short_history,x_minus,48,0.0006532950792461634,0.0006532950792461634
short_history,x_minus,49,0.0,0.0
short_history,x_minus,50,0.0038627905305474997,0.0038627905305474997
short_history,x_minus,51,0.010727878659963608,0.010727878659963608
short_history,x_minus,52,4.065268876729533e-05,4.065268876729533e-05
short_history,x_minus,53,0.16904081404209137,0.06156711280345917
short_history,x_minus,54,1.3821439743041992,0.9064741134643555
short_history,x_minus,55,0.3778212368488312,0.14891694486141205
short_history,x_minus,56,39.2998161315918,17.854137420654297
short_history,x_minus,57,12.491174697875977,5.9599809646606445
short_history,x_minus,58,53.09922790527344,32.916141510009766
short_history,x_minus,59,0.087192103266716,0.087192103266716
short_history,x_minus,60,0.0040479013696312904,0.0040479013696312904
short_history,x_minus,61,0.010958644561469555,0.010958644561469555
short_history,x_minus,62,1.258894681930542,1.258894681930542
short_history,x_minus,63,0.9641653895378113,0.9641653895378113
short_history,x_minus,64,0.28522610664367676,0.28522610664367676
short_history,x_minus,65,7.984573841094971,7.984573841094971
short_history,x_minus,66,21.15220069885254,21.15220069885254
short_history,x_minus,67,0.1968185156583786,0.1968185156583786
short_history,x_minus,68,0.20143374800682068,0.20143374800682068
short_history,x_minus,69,0.0972614735364914,0.0972614735364914
short_history,x_minus,70,0.10997821390628815,0.10997821390628815
short_history,x_minus,71,0.19606809318065643,0.19606809318065643
short_history,x_minus,72,0.021996062248945236,0.021996062248945236
short_history,x_minus,73,0.0006533009000122547,0.0006533009000122547
short_history,x_minus,74,0.0,0.0
short_history,x_minus,75,0.0,0.0
short_history,vx_plus,0,0.0038480476941913366,0.0038480476941913366
short_history,vx_plus,1,0.008221843279898167,0.008221843279898167
short_history,vx_plus,2,4.52322892670054e-05,4.52322892670054e-05
short_history,vx_plus,3,0.1438809633255005,0.05516005679965019
short_history,vx_plus,4,1.6726831197738647,0.78593909740448
short_history,vx_plus,5,0.35641491413116455,0.10874617844820023
short_history,vx_plus,6,48.19786071777344,19.793861389160156
short_history,vx_plus,7,8.193618774414062,5.114737510681152
short_history,vx_plus,8,63.21668243408203,36.33262634277344
short_history,vx_plus,9,0.07772816717624664,0.07772816717624664
short_history,vx_plus,10,0.009267335757613182,0.009267335757613182
short_history,vx_plus,11,0.011243010871112347,0.011243010871112347
short_history,vx_plus,12,1.2334083318710327,1.2334083318710327
short_history,vx_plus,13,1.1367956399917603,1.1367956399917603
short_history,vx_plus,14,0.2894786596298218,0.2894786596298218
short_history,vx_plus,15,8.079882621765137,8.079882621765137
short_history,vx_plus,16,20.330156326293945,20.330156326293945
short_history,vx_plus,17,0.19094663858413696,0.19094663858413696
short_history,vx_plus,18,0.20684923231601715,0.20684923231601715
short_history,vx_plus,19,0.14660175144672394,0.14660175144672394
short_history,vx_plus,20,0.14764240384101868,0.14764240384101868
short_history,vx_plus,21,0.15241993963718414,0.15241993963718414
short_history,vx_plus,22,0.015662409365177155,0.015662409365177155
short_history,vx_plus,23,0.0006029882351867855,0.0006029882351867855
short_history,vx_plus,24,0.0,0.0
short_history,vx_plus,25,0.003860946511849761,0.003860946511849761
short_history,vx_plus,26,0.008800018578767776,0.008800018578767776
short_history,vx_plus,27,4.64385848317761e-05,4.64385848317761e-05
short_history,vx_plus,28,0.14539021253585815,0.05575002357363701
short_history,vx_plus,29,1.7208783626556396,0.8327674269676208
short_history,vx_plus,30,0.35979777574539185,0.10984145849943161
short_history,vx_plus,31,48.29034423828125,19.83873748779297
short_history,vx_plus,32,8.232165336608887,5.150346755981445
short_history,vx_plus,33,64.0266342163086,36.5508918762207
short_history,vx_plus,34,0.07773258537054062,0.07773258537054062
short_history,vx_plus,35,0.009267340414226055,0.009267340414226055
short_history,vx_plus,36,0.011407190933823586,0.011407190933823586
short_history,vx_plus,37,1.2671666145324707,1.2671666145324707
short_history,vx_plus,38,1.136810302734375,1.136810302734375
short_history,vx_plus,39,0.289650022983551,0.289650022983551
short_history,vx_plus,40,8.119972229003906,8.119972229003906
short_history,vx_plus,41,20.949766159057617,20.949766159057617
short_history,vx_plus,42,0.19302605092525482,0.19302605092525482
short_history,vx_plus,43,0.2097298949956894,0.2097298949956894
short_history,vx_plus,44,0.14805763959884644,0.14805763959884644
short_history,vx_plus,45,0.149927020072937,0.149927020072937
short_history,vx_plus,46,0.16817541420459747,0.16817541420459747
short_history,vx_plus,47,0.018483228981494904,0.018483228981494904
short_history,vx_plus,48,0.0006074814009480178,0.0006074814009480178
short_history,vx_plus,49,0.0,0.0
short_history,vx_plus,50,0.003935688640922308,0.003935688640922308
short_history,vx_plus,51,0.00954483449459076,0.00954483449459076
short_history,vx_plus,52,4.8673839046387e-05,4.8673839046387e-05
short_history,vx_plus,53,0.14646147191524506,0.056324999779462814
short_history,vx_plus,54,1.7714885473251343,0.8483659625053406
short_history,vx_plus,55,0.36330127716064453,0.10993832349777222
short_history,vx_plus,56,48.307838439941406,19.840709686279297
short_history,vx_plus,57,8.239520072937012,5.151363849639893
short_history,vx_plus,58,64.83677673339844,36.65141677856445
short_history,vx_plus,59,0.07888733595609665,0.07888733595609665
short_history,vx_plus,60,0.0092683220282197,0.0092683220282197
short_history,vx_plus,61,0.011557023972272873,0.011557023972272873
short_history,vx_plus,62,1.2703770399093628,1.2703770399093628
short_history,vx_plus,63,1.1720741987228394,1.1720741987228394
short_history,vx_plus,64,0.29494455456733704,0.29494455456733704
short_history,vx_plus,65,8.206549644470215,8.206549644470215
short_history,vx_plus,66,21.67592430114746,21.67592430114746
short_history,vx_plus,67,0.20066827535629272,0.20066827535629272
short_history,vx_plus,68,0.21119175851345062,0.21119175851345062
short_history,vx_plus,69,0.15085454285144806,0.15085454285144806
short_history,vx_plus,70,0.15180698037147522,0.15180698037147522
short_history,vx_plus,71,0.18633322417736053,0.18633322417736053
short_history,vx_plus,72,0.02152714692056179,0.02152714692056179
short_history,vx_plus,73,0.0006089373491704464,0.0006089373491704464
short_history,vx_plus,74,0.0,0.0
short_history,vx_plus,75,0.0,0.0
short_history,x_plus,0,0.003626464167609811,0.003626464167609811
short_history,x_plus,1,0.007425518240779638,0.007425518240779638
short_history,x_plus,2,2.7010868507204577e-05,2.7010868507204577e-05
short_history,x_plus,3,0.16655205190181732,0.0662129670381546
short_history,x_plus,4,1.4144350290298462,0.7775911688804626
short_history,x_plus,5,0.3606570363044739,0.12755611538887024
short_history,x_plus,6,31.428722381591797,18.771453857421875
short_history,x_plus,7,24.869539260864258,6.206326961517334
short_history,x_plus,8,52.30657196044922,34.14177703857422
short_history,x_plus,9,0.08239547163248062,0.08239547163248062
short_history,x_plus,10,0.005484313704073429,0.005484313704073429
short_history,x_plus,11,0.010466817766427994,0.010466817766427994
short_history,x_plus,12,1.2401723861694336,1.2401723861694336
short_history,x_plus,13,0.9078540802001953,0.9078540802001953
short_history,x_plus,14,0.25341761112213135,0.25341761112213135
short_history,x_plus,15,8.117252349853516,8.117252349853516
short_history,x_plus,16,19.341711044311523,19.341711044311523
short_history,x_plus,17,0.20398499071598053,0.20398499071598053
short_history,x_plus,18,0.22451210021972656,0.22451210021972656
short_history,x_plus,19,0.09241245687007904,0.09241245687007904
short_history,x_plus,20,0.11219489574432373,0.11219489574432373
short_history,x_plus,21,0.15545958280563354,0.15545958280563354
short_history,x_plus,22,0.015948479995131493,0.015948479995131493
short_history,x_plus,23,0.0005596854025498033,0.0005596854025498033
short_history,x_plus,24,0.0,0.0
short_history,x_plus,25,0.0036264644004404545,0.0036264644004404545
short_history,x_plus,26,0.008036058396100998,0.008036058396100998
short_history,x_plus,27,2.7048490665038116e-05,2.7048490665038116e-05
short_history,x_plus,28,0.16829758882522583,0.06636928766965866
short_history,x_plus,29,1.4315247535705566,0.7833024859428406
short_history,x_plus,30,0.3818663954734802,0.12800441682338715
short_history,x_plus,31,31.806726455688477,19.049745559692383
short_history,x_plus,32,24.869657516479492,6.2073774337768555
short_history,x_plus,33,52.49922180175781,34.1800651550293
short_history,x_plus,34,0.08520717173814774,0.08520717173814774
short_history,x_plus,35,0.005487747024744749,0.005487747024744749
short_history,x_plus,36,0.010657738894224167,0.010657738894224167
short_history,x_plus,37,1.2414555549621582,1.2414555549621582
short_history,x_plus,38,0.9093033075332642,0.9093033075332642
short_history,x_plus,39,0.2535502314567566,0.2535502314567566
short_history,x_plus,40,8.156469345092773,8.156469345092773
short_history,x_plus,41,20.083784103393555,20.083784103393555
short_history,x_plus,42,0.206075057387352,0.206075057387352
short_history,x_plus,43,0.23300254344940186,0.23300254344940186
short_history,x_plus,44,0.09538545459508896,0.09538545459508896
short_history,x_plus,45,0.12110936641693115,0.12110936641693115
short_history,x_plus,46,0.1679752916097641,0.1679752916097641
short_history,x_plus,47,0.01893806643784046,0.01893806643784046
short_history,x_plus,48,0.0005599733558483422,0.0005599733558483422
short_history,x_plus,49,0.0,0.0
short_history,x_plus,50,0.003630631137639284,0.003630631137639284
short_history,x_plus,51,0.008423876017332077,0.008423876017332077
short_history,x_plus,52,2.7148866138304584e-05,2.7148866138304584e-05
short_history,x_plus,53,0.1707373410463333,0.06637577712535858
short_history,x_plus,54,1.4858001470565796,0.8224754333496094
short_history,x_plus,55,0.4040944278240204,0.12812049686908722
short_history,x_plus,56,31.934711456298828,19.051137924194336
short_history,x_plus,57,24.87005615234375,6.207863807678223
short_history,x_plus,58,53.9482421875,34.49055480957031
short_history,x_plus,59,0.08754149079322815,0.08754149079322815
short_history,x_plus,60,0.0055330609902739525,0.0055330609902739525
short_history,x_plus,61,0.010809281840920448,0.010809281840920448
short_history,x_plus,62,1.2417387962341309,1.2417387962341309
short_history,x_plus,63,0.9135109782218933,0.9135109782218933
short_history,x_plus,64,0.2537493109703064,0.2537493109703064
short_history,x_plus,65,8.234944343566895,8.234944343566895
short_history,x_plus,66,20.754486083984375,20.754486083984375
short_history,x_plus,67,0.20759513974189758,0.20759513974189758
short_history,x_plus,68,0.2351098656654358,0.2351098656654358
short_history,x_plus,69,0.09882555902004242,0.09882555902004242
short_history,x_plus,70,0.1237185001373291,0.1237185001373291
short_history,x_plus,71,0.18224988877773285,0.18224988877773285
short_history,x_plus,72,0.02216624654829502,0.02216624654829502
short_history,x_plus,73,0.0005602173623628914,0.0005602173623628914
short_history,x_plus,74,0.0,0.0
short_history,x_plus,75,0.0,0.0
deterministic_20ms,natural,0,0.0037353779189288616,0.0037353779189288616
deterministic_20ms,natural,1,0.006603906862437725,0.006603906862437725
deterministic_20ms,natural,2,3.086257856921293e-05,3.086257856921293e-05
deterministic_20ms,natural,3,0.14760391414165497,0.14760391414165497
deterministic_20ms,natural,4,1.3526183366775513,1.3526183366775513
deterministic_20ms,natural,5,0.3417671322822571,0.3417671322822571
deterministic_20ms,natural,6,28.792680740356445,19.431367874145508
deterministic_20ms,natural,7,6.850931644439697,5.109154224395752
deterministic_20ms,natural,8,51.64994812011719,37.34446716308594
deterministic_20ms,natural,9,0.07901972532272339,0.07901972532272339
deterministic_20ms,natural,10,0.00445465836673975,0.00445465836673975
deterministic_20ms,natural,11,0.010518901981413364,0.010518901981413364
deterministic_20ms,natural,12,1.2128574848175049,1.2128574848175049
deterministic_20ms,natural,13,0.8704143166542053,0.8704143166542053
deterministic_20ms,natural,14,0.2480604648590088,0.2480604648590088
deterministic_20ms,natural,15,8.051445960998535,8.051445960998535
deterministic_20ms,natural,16,18.896730422973633,18.896730422973633
deterministic_20ms,natural,17,0.14583446085453033,0.14583446085453033
deterministic_20ms,natural,18,0.18737229704856873,0.18737229704856873
deterministic_20ms,natural,19,0.08574507385492325,0.08574507385492325
deterministic_20ms,natural,20,0.11718481034040451,0.11718481034040451
deterministic_20ms,natural,21,0.15446478128433228,0.15446478128433228
deterministic_20ms,natural,22,0.015383880585432053,0.015383880585432053
deterministic_20ms,natural,23,0.0005755507154390216,0.0005755507154390216
deterministic_20ms,natural,24,0.0,0.0
deterministic_20ms,natural,25,0.003740672953426838,0.003740672953426838
deterministic_20ms,natural,26,0.007238212041556835,0.007238212041556835
deterministic_20ms,natural,27,3.095775900874287e-05,3.095775900874287e-05
deterministic_20ms,natural,28,0.15059007704257965,0.15059007704257965
deterministic_20ms,natural,29,1.412497639656067,1.412497639656067
deterministic_20ms,natural,30,0.341767281293869,0.341767281293869
deterministic_20ms,natural,31,28.950725555419922,19.624265670776367
deterministic_20ms,natural,32,6.8587870597839355,5.124050617218018
deterministic_20ms,natural,33,52.86007308959961,38.35783767700195
deterministic_20ms,natural,34,0.07923120260238647,0.07923120260238647
deterministic_20ms,natural,35,0.004465148784220219,0.004465148784220219
deterministic_20ms,natural,36,0.010696161538362503,0.010696161538362503
deterministic_20ms,natural,37,1.21688711643219,1.21688711643219
deterministic_20ms,natural,38,0.8706594705581665,0.8706594705581665
deterministic_20ms,natural,39,0.24830389022827148,0.24830389022827148
deterministic_20ms,natural,40,8.09766674041748,8.09766674041748
deterministic_20ms,natural,41,19.589744567871094,19.589744567871094
deterministic_20ms,natural,42,0.150124654173851,0.150124654173851
deterministic_20ms,natural,43,0.18838568031787872,0.18838568031787872
deterministic_20ms,natural,44,0.09055808186531067,0.09055808186531067
deterministic_20ms,natural,45,0.11811251938343048,0.11811251938343048
deterministic_20ms,natural,46,0.16750337183475494,0.16750337183475494
deterministic_20ms,natural,47,0.018190810456871986,0.018190810456871986
deterministic_20ms,natural,48,0.0005759119521826506,0.0005759119521826506
deterministic_20ms,natural,49,0.0,0.0
deterministic_20ms,natural,50,0.0037416676059365273,0.0037416676059365273
deterministic_20ms,natural,51,0.00799480639398098,0.00799480639398098
deterministic_20ms,natural,52,3.123579153907485e-05,3.123579153907485e-05
deterministic_20ms,natural,53,0.1506025791168213,0.1506025791168213
deterministic_20ms,natural,54,1.5096428394317627,1.5096428394317627
deterministic_20ms,natural,55,0.3443498909473419,0.3443498909473419
deterministic_20ms,natural,56,29.295269012451172,19.651031494140625
deterministic_20ms,natural,57,6.9606828689575195,5.271678924560547
deterministic_20ms,natural,58,54.905941009521484,38.495601654052734
deterministic_20ms,natural,59,0.0819343775510788,0.0819343775510788
deterministic_20ms,natural,60,0.004466085694730282,0.004466085694730282
deterministic_20ms,natural,61,0.01086831372231245,0.01086831372231245
deterministic_20ms,natural,62,1.2189339399337769,1.2189339399337769
deterministic_20ms,natural,63,0.9084282517433167,0.9084282517433167
deterministic_20ms,natural,64,0.24833202362060547,0.24833202362060547
deterministic_20ms,natural,65,8.153753280639648,8.153753280639648
deterministic_20ms,natural,66,21.024259567260742,21.024259567260742
deterministic_20ms,natural,67,0.15814371407032013,0.15814371407032013
deterministic_20ms,natural,68,0.18946301937103271,0.18946301937103271
deterministic_20ms,natural,69,0.09312669187784195,0.09312669187784195
deterministic_20ms,natural,70,0.12041357159614563,0.12041357159614563
deterministic_20ms,natural,71,0.1940988451242447,0.1940988451242447
deterministic_20ms,natural,72,0.021386293694376945,0.021386293694376945
deterministic_20ms,natural,73,0.0005832492606714368,0.0005832492606714368
deterministic_20ms,natural,74,0.0,0.0
deterministic_20ms,natural,75,0.0,0.0
deterministic_20ms,vx_minus,0,0.003943309653550386,0.003943309653550386
deterministic_20ms,vx_minus,1,0.010071647353470325,0.010071647353470325
deterministic_20ms,vx_minus,2,8.525048178853467e-05,8.525048178853467e-05
deterministic_20ms,vx_minus,3,0.2147996872663498,0.2147996872663498
deterministic_20ms,vx_minus,4,1.3161544799804688,1.3161544799804688
deterministic_20ms,vx_minus,5,0.4249645471572876,0.4249645471572876
deterministic_20ms,vx_minus,6,40.130489349365234,18.84673500061035
deterministic_20ms,vx_minus,7,16.88040542602539,4.638171672821045
deterministic_20ms,vx_minus,8,67.42843627929688,35.03139877319336
deterministic_20ms,vx_minus,9,0.08782264590263367,0.08782264590263367
deterministic_20ms,vx_minus,10,0.006346219684928656,0.006346219684928656
deterministic_20ms,vx_minus,11,0.010642318055033684,0.010642318055033684
deterministic_20ms,vx_minus,12,1.3534679412841797,1.3534679412841797
deterministic_20ms,vx_minus,13,0.9021540284156799,0.9021540284156799
deterministic_20ms,vx_minus,14,0.2240600734949112,0.2240600734949112
deterministic_20ms,vx_minus,15,12.955208778381348,12.955208778381348
deterministic_20ms,vx_minus,16,19.588451385498047,19.588451385498047
deterministic_20ms,vx_minus,17,0.20103077590465546,0.20103077590465546
deterministic_20ms,vx_minus,18,0.24289751052856445,0.24289751052856445
deterministic_20ms,vx_minus,19,0.07684361934661865,0.07684361934661865
deterministic_20ms,vx_minus,20,0.09794407337903976,0.09794407337903976
deterministic_20ms,vx_minus,21,0.2812659740447998,0.2812659740447998
deterministic_20ms,vx_minus,22,0.03553691878914833,0.03553691878914833
deterministic_20ms,vx_minus,23,0.0005564727471210063,0.0005564727471210063
deterministic_20ms,vx_minus,24,0.0,0.0
deterministic_20ms,vx_minus,25,0.003946978598833084,0.003946978598833084
deterministic_20ms,vx_minus,26,0.010700719431042671,0.010700719431042671
deterministic_20ms,vx_minus,27,8.54951940709725e-05,8.54951940709725e-05
deterministic_20ms,vx_minus,28,0.2226344496011734,0.2226344496011734
deterministic_20ms,vx_minus,29,1.3288207054138184,1.3288207054138184
deterministic_20ms,vx_minus,30,0.4250900447368622,0.4250900447368622
deterministic_20ms,vx_minus,31,42.001922607421875,18.8524112701416
deterministic_20ms,vx_minus,32,16.919384002685547,4.63881778717041
deterministic_20ms,vx_minus,33,70.74492645263672,35.03204345703125
deterministic_20ms,vx_minus,34,0.08815927803516388,0.08815927803516388
deterministic_20ms,vx_minus,35,0.00687649380415678,0.00687649380415678
deterministic_20ms,vx_minus,36,0.010778998024761677,0.010778998024761677
deterministic_20ms,vx_minus,37,1.423629641532898,1.423629641532898
deterministic_20ms,vx_minus,38,0.9280245900154114,0.9280245900154114
deterministic_20ms,vx_minus,39,0.22847434878349304,0.22847434878349304
deterministic_20ms,vx_minus,40,13.075284004211426,13.075284004211426
deterministic_20ms,vx_minus,41,20.263896942138672,20.263896942138672
deterministic_20ms,vx_minus,42,0.23324498534202576,0.23324498534202576
deterministic_20ms,vx_minus,43,0.24523282051086426,0.24523282051086426
deterministic_20ms,vx_minus,44,0.07898668944835663,0.07898668944835663
deterministic_20ms,vx_minus,45,0.09974198043346405,0.09974198043346405
deterministic_20ms,vx_minus,46,0.30600905418395996,0.30600905418395996
deterministic_20ms,vx_minus,47,0.040753334760665894,0.040753334760665894
deterministic_20ms,vx_minus,48,0.0005564920720644295,0.0005564920720644295
deterministic_20ms,vx_minus,49,0.0,0.0
deterministic_20ms,vx_minus,50,0.003949033096432686,0.003949033096432686
deterministic_20ms,vx_minus,51,0.011556938290596008,0.011556938290596008
deterministic_20ms,vx_minus,52,8.667424117447808e-05,8.667424117447808e-05
deterministic_20ms,vx_minus,53,0.22661976516246796,0.22661976516246796
deterministic_20ms,vx_minus,54,1.3551219701766968,1.3551219701766968
deterministic_20ms,vx_minus,55,0.42678529024124146,0.42678529024124146
deterministic_20ms,vx_minus,56,42.008907318115234,18.865724563598633
deterministic_20ms,vx_minus,57,17.069421768188477,4.639215469360352
deterministic_20ms,vx_minus,58,70.83808898925781,35.05159378051758
deterministic_20ms,vx_minus,59,0.08915167301893234,0.08915167301893234
deterministic_20ms,vx_minus,60,0.007420234847813845,0.007420234847813845
deterministic_20ms,vx_minus,61,0.010933879762887955,0.010933879762887955
deterministic_20ms,vx_minus,62,1.4992130994796753,1.4992130994796753
deterministic_20ms,vx_minus,63,0.9423163533210754,0.9423163533210754
deterministic_20ms,vx_minus,64,0.2285950630903244,0.2285950630903244
deterministic_20ms,vx_minus,65,13.169015884399414,13.169015884399414
deterministic_20ms,vx_minus,66,20.931129455566406,20.931129455566406
deterministic_20ms,vx_minus,67,0.25486716628074646,0.25486716628074646
deterministic_20ms,vx_minus,68,0.24970297515392303,0.24970297515392303
deterministic_20ms,vx_minus,69,0.07901868224143982,0.07901868224143982
deterministic_20ms,vx_minus,70,0.11729219555854797,0.11729219555854797
deterministic_20ms,vx_minus,71,0.3284517824649811,0.3284517824649811
deterministic_20ms,vx_minus,72,0.04634130746126175,0.04634130746126175
deterministic_20ms,vx_minus,73,0.0005565983010455966,0.0005565983010455966
deterministic_20ms,vx_minus,74,0.0,0.0
deterministic_20ms,vx_minus,75,0.0,0.0
deterministic_20ms,x_minus,0,0.0038061405066400766,0.0038061405066400766
deterministic_20ms,x_minus,1,0.008098380640149117,0.008098380640149117
deterministic_20ms,x_minus,2,3.451747397775762e-05,3.451747397775762e-05
deterministic_20ms,x_minus,3,0.16634388267993927,0.16634388267993927
deterministic_20ms,x_minus,4,1.2958916425704956,1.2958916425704956
deterministic_20ms,x_minus,5,0.3593697249889374,0.3593697249889374
deterministic_20ms,x_minus,6,27.772092819213867,19.42528533935547
deterministic_20ms,x_minus,7,5.705462455749512,5.175095081329346
deterministic_20ms,x_minus,8,46.44987487792969,37.97438049316406
deterministic_20ms,x_minus,9,0.08138171583414078,0.08138171583414078
deterministic_20ms,x_minus,10,0.004031949210911989,0.004031949210911989
deterministic_20ms,x_minus,11,0.010601293295621872,0.010601293295621872
deterministic_20ms,x_minus,12,1.1995861530303955,1.1995861530303955
deterministic_20ms,x_minus,13,0.9045985341072083,0.9045985341072083
deterministic_20ms,x_minus,14,0.2389490306377411,0.2389490306377411
deterministic_20ms,x_minus,15,7.914794445037842,7.914794445037842
deterministic_20ms,x_minus,16,19.021039962768555,19.021039962768555
deterministic_20ms,x_minus,17,0.18408267199993134,0.18408267199993134
deterministic_20ms,x_minus,18,0.19844533503055573,0.19844533503055573
deterministic_20ms,x_minus,19,0.08665511012077332,0.08665511012077332
deterministic_20ms,x_minus,20,0.09988473355770111,0.09988473355770111
deterministic_20ms,x_minus,21,0.16556915640830994,0.16556915640830994
deterministic_20ms,x_minus,22,0.015734056010842323,0.015734056010842323
deterministic_20ms,x_minus,23,0.0006451344233937562,0.0006451344233937562
deterministic_20ms,x_minus,24,0.0,0.0
deterministic_20ms,x_minus,25,0.0038063472602516413,0.0038063472602516413
deterministic_20ms,x_minus,26,0.009454903192818165,0.009454903192818165
deterministic_20ms,x_minus,27,3.8497269997606054e-05,3.8497269997606054e-05
deterministic_20ms,x_minus,28,0.16634723544120789,0.16634723544120789
deterministic_20ms,x_minus,29,1.3114211559295654,1.3114211559295654
deterministic_20ms,x_minus,30,0.36531946063041687,0.36531946063041687
deterministic_20ms,x_minus,31,36.59415817260742,19.63258934020996
deterministic_20ms,x_minus,32,8.864782333374023,5.302968978881836
deterministic_20ms,x_minus,33,49.83060073852539,38.81029510498047
deterministic_20ms,x_minus,34,0.08319544792175293,0.08319544792175293
deterministic_20ms,x_minus,35,0.004033087287098169,0.004033087287098169
deterministic_20ms,x_minus,36,0.010778139345347881,0.010778139345347881
deterministic_20ms,x_minus,37,1.201839566230774,1.201839566230774
deterministic_20ms,x_minus,38,0.9354973435401917,0.9354973435401917
deterministic_20ms,x_minus,39,0.28150537610054016,0.28150537610054016
deterministic_20ms,x_minus,40,7.925238609313965,7.925238609313965
deterministic_20ms,x_minus,41,19.691761016845703,19.691761016845703
deterministic_20ms,x_minus,42,0.19670018553733826,0.19670018553733826
deterministic_20ms,x_minus,43,0.20093116164207458,0.20093116164207458
deterministic_20ms,x_minus,44,0.09018109738826752,0.09018109738826752
deterministic_20ms,x_minus,45,0.10453616827726364,0.10453616827726364
deterministic_20ms,x_minus,46,0.17499378323554993,0.17499378323554993
deterministic_20ms,x_minus,47,0.01871480606496334,0.01871480606496334
deterministic_20ms,x_minus,48,0.0006532950792461634,0.0006532950792461634
deterministic_20ms,x_minus,49,0.0,0.0
deterministic_20ms,x_minus,50,0.0038627905305474997,0.0038627905305474997
deterministic_20ms,x_minus,51,0.010727878659963608,0.010727878659963608
deterministic_20ms,x_minus,52,4.065268876729533e-05,4.065268876729533e-05
deterministic_20ms,x_minus,53,0.16904081404209137,0.16904081404209137
deterministic_20ms,x_minus,54,1.3821439743041992,1.3821439743041992
deterministic_20ms,x_minus,55,0.3778212368488312,0.3778212368488312
deterministic_20ms,x_minus,56,39.2998161315918,19.663963317871094
deterministic_20ms,x_minus,57,12.491174697875977,5.456321716308594
deterministic_20ms,x_minus,58,53.09922790527344,38.9858512878418
deterministic_20ms,x_minus,59,0.087192103266716,0.087192103266716
deterministic_20ms,x_minus,60,0.0040479013696312904,0.0040479013696312904
deterministic_20ms,x_minus,61,0.010958644561469555,0.010958644561469555
deterministic_20ms,x_minus,62,1.258894681930542,1.258894681930542
deterministic_20ms,x_minus,63,0.9641653895378113,0.9641653895378113
deterministic_20ms,x_minus,64,0.28522610664367676,0.28522610664367676
deterministic_20ms,x_minus,65,7.984573841094971,7.984573841094971
deterministic_20ms,x_minus,66,21.15220069885254,21.15220069885254
deterministic_20ms,x_minus,67,0.1968185156583786,0.1968185156583786
deterministic_20ms,x_minus,68,0.20143374800682068,0.20143374800682068
deterministic_20ms,x_minus,69,0.0972614735364914,0.0972614735364914
deterministic_20ms,x_minus,70,0.10997821390628815,0.10997821390628815
deterministic_20ms,x_minus,71,0.19606809318065643,0.19606809318065643
deterministic_20ms,x_minus,72,0.021996062248945236,0.021996062248945236
deterministic_20ms,x_minus,73,0.0006533009000122547,0.0006533009000122547
deterministic_20ms,x_minus,74,0.0,0.0
deterministic_20ms,x_minus,75,0.0,0.0
deterministic_20ms,vx_plus,0,0.0038480476941913366,0.0038480476941913366
deterministic_20ms,vx_plus,1,0.008221843279898167,0.008221843279898167
deterministic_20ms,vx_plus,2,4.52322892670054e-05,4.52322892670054e-05
deterministic_20ms,vx_plus,3,0.1438809633255005,0.1438809633255005
deterministic_20ms,vx_plus,4,1.6726831197738647,1.6726831197738647
deterministic_20ms,vx_plus,5,0.35641491413116455,0.35641491413116455
deterministic_20ms,vx_plus,6,48.19786071777344,20.006433486938477
deterministic_20ms,vx_plus,7,8.193618774414062,4.600640296936035
deterministic_20ms,vx_plus,8,63.21668243408203,41.7925910949707
deterministic_20ms,vx_plus,9,0.07772816717624664,0.07772816717624664
deterministic_20ms,vx_plus,10,0.009267335757613182,0.009267335757613182
deterministic_20ms,vx_plus,11,0.011243010871112347,0.011243010871112347
deterministic_20ms,vx_plus,12,1.2334083318710327,1.2334083318710327
deterministic_20ms,vx_plus,13,1.1367956399917603,1.1367956399917603
deterministic_20ms,vx_plus,14,0.2894786596298218,0.2894786596298218
deterministic_20ms,vx_plus,15,8.079882621765137,8.079882621765137
deterministic_20ms,vx_plus,16,20.330156326293945,20.330156326293945
deterministic_20ms,vx_plus,17,0.19094663858413696,0.19094663858413696
deterministic_20ms,vx_plus,18,0.20684923231601715,0.20684923231601715
deterministic_20ms,vx_plus,19,0.14660175144672394,0.14660175144672394
deterministic_20ms,vx_plus,20,0.14764240384101868,0.14764240384101868
deterministic_20ms,vx_plus,21,0.15241993963718414,0.15241993963718414
deterministic_20ms,vx_plus,22,0.015662409365177155,0.015662409365177155
deterministic_20ms,vx_plus,23,0.0006029882351867855,0.0006029882351867855
deterministic_20ms,vx_plus,24,0.0,0.0
deterministic_20ms,vx_plus,25,0.003860946511849761,0.003860946511849761
deterministic_20ms,vx_plus,26,0.008800018578767776,0.008800018578767776
deterministic_20ms,vx_plus,27,4.64385848317761e-05,4.64385848317761e-05
deterministic_20ms,vx_plus,28,0.14539021253585815,0.14539021253585815
deterministic_20ms,vx_plus,29,1.7208783626556396,1.7208783626556396
deterministic_20ms,vx_plus,30,0.35979777574539185,0.35979777574539185
deterministic_20ms,vx_plus,31,48.29034423828125,20.113962173461914
deterministic_20ms,vx_plus,32,8.232165336608887,4.651296138763428
deterministic_20ms,vx_plus,33,64.0266342163086,42.53535079956055
deterministic_20ms,vx_plus,34,0.07773258537054062,0.07773258537054062
deterministic_20ms,vx_plus,35,0.009267340414226055,0.009267340414226055
deterministic_20ms,vx_plus,36,0.011407190933823586,0.011407190933823586
deterministic_20ms,vx_plus,37,1.2671666145324707,1.2671666145324707
deterministic_20ms,vx_plus,38,1.136810302734375,1.136810302734375
deterministic_20ms,vx_plus,39,0.289650022983551,0.289650022983551
deterministic_20ms,vx_plus,40,8.119972229003906,8.119972229003906
deterministic_20ms,vx_plus,41,20.949766159057617,20.949766159057617
deterministic_20ms,vx_plus,42,0.19302605092525482,0.19302605092525482
deterministic_20ms,vx_plus,43,0.2097298949956894,0.2097298949956894
deterministic_20ms,vx_plus,44,0.14805763959884644,0.14805763959884644
deterministic_20ms,vx_plus,45,0.149927020072937,0.149927020072937
deterministic_20ms,vx_plus,46,0.16817541420459747,0.16817541420459747
deterministic_20ms,vx_plus,47,0.018483228981494904,0.018483228981494904
deterministic_20ms,vx_plus,48,0.0006074814009480178,0.0006074814009480178
deterministic_20ms,vx_plus,49,0.0,0.0
deterministic_20ms,vx_plus,50,0.003935688640922308,0.003935688640922308
deterministic_20ms,vx_plus,51,0.00954483449459076,0.00954483449459076
deterministic_20ms,vx_plus,52,4.8673839046387e-05,4.8673839046387e-05
deterministic_20ms,vx_plus,53,0.14646147191524506,0.14646147191524506
deterministic_20ms,vx_plus,54,1.7714885473251343,1.7714885473251343
deterministic_20ms,vx_plus,55,0.36330127716064453,0.36330127716064453
deterministic_20ms,vx_plus,56,48.307838439941406,20.125886917114258
deterministic_20ms,vx_plus,57,8.239520072937012,4.65157413482666
deterministic_20ms,vx_plus,58,64.83677673339844,42.837181091308594
deterministic_20ms,vx_plus,59,0.07888733595609665,0.07888733595609665
deterministic_20ms,vx_plus,60,0.0092683220282197,0.0092683220282197
deterministic_20ms,vx_plus,61,0.011557023972272873,0.011557023972272873
deterministic_20ms,vx_plus,62,1.2703770399093628,1.2703770399093628
deterministic_20ms,vx_plus,63,1.1720741987228394,1.1720741987228394
deterministic_20ms,vx_plus,64,0.29494455456733704,0.29494455456733704
deterministic_20ms,vx_plus,65,8.206549644470215,8.206549644470215
deterministic_20ms,vx_plus,66,21.67592430114746,21.67592430114746
deterministic_20ms,vx_plus,67,0.20066827535629272,0.20066827535629272
deterministic_20ms,vx_plus,68,0.21119175851345062,0.21119175851345062
deterministic_20ms,vx_plus,69,0.15085454285144806,0.15085454285144806
deterministic_20ms,vx_plus,70,0.15180698037147522,0.15180698037147522
deterministic_20ms,vx_plus,71,0.18633322417736053,0.18633322417736053
deterministic_20ms,vx_plus,72,0.02152714692056179,0.02152714692056179
deterministic_20ms,vx_plus,73,0.0006089373491704464,0.0006089373491704464
deterministic_20ms,vx_plus,74,0.0,0.0
deterministic_20ms,vx_plus,75,0.0,0.0
deterministic_20ms,x_plus,0,0.003626464167609811,0.003626464167609811
deterministic_20ms,x_plus,1,0.007425518240779638,0.007425518240779638
deterministic_20ms,x_plus,2,2.7010868507204577e-05,2.7010868507204577e-05
deterministic_20ms,x_plus,3,0.16655205190181732,0.16655205190181732
deterministic_20ms,x_plus,4,1.4144350290298462,1.4144350290298462
deterministic_20ms,x_plus,5,0.3606570363044739,0.3606570363044739
deterministic_20ms,x_plus,6,31.428722381591797,19.785480499267578
deterministic_20ms,x_plus,7,24.869539260864258,5.414466381072998
deterministic_20ms,x_plus,8,52.30657196044922,39.657135009765625
deterministic_20ms,x_plus,9,0.08239547163248062,0.08239547163248062
deterministic_20ms,x_plus,10,0.005484313704073429,0.005484313704073429
deterministic_20ms,x_plus,11,0.010466817766427994,0.010466817766427994
deterministic_20ms,x_plus,12,1.2401723861694336,1.2401723861694336
deterministic_20ms,x_plus,13,0.9078540802001953,0.9078540802001953
deterministic_20ms,x_plus,14,0.25341761112213135,0.25341761112213135
deterministic_20ms,x_plus,15,8.117252349853516,8.117252349853516
deterministic_20ms,x_plus,16,19.341711044311523,19.341711044311523
deterministic_20ms,x_plus,17,0.20398499071598053,0.20398499071598053
deterministic_20ms,x_plus,18,0.22451210021972656,0.22451210021972656
deterministic_20ms,x_plus,19,0.09241245687007904,0.09241245687007904
deterministic_20ms,x_plus,20,0.11219489574432373,0.11219489574432373
deterministic_20ms,x_plus,21,0.15545958280563354,0.15545958280563354
deterministic_20ms,x_plus,22,0.015948479995131493,0.015948479995131493
deterministic_20ms,x_plus,23,0.0005596854025498033,0.0005596854025498033
deterministic_20ms,x_plus,24,0.0,0.0
deterministic_20ms,x_plus,25,0.0036264644004404545,0.0036264644004404545
deterministic_20ms,x_plus,26,0.008036058396100998,0.008036058396100998
deterministic_20ms,x_plus,27,2.7048490665038116e-05,2.7048490665038116e-05
deterministic_20ms,x_plus,28,0.16829758882522583,0.16829758882522583
deterministic_20ms,x_plus,29,1.4315247535705566,1.4315247535705566
deterministic_20ms,x_plus,30,0.3818663954734802,0.3818663954734802
deterministic_20ms,x_plus,31,31.806726455688477,20.350440979003906
deterministic_20ms,x_plus,32,24.869657516479492,5.414494037628174
deterministic_20ms,x_plus,33,52.49922180175781,39.71129608154297
deterministic_20ms,x_plus,34,0.08520717173814774,0.08520717173814774
deterministic_20ms,x_plus,35,0.005487747024744749,0.005487747024744749
deterministic_20ms,x_plus,36,0.010657738894224167,0.010657738894224167
deterministic_20ms,x_plus,37,1.2414555549621582,1.2414555549621582
deterministic_20ms,x_plus,38,0.9093033075332642,0.9093033075332642
deterministic_20ms,x_plus,39,0.2535502314567566,0.2535502314567566
deterministic_20ms,x_plus,40,8.156469345092773,8.156469345092773
deterministic_20ms,x_plus,41,20.083784103393555,20.083784103393555
deterministic_20ms,x_plus,42,0.206075057387352,0.206075057387352
deterministic_20ms,x_plus,43,0.23300254344940186,0.23300254344940186
deterministic_20ms,x_plus,44,0.09538545459508896,0.09538545459508896
deterministic_20ms,x_plus,45,0.12110936641693115,0.12110936641693115
deterministic_20ms,x_plus,46,0.1679752916097641,0.1679752916097641
deterministic_20ms,x_plus,47,0.01893806643784046,0.01893806643784046
deterministic_20ms,x_plus,48,0.0005599733558483422,0.0005599733558483422
deterministic_20ms,x_plus,49,0.0,0.0
deterministic_20ms,x_plus,50,0.003630631137639284,0.003630631137639284
deterministic_20ms,x_plus,51,0.008423876017332077,0.008423876017332077
deterministic_20ms,x_plus,52,2.7148866138304584e-05,2.7148866138304584e-05
deterministic_20ms,x_plus,53,0.1707373410463333,0.1707373410463333
deterministic_20ms,x_plus,54,1.4858001470565796,1.4858001470565796
deterministic_20ms,x_plus,55,0.4040944278240204,0.4040944278240204
deterministic_20ms,x_plus,56,31.934711456298828,20.389650344848633
deterministic_20ms,x_plus,57,24.87005615234375,5.414548873901367
deterministic_20ms,x_plus,58,53.9482421875,40.381465911865234
deterministic_20ms,x_plus,59,0.08754149079322815,0.08754149079322815
deterministic_20ms,x_plus,60,0.0055330609902739525,0.0055330609902739525
deterministic_20ms,x_plus,61,0.010809281840920448,0.010809281840920448
deterministic_20ms,x_plus,62,1.2417387962341309,1.2417387962341309
deterministic_20ms,x_plus,63,0.9135109782218933,0.9135109782218933
deterministic_20ms,x_plus,64,0.2537493109703064,0.2537493109703064
deterministic_20ms,x_plus,65,8.234944343566895,8.234944343566895
deterministic_20ms,x_plus,66,20.754486083984375,20.754486083984375
deterministic_20ms,x_plus,67,0.20759513974189758,0.20759513974189758
deterministic_20ms,x_plus,68,0.2351098656654358,0.2351098656654358
deterministic_20ms,x_plus,69,0.09882555902004242,0.09882555902004242
deterministic_20ms,x_plus,70,0.1237185001373291,0.1237185001373291
deterministic_20ms,x_plus,71,0.18224988877773285,0.18224988877773285
deterministic_20ms,x_plus,72,0.02216624654829502,0.02216624654829502
deterministic_20ms,x_plus,73,0.0005602173623628914,0.0005602173623628914
deterministic_20ms,x_plus,74,0.0,0.0
deterministic_20ms,x_plus,75,0.0,0.0
