phase,x_bin,x_m,policy,reached_candidates,successful_candidates,reached_root_cells,root_cells,full_cells,root_z_m_min,root_z_m_max,root_vx_mps_min,root_vx_mps_max,root_vz_mps_min,root_vz_mps_max,pitch_deg_min,pitch_deg_max
upstream,55,2.75,pi_0,13,11,10,9,10,0.11850102990865707,0.1190362274646759,1.2904548645019531,1.808483600616455,-0.06956300884485245,0.12180102616548538,0.24980575203728686,0.29721471891573
upstream,55,2.75,pi_1,13,13,10,10,11,0.11850102990865707,0.11906301230192184,1.2904548645019531,1.808483600616455,-0.06956300884485245,0.12180102616548538,0.24980575203728686,0.3571631170805368
upstream,55,2.75,pi_2,13,6,10,6,6,0.11850102990865707,0.11906301230192184,1.2904548645019531,1.8075356483459473,-0.06956300884485245,0.12180102616548538,0.24980575203728686,0.3571631170805368
upstream,55,2.75,pi_3,13,10,10,9,10,0.11850102990865707,0.11906301230192184,1.2904548645019531,1.808483600616455,-0.06956300884485245,0.12180102616548538,0.24980575203728686,0.3571631170805368
upstream,55,2.75,pi_4,13,10,10,9,10,0.11889278143644333,0.11906301230192184,1.546775221824646,1.808483600616455,-0.06956300884485245,0.020940644666552544,0.24980575203728686,0.3571631170805368
upstream,55,2.75,pi_5,13,11,10,9,10,0.11850102990865707,0.11906301230192184,1.2904548645019531,1.808483600616455,-0.06956300884485245,0.12180102616548538,0.24980575203728686,0.3571631170805368
upstream,55,2.75,union,13,13,10,10,11,0.11850102990865707,0.11906301230192184,1.2904548645019531,1.808483600616455,-0.06956300884485245,0.12180102616548538,0.24980575203728686,0.3571631170805368
upstream,56,2.8000000000000003,pi_0,16,12,16,12,12,0.11873552203178406,0.11918258666992188,1.4968855381011963,1.8105249404907227,-0.09002888202667236,0.09603963047266006,0.05916107438759663,0.2409839011376724
upstream,56,2.8000000000000003,pi_1,16,13,16,13,13,0.11819571256637573,0.11918258666992188,0.8072366714477539,1.8105249404907227,-0.09002888202667236,0.12450022995471954,-0.2499165343607432,0.2409839011376724
upstream,56,2.8000000000000003,pi_2,16,9,16,9,9,0.11819571256637573,0.11908894777297974,0.8072366714477539,1.8052215576171875,-0.06679213047027588,0.12450022995471954,-0.2499165343607432,0.2409839011376724
upstream,56,2.8000000000000003,pi_3,16,14,16,14,14,0.11819571256637573,0.11908894777297974,0.8072366714477539,1.8105249404907227,-0.07046251744031906,0.12450022995471954,-0.2499165343607432,0.2409839011376724
upstream,56,2.8000000000000003,pi_4,16,14,16,14,14,0.11819571256637573,0.11918258666992188,0.8072366714477539,1.8105249404907227,-0.09002888202667236,0.12450022995471954,-0.2499165343607432,0.2409839011376724
upstream,56,2.8000000000000003,pi_5,16,14,16,14,14,0.11819571256637573,0.11908894777297974,0.8072366714477539,1.8105249404907227,-0.07046251744031906,0.12450022995471954,-0.2499165343607432,0.2409839011376724
upstream,56,2.8000000000000003,union,16,16,16,16,16,0.11819571256637573,0.11918258666992188,0.8072366714477539,1.8105249404907227,-0.09002888202667236,0.12450022995471954,-0.2499165343607432,0.2409839011376724
upstream,57,2.85,pi_0,28,25,25,22,22,0.11736924946308136,0.11987539380788803,0.32280173897743225,2.1212594509124756,-0.13211986422538757,0.09702105075120926,-0.49822683345216534,0.40601541213258113
upstream,57,2.85,pi_1,28,25,25,22,22,0.11736924946308136,0.11987539380788803,0.32280173897743225,2.1212594509124756,-0.13211986422538757,0.09702105075120926,-0.49822683345216534,0.40601541213258113
upstream,57,2.85,pi_2,28,21,25,18,18,0.11768175661563873,0.11987539380788803,0.32280173897743225,2.1212594509124756,-0.13211986422538757,0.09702105075120926,-0.3809864633413296,0.40601541213258113
upstream,57,2.85,pi_3,28,27,25,24,24,0.11720595508813858,0.11987539380788803,0.32280173897743225,2.1212594509124756,-0.13211986422538757,0.09702105075120926,-0.49822683345216534,0.40601541213258113
upstream,57,2.85,pi_4,28,27,25,24,24,0.11736924946308136,0.11987539380788803,0.32280173897743225,2.1212594509124756,-0.13211986422538757,0.09702105075120926,-0.49822683345216534,0.40601541213258113
upstream,57,2.85,pi_5,28,24,25,21,21,0.11744263023138046,0.11987539380788803,0.32280173897743225,2.1212594509124756,-0.13211986422538757,0.09702105075120926,-0.49822683345216534,0.40601541213258113
upstream,57,2.85,union,28,28,25,25,25,0.11720595508813858,0.11987539380788803,0.32280173897743225,2.1212594509124756,-0.13211986422538757,0.09702105075120926,-0.49822683345216534,0.40601541213258113
upstream,58,2.9000000000000004,pi_0,27,24,27,24,24,0.11841108649969101,0.23430033028125763,0.562729001045227,1.9286075830459595,-0.07513052225112915,3.5492308139801025,0.019391590456717574,36.76815459041932
upstream,58,2.9000000000000004,pi_1,27,26,27,26,26,0.11841108649969101,0.23430033028125763,0.562729001045227,1.9286075830459595,-0.07513052225112915,3.5492308139801025,0.019391590456717574,36.76815459041932
upstream,58,2.9000000000000004,pi_2,27,26,27,26,26,0.11841108649969101,0.23430033028125763,0.562729001045227,1.9286075830459595,-0.07513052225112915,3.5492308139801025,0.019391590456717574,36.76815459041932
upstream,58,2.9000000000000004,pi_3,27,25,27,25,25,0.11841108649969101,0.23430033028125763,0.562729001045227,1.9286075830459595,-0.07513052225112915,3.5492308139801025,0.019391590456717574,36.76815459041932
upstream,58,2.9000000000000004,pi_4,27,27,27,27,27,0.11841108649969101,0.23430033028125763,0.562729001045227,1.9286075830459595,-0.07513052225112915,3.5492308139801025,0.019391590456717574,36.76815459041932
upstream,58,2.9000000000000004,pi_5,27,26,27,26,26,0.11841108649969101,0.23430033028125763,0.562729001045227,1.9286075830459595,-0.07513052225112915,3.5492308139801025,0.019391590456717574,36.76815459041932
upstream,58,2.9000000000000004,union,27,27,27,27,27,0.11841108649969101,0.23430033028125763,0.562729001045227,1.9286075830459595,-0.07513052225112915,3.5492308139801025,0.019391590456717574,36.76815459041932
upstream,59,2.95,pi_0,27,26,27,26,26,0.11787790805101395,0.3020763695240021,0.8580021262168884,2.2310421466827393,0.07577741146087646,3.3561630249023438,-0.3123156254415754,42.762088810949955
upstream,59,2.95,pi_1,27,27,27,27,27,0.11787790805101395,0.3020763695240021,0.8580021262168884,2.2310421466827393,0.07577741146087646,3.399293899536133,-0.3123156254415754,42.762088810949955
upstream,59,2.95,pi_2,27,27,27,27,27,0.11787790805101395,0.3020763695240021,0.8580021262168884,2.2310421466827393,0.07577741146087646,3.399293899536133,-0.3123156254415754,42.762088810949955
upstream,59,2.95,pi_3,27,27,27,27,27,0.11787790805101395,0.3020763695240021,0.8580021262168884,2.2310421466827393,0.07577741146087646,3.399293899536133,-0.3123156254415754,42.762088810949955
upstream,59,2.95,pi_4,27,27,27,27,27,0.11787790805101395,0.3020763695240021,0.8580021262168884,2.2310421466827393,0.07577741146087646,3.399293899536133,-0.3123156254415754,42.762088810949955
upstream,59,2.95,pi_5,27,27,27,27,27,0.11787790805101395,0.3020763695240021,0.8580021262168884,2.2310421466827393,0.07577741146087646,3.399293899536133,-0.3123156254415754,42.762088810949955
upstream,59,2.95,union,27,27,27,27,27,0.11787790805101395,0.3020763695240021,0.8580021262168884,2.2310421466827393,0.07577741146087646,3.399293899536133,-0.3123156254415754,42.762088810949955
upstream,60,3.0,pi_0,27,26,27,26,26,0.1908748596906662,0.4330684244632721,1.0328580141067505,2.442209243774414,2.689436912536621,3.6057863235473633,21.484914266592995,38.511722695951
upstream,60,3.0,pi_1,27,26,27,26,26,0.1908748596906662,0.4330684244632721,1.0328580141067505,2.442209243774414,2.689436912536621,3.5727336406707764,19.44954678668479,38.511722695951
upstream,60,3.0,pi_2,27,27,27,27,27,0.1908748596906662,0.4330684244632721,1.0328580141067505,2.442209243774414,2.689436912536621,3.6057863235473633,19.44954678668479,38.511722695951
upstream,60,3.0,pi_3,27,27,27,27,27,0.1908748596906662,0.4330684244632721,1.0328580141067505,2.442209243774414,2.689436912536621,3.6057863235473633,19.44954678668479,38.511722695951
upstream,60,3.0,pi_4,27,27,27,27,27,0.1908748596906662,0.4330684244632721,1.0328580141067505,2.442209243774414,2.689436912536621,3.6057863235473633,19.44954678668479,38.511722695951
upstream,60,3.0,pi_5,27,27,27,27,27,0.1908748596906662,0.4330684244632721,1.0328580141067505,2.442209243774414,2.689436912536621,3.6057863235473633,19.44954678668479,38.511722695951
upstream,60,3.0,union,27,27,27,27,27,0.1908748596906662,0.4330684244632721,1.0328580141067505,2.442209243774414,2.689436912536621,3.6057863235473633,19.44954678668479,38.511722695951
upstream,61,3.0500000000000003,pi_0,26,25,26,25,25,0.3080156147480011,0.4778958559036255,1.4007998704910278,2.506669044494629,1.5657150745391846,3.3525686264038086,17.088727910307032,32.66722406480706
upstream,61,3.0500000000000003,pi_1,26,26,26,26,26,0.3080156147480011,0.4778958559036255,1.4007998704910278,2.506669044494629,1.5657150745391846,3.3525686264038086,16.789317380657543,32.66722406480706
upstream,61,3.0500000000000003,pi_2,26,26,26,26,26,0.3080156147480011,0.4778958559036255,1.4007998704910278,2.506669044494629,1.5657150745391846,3.3525686264038086,16.789317380657543,32.66722406480706
upstream,61,3.0500000000000003,pi_3,26,26,26,26,26,0.3080156147480011,0.4778958559036255,1.4007998704910278,2.506669044494629,1.5657150745391846,3.3525686264038086,16.789317380657543,32.66722406480706
upstream,61,3.0500000000000003,pi_4,26,26,26,26,26,0.3080156147480011,0.4778958559036255,1.4007998704910278,2.506669044494629,1.5657150745391846,3.3525686264038086,16.789317380657543,32.66722406480706
upstream,61,3.0500000000000003,pi_5,26,26,26,26,26,0.3080156147480011,0.4778958559036255,1.4007998704910278,2.506669044494629,1.5657150745391846,3.3525686264038086,16.789317380657543,32.66722406480706
upstream,61,3.0500000000000003,union,26,26,26,26,26,0.3080156147480011,0.4778958559036255,1.4007998704910278,2.506669044494629,1.5657150745391846,3.3525686264038086,16.789317380657543,32.66722406480706
upstream,62,3.1,pi_0,27,26,27,26,26,0.33018654584884644,0.5073856711387634,1.0664321184158325,2.6803903579711914,0.09744200110435486,3.2983548641204834,16.68796571860615,33.58033502264724
upstream,62,3.1,pi_1,27,27,27,27,27,0.33018654584884644,0.5073856711387634,1.0664321184158325,2.6803903579711914,0.09744200110435486,3.2983548641204834,16.68796571860615,33.58033502264724
upstream,62,3.1,pi_2,27,27,27,27,27,0.33018654584884644,0.5073856711387634,1.0664321184158325,2.6803903579711914,0.09744200110435486,3.2983548641204834,16.68796571860615,33.58033502264724
upstream,62,3.1,pi_3,27,27,27,27,27,0.33018654584884644,0.5073856711387634,1.0664321184158325,2.6803903579711914,0.09744200110435486,3.2983548641204834,16.68796571860615,33.58033502264724
upstream,62,3.1,pi_4,27,27,27,27,27,0.33018654584884644,0.5073856711387634,1.0664321184158325,2.6803903579711914,0.09744200110435486,3.2983548641204834,16.68796571860615,33.58033502264724
upstream,62,3.1,pi_5,27,27,27,27,27,0.33018654584884644,0.5073856711387634,1.0664321184158325,2.6803903579711914,0.09744200110435486,3.2983548641204834,16.68796571860615,33.58033502264724
upstream,62,3.1,union,27,27,27,27,27,0.33018654584884644,0.5073856711387634,1.0664321184158325,2.6803903579711914,0.09744200110435486,3.2983548641204834,16.68796571860615,33.58033502264724
upstream,63,3.1500000000000004,pi_0,27,26,27,26,26,0.38722267746925354,0.5375550389289856,1.0722095966339111,2.2505040168762207,0.05805404484272003,2.433441162109375,18.015184900885487,31.042457821577887
upstream,63,3.1500000000000004,pi_1,27,27,27,27,27,0.38722267746925354,0.5375550389289856,0.9464789032936096,2.2505040168762207,-0.43027111887931824,2.433441162109375,17.018476204145266,31.042457821577887
upstream,63,3.1500000000000004,pi_2,27,27,27,27,27,0.38722267746925354,0.5375550389289856,0.9464789032936096,2.2505040168762207,-0.43027111887931824,2.433441162109375,17.018476204145266,31.042457821577887
upstream,63,3.1500000000000004,pi_3,27,26,27,26,26,0.38722267746925354,0.5375550389289856,0.9464789032936096,2.2505040168762207,-0.43027111887931824,2.433441162109375,17.018476204145266,31.042457821577887
upstream,63,3.1500000000000004,pi_4,27,27,27,27,27,0.38722267746925354,0.5375550389289856,0.9464789032936096,2.2505040168762207,-0.43027111887931824,2.433441162109375,17.018476204145266,31.042457821577887
upstream,63,3.1500000000000004,pi_5,27,27,27,27,27,0.38722267746925354,0.5375550389289856,0.9464789032936096,2.2505040168762207,-0.43027111887931824,2.433441162109375,17.018476204145266,31.042457821577887
upstream,63,3.1500000000000004,union,27,27,27,27,27,0.38722267746925354,0.5375550389289856,0.9464789032936096,2.2505040168762207,-0.43027111887931824,2.433441162109375,17.018476204145266,31.042457821577887
upstream,64,3.2,pi_0,27,26,27,26,26,0.42667287588119507,0.5541759133338928,1.427463173866272,2.0045876502990723,0.1919742226600647,0.8992233872413635,10.478695079973033,22.277427068246368
upstream,64,3.2,pi_1,27,27,27,27,27,0.42667287588119507,0.5541759133338928,1.3045628070831299,2.0045876502990723,0.1872401386499405,0.8992233872413635,10.478695079973033,22.277427068246368
upstream,64,3.2,pi_2,27,27,27,27,27,0.42667287588119507,0.5541759133338928,1.3045628070831299,2.0045876502990723,0.1872401386499405,0.8992233872413635,10.478695079973033,22.277427068246368
upstream,64,3.2,pi_3,27,26,27,26,26,0.42667287588119507,0.5541759133338928,1.3045628070831299,2.0045876502990723,0.1872401386499405,0.8992233872413635,10.478695079973033,22.277427068246368
upstream,64,3.2,pi_4,27,27,27,27,27,0.42667287588119507,0.5541759133338928,1.3045628070831299,2.0045876502990723,0.1872401386499405,0.8992233872413635,10.478695079973033,22.277427068246368
upstream,64,3.2,pi_5,27,27,27,27,27,0.42667287588119507,0.5541759133338928,1.3045628070831299,2.0045876502990723,0.1872401386499405,0.8992233872413635,10.478695079973033,22.277427068246368
upstream,64,3.2,union,27,27,27,27,27,0.42667287588119507,0.5541759133338928,1.3045628070831299,2.0045876502990723,0.1872401386499405,0.8992233872413635,10.478695079973033,22.277427068246368
upstream,65,3.25,pi_0,27,26,27,26,26,0.43774035573005676,0.589904248714447,1.3659776449203491,1.9453281164169312,0.13564379513263702,0.8009254336357117,6.238735361332052,19.894207891651593
upstream,65,3.25,pi_1,27,26,27,26,26,0.43774035573005676,0.589904248714447,1.3659776449203491,1.9453281164169312,0.051500916481018066,0.8009254336357117,6.238735361332052,19.894207891651593
upstream,65,3.25,pi_2,27,27,27,27,27,0.43774035573005676,0.589904248714447,1.3659776449203491,1.9453281164169312,0.051500916481018066,0.8009254336357117,6.238735361332052,19.894207891651593
upstream,65,3.25,pi_3,27,26,27,26,26,0.43774035573005676,0.589904248714447,1.3659776449203491,1.9453281164169312,0.051500916481018066,0.8009254336357117,6.238735361332052,19.894207891651593
upstream,65,3.25,pi_4,27,27,27,27,27,0.43774035573005676,0.589904248714447,1.3659776449203491,1.9453281164169312,0.051500916481018066,0.8009254336357117,6.238735361332052,19.894207891651593
upstream,65,3.25,pi_5,27,27,27,27,27,0.43774035573005676,0.589904248714447,1.3659776449203491,1.9453281164169312,0.051500916481018066,0.8009254336357117,6.238735361332052,19.894207891651593
upstream,65,3.25,union,27,27,27,27,27,0.43774035573005676,0.589904248714447,1.3659776449203491,1.9453281164169312,0.051500916481018066,0.8009254336357117,6.238735361332052,19.894207891651593
upstream,66,3.3000000000000003,pi_0,27,27,27,27,27,0.4496139883995056,0.6069795489311218,1.3858072757720947,1.9884767532348633,0.022115057334303856,0.8119951486587524,2.9614827170788476,16.107076171874404
upstream,66,3.3000000000000003,pi_1,27,26,27,26,26,0.4496139883995056,0.6069795489311218,1.3858072757720947,1.9292091131210327,0.022115057334303856,0.8119951486587524,2.9614827170788476,16.107076171874404
upstream,66,3.3000000000000003,pi_2,27,27,27,27,27,0.4496139883995056,0.6069795489311218,1.3858072757720947,1.9884767532348633,0.022115057334303856,0.8119951486587524,2.9614827170788476,16.107076171874404
upstream,66,3.3000000000000003,pi_3,27,27,27,27,27,0.4496139883995056,0.6069795489311218,1.3858072757720947,1.9884767532348633,0.022115057334303856,0.8119951486587524,2.9614827170788476,16.107076171874404
upstream,66,3.3000000000000003,pi_4,27,27,27,27,27,0.4496139883995056,0.6069795489311218,1.3858072757720947,1.9884767532348633,0.022115057334303856,0.8119951486587524,2.9614827170788476,16.107076171874404
upstream,66,3.3000000000000003,pi_5,27,27,27,27,27,0.4496139883995056,0.6069795489311218,1.3858072757720947,1.9884767532348633,0.022115057334303856,0.8119951486587524,2.9614827170788476,16.107076171874404
upstream,66,3.3000000000000003,union,27,27,27,27,27,0.4496139883995056,0.6069795489311218,1.3858072757720947,1.9884767532348633,0.022115057334303856,0.8119951486587524,2.9614827170788476,16.107076171874404
upstream,67,3.35,pi_0,27,26,27,26,26,0.4526817202568054,0.6402295231819153,1.5973905324935913,2.1190483570098877,-0.020724911242723465,0.8470492362976074,-2.7365768606114385,9.920602610077136
upstream,67,3.35,pi_1,27,27,27,27,27,0.4526817202568054,0.6402295231819153,1.5973905324935913,2.1190483570098877,-0.020724911242723465,0.8470492362976074,-2.7365768606114385,9.920602610077136
upstream,67,3.35,pi_2,27,27,27,27,27,0.4526817202568054,0.6402295231819153,1.5973905324935913,2.1190483570098877,-0.020724911242723465,0.8470492362976074,-2.7365768606114385,9.920602610077136
upstream,67,3.35,pi_3,27,27,27,27,27,0.4526817202568054,0.6402295231819153,1.5973905324935913,2.1190483570098877,-0.020724911242723465,0.8470492362976074,-2.7365768606114385,9.920602610077136
upstream,67,3.35,pi_4,27,27,27,27,27,0.4526817202568054,0.6402295231819153,1.5973905324935913,2.1190483570098877,-0.020724911242723465,0.8470492362976074,-2.7365768606114385,9.920602610077136
upstream,67,3.35,pi_5,27,27,27,27,27,0.4526817202568054,0.6402295231819153,1.5973905324935913,2.1190483570098877,-0.020724911242723465,0.8470492362976074,-2.7365768606114385,9.920602610077136
upstream,67,3.35,union,27,27,27,27,27,0.4526817202568054,0.6402295231819153,1.5973905324935913,2.1190483570098877,-0.020724911242723465,0.8470492362976074,-2.7365768606114385,9.920602610077136
upstream,68,3.4000000000000004,pi_0,27,27,27,27,27,0.45769715309143066,0.654840886592865,1.6320521831512451,2.196471929550171,0.056106749922037125,1.5677437782287598,-4.258474398713601,6.3634000990933295
upstream,68,3.4000000000000004,pi_1,27,26,27,26,26,0.45769715309143066,0.654840886592865,1.6320521831512451,2.196471929550171,0.056106749922037125,1.5677437782287598,-4.258474398713601,6.3634000990933295
upstream,68,3.4000000000000004,pi_2,27,27,27,27,27,0.45769715309143066,0.654840886592865,1.6320521831512451,2.196471929550171,0.056106749922037125,1.5677437782287598,-4.258474398713601,6.3634000990933295
upstream,68,3.4000000000000004,pi_3,27,27,27,27,27,0.45769715309143066,0.654840886592865,1.6320521831512451,2.196471929550171,0.056106749922037125,1.5677437782287598,-4.258474398713601,6.3634000990933295
upstream,68,3.4000000000000004,pi_4,27,27,27,27,27,0.45769715309143066,0.654840886592865,1.6320521831512451,2.196471929550171,0.056106749922037125,1.5677437782287598,-4.258474398713601,6.3634000990933295
upstream,68,3.4000000000000004,pi_5,27,27,27,27,27,0.45769715309143066,0.654840886592865,1.6320521831512451,2.196471929550171,0.056106749922037125,1.5677437782287598,-4.258474398713601,6.3634000990933295
upstream,68,3.4000000000000004,union,27,27,27,27,27,0.45769715309143066,0.654840886592865,1.6320521831512451,2.196471929550171,0.056106749922037125,1.5677437782287598,-4.258474398713601,6.3634000990933295
upstream,69,3.45,pi_0,27,26,27,26,26,0.4630991518497467,0.6686789989471436,1.6843057870864868,2.223708152770996,0.13720092177391052,1.1717562675476074,-4.998752687946337,3.9918961889509785
upstream,69,3.45,pi_1,27,26,27,26,26,0.4630991518497467,0.6686789989471436,1.6843057870864868,2.223708152770996,0.13720092177391052,1.1717562675476074,-4.998752687946337,3.9918961889509785
upstream,69,3.45,pi_2,27,27,27,27,27,0.4630991518497467,0.6686789989471436,1.6843057870864868,2.223708152770996,0.13720092177391052,1.1717562675476074,-4.998752687946337,3.9918961889509785
upstream,69,3.45,pi_3,27,27,27,27,27,0.4630991518497467,0.6686789989471436,1.6843057870864868,2.223708152770996,0.13720092177391052,1.1717562675476074,-4.998752687946337,3.9918961889509785
upstream,69,3.45,pi_4,27,27,27,27,27,0.4630991518497467,0.6686789989471436,1.6843057870864868,2.223708152770996,0.13720092177391052,1.1717562675476074,-4.998752687946337,3.9918961889509785
upstream,69,3.45,pi_5,27,27,27,27,27,0.4630991518497467,0.6686789989471436,1.6843057870864868,2.223708152770996,0.13720092177391052,1.1717562675476074,-4.998752687946337,3.9918961889509785
upstream,69,3.45,union,27,27,27,27,27,0.4630991518497467,0.6686789989471436,1.6843057870864868,2.223708152770996,0.13720092177391052,1.1717562675476074,-4.998752687946337,3.9918961889509785
upstream,70,3.5,pi_0,27,26,27,26,26,0.47345784306526184,0.6821802854537964,1.6341321468353271,2.294541835784912,0.3267979621887207,1.4473005533218384,-5.22434858335336,4.469227896579159
upstream,70,3.5,pi_1,27,26,27,26,26,0.47345784306526184,0.6821802854537964,1.6341321468353271,2.294541835784912,0.15673214197158813,1.4473005533218384,-5.22434858335336,4.469227896579159
upstream,70,3.5,pi_2,27,27,27,27,27,0.47345784306526184,0.6821802854537964,1.6341321468353271,2.294541835784912,0.15673214197158813,1.4473005533218384,-5.22434858335336,4.469227896579159
upstream,70,3.5,pi_3,27,27,27,27,27,0.47345784306526184,0.6821802854537964,1.6341321468353271,2.294541835784912,0.15673214197158813,1.4473005533218384,-5.22434858335336,4.469227896579159
upstream,70,3.5,pi_4,27,27,27,27,27,0.47345784306526184,0.6821802854537964,1.6341321468353271,2.294541835784912,0.15673214197158813,1.4473005533218384,-5.22434858335336,4.469227896579159
upstream,70,3.5,pi_5,27,27,27,27,27,0.47345784306526184,0.6821802854537964,1.6341321468353271,2.294541835784912,0.15673214197158813,1.4473005533218384,-5.22434858335336,4.469227896579159
upstream,70,3.5,union,27,27,27,27,27,0.47345784306526184,0.6821802854537964,1.6341321468353271,2.294541835784912,0.15673214197158813,1.4473005533218384,-5.22434858335336,4.469227896579159
upstream,71,3.5500000000000003,pi_0,27,27,27,27,27,0.4783298373222351,0.6960563063621521,1.6724786758422852,2.354552745819092,0.059975821524858475,1.2599543333053589,-5.30391109120933,6.698067596328963
upstream,71,3.5500000000000003,pi_1,27,27,27,27,27,0.4783298373222351,0.6960563063621521,1.6724786758422852,2.354552745819092,0.059975821524858475,1.2599543333053589,-5.30391109120933,6.698067596328963
upstream,71,3.5500000000000003,pi_2,27,27,27,27,27,0.4783298373222351,0.6960563063621521,1.6724786758422852,2.354552745819092,0.059975821524858475,1.2599543333053589,-5.30391109120933,6.698067596328963
upstream,71,3.5500000000000003,pi_3,27,27,27,27,27,0.4783298373222351,0.6960563063621521,1.6724786758422852,2.354552745819092,0.059975821524858475,1.2599543333053589,-5.30391109120933,6.698067596328963
upstream,71,3.5500000000000003,pi_4,27,27,27,27,27,0.4783298373222351,0.6960563063621521,1.6724786758422852,2.354552745819092,0.059975821524858475,1.2599543333053589,-5.30391109120933,6.698067596328963
upstream,71,3.5500000000000003,pi_5,27,27,27,27,27,0.4783298373222351,0.6960563063621521,1.6724786758422852,2.354552745819092,0.059975821524858475,1.2599543333053589,-5.30391109120933,6.698067596328963
upstream,71,3.5500000000000003,union,27,27,27,27,27,0.4783298373222351,0.6960563063621521,1.6724786758422852,2.354552745819092,0.059975821524858475,1.2599543333053589,-5.30391109120933,6.698067596328963
upstream,72,3.6,pi_0,24,24,24,24,24,0.49704509973526,0.7110761404037476,1.6484665870666504,2.301382303237915,0.3241623640060425,1.290324091911316,-5.088432129281347,8.807978358551207
upstream,72,3.6,pi_1,24,24,24,24,24,0.49704509973526,0.7110761404037476,1.6484665870666504,2.301382303237915,0.3241623640060425,1.290324091911316,-5.088432129281347,8.807978358551207
upstream,72,3.6,pi_2,24,24,24,24,24,0.49704509973526,0.7110761404037476,1.6484665870666504,2.301382303237915,0.3241623640060425,1.290324091911316,-5.088432129281347,8.807978358551207
upstream,72,3.6,pi_3,24,24,24,24,24,0.49704509973526,0.7110761404037476,1.6484665870666504,2.301382303237915,0.3241623640060425,1.290324091911316,-5.088432129281347,8.807978358551207
upstream,72,3.6,pi_4,24,24,24,24,24,0.49704509973526,0.7110761404037476,1.6484665870666504,2.301382303237915,0.3241623640060425,1.290324091911316,-5.088432129281347,8.807978358551207
upstream,72,3.6,pi_5,24,24,24,24,24,0.49704509973526,0.7110761404037476,1.6484665870666504,2.301382303237915,0.3241623640060425,1.290324091911316,-5.088432129281347,8.807978358551207
upstream,72,3.6,union,24,24,24,24,24,0.49704509973526,0.7110761404037476,1.6484665870666504,2.301382303237915,0.3241623640060425,1.290324091911316,-5.088432129281347,8.807978358551207
upstream,73,3.6500000000000004,pi_0,23,23,23,23,23,0.5205770134925842,0.7423940896987915,1.6555945873260498,2.355539560317993,-0.012359392829239368,1.1148799657821655,-4.083717503578746,10.66873062163945
upstream,73,3.6500000000000004,pi_1,23,22,23,22,22,0.5205770134925842,0.7423940896987915,1.6555945873260498,2.355539560317993,0.25787147879600525,1.1148799657821655,-4.083717503578746,7.687664126703829
upstream,73,3.6500000000000004,pi_2,23,23,23,23,23,0.5205770134925842,0.7423940896987915,1.6555945873260498,2.355539560317993,-0.012359392829239368,1.1148799657821655,-4.083717503578746,10.66873062163945
upstream,73,3.6500000000000004,pi_3,23,23,23,23,23,0.5205770134925842,0.7423940896987915,1.6555945873260498,2.355539560317993,-0.012359392829239368,1.1148799657821655,-4.083717503578746,10.66873062163945
upstream,73,3.6500000000000004,pi_4,23,23,23,23,23,0.5205770134925842,0.7423940896987915,1.6555945873260498,2.355539560317993,-0.012359392829239368,1.1148799657821655,-4.083717503578746,10.66873062163945
upstream,73,3.6500000000000004,pi_5,23,23,23,23,23,0.5205770134925842,0.7423940896987915,1.6555945873260498,2.355539560317993,-0.012359392829239368,1.1148799657821655,-4.083717503578746,10.66873062163945
upstream,73,3.6500000000000004,union,23,23,23,23,23,0.5205770134925842,0.7423940896987915,1.6555945873260498,2.355539560317993,-0.012359392829239368,1.1148799657821655,-4.083717503578746,10.66873062163945
upstream,74,3.7,pi_0,18,18,18,18,18,0.5422364473342896,0.7635999917984009,1.5507878065109253,2.2825937271118164,0.0358571782708168,1.0617213249206543,-9.80593247555809,8.645125011346222
upstream,74,3.7,pi_1,18,18,18,18,18,0.5422364473342896,0.7635999917984009,1.5507878065109253,2.2825937271118164,0.0358571782708168,1.0617213249206543,-9.80593247555809,8.645125011346222
upstream,74,3.7,pi_2,18,18,18,18,18,0.5422364473342896,0.7635999917984009,1.5507878065109253,2.2825937271118164,0.0358571782708168,1.0617213249206543,-9.80593247555809,8.645125011346222
upstream,74,3.7,pi_3,18,18,18,18,18,0.5422364473342896,0.7635999917984009,1.5507878065109253,2.2825937271118164,0.0358571782708168,1.0617213249206543,-9.80593247555809,8.645125011346222
upstream,74,3.7,pi_4,18,18,18,18,18,0.5422364473342896,0.7635999917984009,1.5507878065109253,2.2825937271118164,0.0358571782708168,1.0617213249206543,-9.80593247555809,8.645125011346222
upstream,74,3.7,pi_5,18,18,18,18,18,0.5422364473342896,0.7635999917984009,1.5507878065109253,2.2825937271118164,0.0358571782708168,1.0617213249206543,-9.80593247555809,8.645125011346222
upstream,74,3.7,union,18,18,18,18,18,0.5422364473342896,0.7635999917984009,1.5507878065109253,2.2825937271118164,0.0358571782708168,1.0617213249206543,-9.80593247555809,8.645125011346222
upstream,75,3.75,pi_0,6,6,6,6,6,0.5569876432418823,0.7843307852745056,1.6974937915802002,2.2064437866210938,0.0828588530421257,0.9439024329185486,-19.448266644637734,2.2570677682706384
upstream,75,3.75,pi_1,6,6,6,6,6,0.5569876432418823,0.7843307852745056,1.6974937915802002,2.2064437866210938,0.0828588530421257,0.9439024329185486,-19.448266644637734,2.2570677682706384
upstream,75,3.75,pi_2,6,6,6,6,6,0.5569876432418823,0.7843307852745056,1.6974937915802002,2.2064437866210938,0.0828588530421257,0.9439024329185486,-19.448266644637734,2.2570677682706384
upstream,75,3.75,pi_3,6,6,6,6,6,0.5569876432418823,0.7843307852745056,1.6974937915802002,2.2064437866210938,0.0828588530421257,0.9439024329185486,-19.448266644637734,2.2570677682706384
upstream,75,3.75,pi_4,6,6,6,6,6,0.5569876432418823,0.7843307852745056,1.6974937915802002,2.2064437866210938,0.0828588530421257,0.9439024329185486,-19.448266644637734,2.2570677682706384
upstream,75,3.75,pi_5,6,6,6,6,6,0.5569876432418823,0.7843307852745056,1.6974937915802002,2.2064437866210938,0.0828588530421257,0.9439024329185486,-19.448266644637734,2.2570677682706384
upstream,75,3.75,union,6,6,6,6,6,0.5569876432418823,0.7843307852745056,1.6974937915802002,2.2064437866210938,0.0828588530421257,0.9439024329185486,-19.448266644637734,2.2570677682706384
upstream,76,3.8000000000000003,pi_0,3,3,3,3,3,0.7043835520744324,0.7999376058578491,1.8148276805877686,2.148939371109009,0.24802827835083008,0.531801164150238,-6.152478328671804,-1.1966769876900538
upstream,76,3.8000000000000003,pi_1,3,3,3,3,3,0.7043835520744324,0.7999376058578491,1.8148276805877686,2.148939371109009,0.24802827835083008,0.531801164150238,-6.152478328671804,-1.1966769876900538
upstream,76,3.8000000000000003,pi_2,3,3,3,3,3,0.7043835520744324,0.7999376058578491,1.8148276805877686,2.148939371109009,0.24802827835083008,0.531801164150238,-6.152478328671804,-1.1966769876900538
upstream,76,3.8000000000000003,pi_3,3,3,3,3,3,0.7043835520744324,0.7999376058578491,1.8148276805877686,2.148939371109009,0.24802827835083008,0.531801164150238,-6.152478328671804,-1.1966769876900538
upstream,76,3.8000000000000003,pi_4,3,3,3,3,3,0.7043835520744324,0.7999376058578491,1.8148276805877686,2.148939371109009,0.24802827835083008,0.531801164150238,-6.152478328671804,-1.1966769876900538
upstream,76,3.8000000000000003,pi_5,3,3,3,3,3,0.7043835520744324,0.7999376058578491,1.8148276805877686,2.148939371109009,0.24802827835083008,0.531801164150238,-6.152478328671804,-1.1966769876900538
upstream,76,3.8000000000000003,union,3,3,3,3,3,0.7043835520744324,0.7999376058578491,1.8148276805877686,2.148939371109009,0.24802827835083008,0.531801164150238,-6.152478328671804,-1.1966769876900538
upstream,77,3.85,pi_0,1,1,1,1,1,0.8062325119972229,0.8062325119972229,2.098656415939331,2.098656415939331,0.04740067571401596,0.04740067571401596,-3.2734667372965798,-3.2734667372965798
upstream,77,3.85,pi_1,1,1,1,1,1,0.8062325119972229,0.8062325119972229,2.098656415939331,2.098656415939331,0.04740067571401596,0.04740067571401596,-3.2734667372965798,-3.2734667372965798
upstream,77,3.85,pi_2,1,1,1,1,1,0.8062325119972229,0.8062325119972229,2.098656415939331,2.098656415939331,0.04740067571401596,0.04740067571401596,-3.2734667372965798,-3.2734667372965798
upstream,77,3.85,pi_3,1,1,1,1,1,0.8062325119972229,0.8062325119972229,2.098656415939331,2.098656415939331,0.04740067571401596,0.04740067571401596,-3.2734667372965798,-3.2734667372965798
upstream,77,3.85,pi_4,1,1,1,1,1,0.8062325119972229,0.8062325119972229,2.098656415939331,2.098656415939331,0.04740067571401596,0.04740067571401596,-3.2734667372965798,-3.2734667372965798
upstream,77,3.85,pi_5,1,1,1,1,1,0.8062325119972229,0.8062325119972229,2.098656415939331,2.098656415939331,0.04740067571401596,0.04740067571401596,-3.2734667372965798,-3.2734667372965798
upstream,77,3.85,union,1,1,1,1,1,0.8062325119972229,0.8062325119972229,2.098656415939331,2.098656415939331,0.04740067571401596,0.04740067571401596,-3.2734667372965798,-3.2734667372965798
downstream,71,3.5500000000000003,pi_0,1,1,1,1,1,0.6263708472251892,0.6263708472251892,1.7857142686843872,1.7857142686843872,-0.31878405809402466,-0.31878405809402466,4.598135787144307,4.598135787144307
downstream,71,3.5500000000000003,pi_1,1,1,1,1,1,0.6263708472251892,0.6263708472251892,1.7857142686843872,1.7857142686843872,-0.31878405809402466,-0.31878405809402466,4.598135787144307,4.598135787144307
downstream,71,3.5500000000000003,pi_2,1,1,1,1,1,0.6263708472251892,0.6263708472251892,1.7857142686843872,1.7857142686843872,-0.31878405809402466,-0.31878405809402466,4.598135787144307,4.598135787144307
downstream,71,3.5500000000000003,pi_3,1,1,1,1,1,0.6263708472251892,0.6263708472251892,1.7857142686843872,1.7857142686843872,-0.31878405809402466,-0.31878405809402466,4.598135787144307,4.598135787144307
downstream,71,3.5500000000000003,pi_4,1,1,1,1,1,0.6263708472251892,0.6263708472251892,1.7857142686843872,1.7857142686843872,-0.31878405809402466,-0.31878405809402466,4.598135787144307,4.598135787144307
downstream,71,3.5500000000000003,pi_5,1,1,1,1,1,0.6263708472251892,0.6263708472251892,1.7857142686843872,1.7857142686843872,-0.31878405809402466,-0.31878405809402466,4.598135787144307,4.598135787144307
downstream,71,3.5500000000000003,union,1,1,1,1,1,0.6263708472251892,0.6263708472251892,1.7857142686843872,1.7857142686843872,-0.31878405809402466,-0.31878405809402466,4.598135787144307,4.598135787144307
downstream,72,3.6,pi_0,3,3,3,3,3,0.5077490210533142,0.6152953505516052,1.7348949909210205,2.016388416290283,-0.7240738868713379,-0.16813687980175018,4.685599884631237,7.590481959106421
downstream,72,3.6,pi_1,3,3,3,3,3,0.5077490210533142,0.6152953505516052,1.7348949909210205,2.016388416290283,-0.7240738868713379,-0.16813687980175018,4.685599884631237,7.590481959106421
downstream,72,3.6,pi_2,3,3,3,3,3,0.5077490210533142,0.6152953505516052,1.7348949909210205,2.016388416290283,-0.7240738868713379,-0.16813687980175018,4.685599884631237,7.590481959106421
downstream,72,3.6,pi_3,3,3,3,3,3,0.5077490210533142,0.6152953505516052,1.7348949909210205,2.016388416290283,-0.7240738868713379,-0.16813687980175018,4.685599884631237,7.590481959106421
downstream,72,3.6,pi_4,3,3,3,3,3,0.5077490210533142,0.6152953505516052,1.7348949909210205,2.016388416290283,-0.7240738868713379,-0.16813687980175018,4.685599884631237,7.590481959106421
downstream,72,3.6,pi_5,3,3,3,3,3,0.5077490210533142,0.6152953505516052,1.7348949909210205,2.016388416290283,-0.7240738868713379,-0.16813687980175018,4.685599884631237,7.590481959106421
downstream,72,3.6,union,3,3,3,3,3,0.5077490210533142,0.6152953505516052,1.7348949909210205,2.016388416290283,-0.7240738868713379,-0.16813687980175018,4.685599884631237,7.590481959106421
downstream,73,3.6500000000000004,pi_0,6,6,6,6,6,0.4950997829437256,0.6961416602134705,1.7013180255889893,1.9220752716064453,-1.069307565689087,-0.13343322277069092,-1.2580309095048925,8.34192171227616
downstream,73,3.6500000000000004,pi_1,6,6,6,6,6,0.4950997829437256,0.6961416602134705,1.7013180255889893,1.9220752716064453,-1.069307565689087,-0.13343322277069092,-1.2580309095048925,8.34192171227616
downstream,73,3.6500000000000004,pi_2,6,6,6,6,6,0.4950997829437256,0.6961416602134705,1.7013180255889893,1.9220752716064453,-1.069307565689087,-0.13343322277069092,-1.2580309095048925,8.34192171227616
downstream,73,3.6500000000000004,pi_3,6,6,6,6,6,0.4950997829437256,0.6961416602134705,1.7013180255889893,1.9220752716064453,-1.069307565689087,-0.13343322277069092,-1.2580309095048925,8.34192171227616
downstream,73,3.6500000000000004,pi_4,6,6,6,6,6,0.4950997829437256,0.6961416602134705,1.7013180255889893,1.9220752716064453,-1.069307565689087,-0.13343322277069092,-1.2580309095048925,8.34192171227616
downstream,73,3.6500000000000004,pi_5,6,6,6,6,6,0.4950997829437256,0.6961416602134705,1.7013180255889893,1.9220752716064453,-1.069307565689087,-0.13343322277069092,-1.2580309095048925,8.34192171227616
downstream,73,3.6500000000000004,union,6,6,6,6,6,0.4950997829437256,0.6961416602134705,1.7013180255889893,1.9220752716064453,-1.069307565689087,-0.13343322277069092,-1.2580309095048925,8.34192171227616
downstream,74,3.7,pi_0,10,10,10,10,10,0.47386884689331055,0.6951684355735779,1.6812107563018799,2.059612512588501,-1.3681771755218506,-0.1026255413889885,-3.2673614185853133,12.234083352305483
downstream,74,3.7,pi_1,10,10,10,10,10,0.47386884689331055,0.6951684355735779,1.6812107563018799,2.059612512588501,-1.3681771755218506,-0.1026255413889885,-3.2673614185853133,12.234083352305483
downstream,74,3.7,pi_2,10,10,10,10,10,0.47386884689331055,0.6951684355735779,1.6812107563018799,2.059612512588501,-1.3681771755218506,-0.1026255413889885,-3.2673614185853133,12.234083352305483
downstream,74,3.7,pi_3,10,10,10,10,10,0.47386884689331055,0.6951684355735779,1.6812107563018799,2.059612512588501,-1.3681771755218506,-0.1026255413889885,-3.2673614185853133,12.234083352305483
downstream,74,3.7,pi_4,10,10,10,10,10,0.47386884689331055,0.6951684355735779,1.6812107563018799,2.059612512588501,-1.3681771755218506,-0.1026255413889885,-3.2673614185853133,12.234083352305483
downstream,74,3.7,pi_5,10,10,10,10,10,0.47386884689331055,0.6951684355735779,1.6812107563018799,2.059612512588501,-1.3681771755218506,-0.1026255413889885,-3.2673614185853133,12.234083352305483
downstream,74,3.7,union,10,10,10,10,10,0.47386884689331055,0.6951684355735779,1.6812107563018799,2.059612512588501,-1.3681771755218506,-0.1026255413889885,-3.2673614185853133,12.234083352305483
downstream,75,3.75,pi_0,22,22,22,22,22,0.41016310453414917,0.7530778646469116,1.5279974937438965,2.1704537868499756,-1.9221769571304321,-0.07073241472244263,-19.285710542432945,14.782476691780039
downstream,75,3.75,pi_1,22,22,22,22,22,0.41016310453414917,0.7530778646469116,1.5279974937438965,2.1704537868499756,-1.9221769571304321,-0.07073241472244263,-19.285710542432945,14.782476691780039
downstream,75,3.75,pi_2,22,22,22,22,22,0.41016310453414917,0.7530778646469116,1.5279974937438965,2.1704537868499756,-1.9221769571304321,-0.07073241472244263,-19.285710542432945,14.782476691780039
downstream,75,3.75,pi_3,22,22,22,22,22,0.41016310453414917,0.7530778646469116,1.5279974937438965,2.1704537868499756,-1.9221769571304321,-0.07073241472244263,-19.285710542432945,14.782476691780039
downstream,75,3.75,pi_4,22,22,22,22,22,0.41016310453414917,0.7530778646469116,1.5279974937438965,2.1704537868499756,-1.9221769571304321,-0.07073241472244263,-19.285710542432945,14.782476691780039
downstream,75,3.75,pi_5,22,22,22,22,22,0.41016310453414917,0.7530778646469116,1.5279974937438965,2.1704537868499756,-1.9221769571304321,-0.07073241472244263,-19.285710542432945,14.782476691780039
downstream,75,3.75,union,22,22,22,22,22,0.41016310453414917,0.7530778646469116,1.5279974937438965,2.1704537868499756,-1.9221769571304321,-0.07073241472244263,-19.285710542432945,14.782476691780039
downstream,76,3.8000000000000003,pi_0,25,25,25,25,25,0.36950916051864624,0.743818461894989,1.6049222946166992,2.0568044185638428,-2.282738208770752,-0.05445970594882965,-23.5615173030907,20.161912007368898
downstream,76,3.8000000000000003,pi_1,25,25,25,25,25,0.36950916051864624,0.743818461894989,1.6049222946166992,2.0568044185638428,-2.282738208770752,-0.05445970594882965,-23.5615173030907,20.161912007368898
downstream,76,3.8000000000000003,pi_2,25,25,25,25,25,0.36950916051864624,0.743818461894989,1.6049222946166992,2.0568044185638428,-2.282738208770752,-0.05445970594882965,-23.5615173030907,20.161912007368898
downstream,76,3.8000000000000003,pi_3,25,25,25,25,25,0.36950916051864624,0.743818461894989,1.6049222946166992,2.0568044185638428,-2.282738208770752,-0.05445970594882965,-23.5615173030907,20.161912007368898
downstream,76,3.8000000000000003,pi_4,25,25,25,25,25,0.36950916051864624,0.743818461894989,1.6049222946166992,2.0568044185638428,-2.282738208770752,-0.05445970594882965,-23.5615173030907,20.161912007368898
downstream,76,3.8000000000000003,pi_5,25,25,25,25,25,0.36950916051864624,0.743818461894989,1.6049222946166992,2.0568044185638428,-2.282738208770752,-0.05445970594882965,-23.5615173030907,20.161912007368898
downstream,76,3.8000000000000003,union,25,25,25,25,25,0.36950916051864624,0.743818461894989,1.6049222946166992,2.0568044185638428,-2.282738208770752,-0.05445970594882965,-23.5615173030907,20.161912007368898
downstream,77,3.85,pi_0,25,25,25,25,25,0.3535282015800476,0.7785051465034485,1.5151108503341675,2.0787787437438965,-3.025740385055542,-0.22573025524616241,-26.004878046293634,21.34358309174831
downstream,77,3.85,pi_1,25,25,25,25,25,0.3535282015800476,0.7785051465034485,1.5151108503341675,2.0787787437438965,-3.025740385055542,-0.22573025524616241,-26.004878046293634,21.34358309174831
downstream,77,3.85,pi_2,25,25,25,25,25,0.3535282015800476,0.7785051465034485,1.5151108503341675,2.0787787437438965,-3.025740385055542,-0.22573025524616241,-26.004878046293634,21.34358309174831
downstream,77,3.85,pi_3,25,25,25,25,25,0.3535282015800476,0.7785051465034485,1.5151108503341675,2.0787787437438965,-3.025740385055542,-0.22573025524616241,-26.004878046293634,21.34358309174831
downstream,77,3.85,pi_4,25,25,25,25,25,0.3535282015800476,0.7785051465034485,1.5151108503341675,2.0787787437438965,-3.025740385055542,-0.22573025524616241,-26.004878046293634,21.34358309174831
downstream,77,3.85,pi_5,25,25,25,25,25,0.3535282015800476,0.7785051465034485,1.5151108503341675,2.0787787437438965,-3.025740385055542,-0.22573025524616241,-26.004878046293634,21.34358309174831
downstream,77,3.85,union,25,25,25,25,25,0.3535282015800476,0.7785051465034485,1.5151108503341675,2.0787787437438965,-3.025740385055542,-0.22573025524616241,-26.004878046293634,21.34358309174831
downstream,78,3.9000000000000004,pi_0,24,24,24,24,24,0.48451900482177734,0.802975058555603,1.5993521213531494,2.610729932785034,-3.310637950897217,-0.4104253947734833,-20.34217375017941,22.993597610216707
downstream,78,3.9000000000000004,pi_1,24,24,24,24,24,0.48451900482177734,0.802975058555603,1.5993521213531494,2.610729932785034,-3.310637950897217,-0.4104253947734833,-20.34217375017941,22.993597610216707
downstream,78,3.9000000000000004,pi_2,24,24,24,24,24,0.48451900482177734,0.802975058555603,1.5993521213531494,2.610729932785034,-3.310637950897217,-0.4104253947734833,-20.34217375017941,22.993597610216707
downstream,78,3.9000000000000004,pi_3,24,24,24,24,24,0.48451900482177734,0.802975058555603,1.5993521213531494,2.610729932785034,-3.310637950897217,-0.4104253947734833,-20.34217375017941,22.993597610216707
downstream,78,3.9000000000000004,pi_4,24,24,24,24,24,0.48451900482177734,0.802975058555603,1.5993521213531494,2.610729932785034,-3.310637950897217,-0.4104253947734833,-20.34217375017941,22.993597610216707
downstream,78,3.9000000000000004,pi_5,24,24,24,24,24,0.48451900482177734,0.802975058555603,1.5993521213531494,2.610729932785034,-3.310637950897217,-0.4104253947734833,-20.34217375017941,22.993597610216707
downstream,78,3.9000000000000004,union,24,24,24,24,24,0.48451900482177734,0.802975058555603,1.5993521213531494,2.610729932785034,-3.310637950897217,-0.4104253947734833,-20.34217375017941,22.993597610216707
downstream,79,3.95,pi_0,24,24,24,24,24,0.37489819526672363,0.7491583824157715,1.5938705205917358,2.308206796646118,-3.238325595855713,-1.5722187757492065,-12.801994687737913,23.402499941364198
downstream,79,3.95,pi_1,24,24,24,24,24,0.37489819526672363,0.7491583824157715,1.5938705205917358,2.308206796646118,-3.238325595855713,-1.5722187757492065,-12.801994687737913,23.402499941364198
downstream,79,3.95,pi_2,24,24,24,24,24,0.37489819526672363,0.7491583824157715,1.5938705205917358,2.308206796646118,-3.238325595855713,-1.5722187757492065,-12.801994687737913,23.402499941364198
downstream,79,3.95,pi_3,24,24,24,24,24,0.37489819526672363,0.7491583824157715,1.5938705205917358,2.308206796646118,-3.238325595855713,-1.5722187757492065,-12.801994687737913,23.402499941364198
downstream,79,3.95,pi_4,24,24,24,24,24,0.37489819526672363,0.7491583824157715,1.5938705205917358,2.308206796646118,-3.238325595855713,-1.5722187757492065,-12.801994687737913,23.402499941364198
downstream,79,3.95,pi_5,24,24,24,24,24,0.37489819526672363,0.7491583824157715,1.5938705205917358,2.308206796646118,-3.238325595855713,-1.5722187757492065,-12.801994687737913,23.402499941364198
downstream,79,3.95,union,24,24,24,24,24,0.37489819526672363,0.7491583824157715,1.5938705205917358,2.308206796646118,-3.238325595855713,-1.5722187757492065,-12.801994687737913,23.402499941364198
downstream,80,4.0,pi_0,24,24,24,24,24,0.30247002840042114,0.7115573883056641,1.5961650609970093,2.1544909477233887,-3.416501760482788,-1.8445866107940674,-10.653189834721063,22.654053237468325
downstream,80,4.0,pi_1,24,24,24,24,24,0.30247002840042114,0.7115573883056641,1.5961650609970093,2.1544909477233887,-3.416501760482788,-1.8445866107940674,-10.653189834721063,22.654053237468325
downstream,80,4.0,pi_2,24,24,24,24,24,0.30247002840042114,0.7115573883056641,1.5961650609970093,2.1544909477233887,-3.416501760482788,-1.8445866107940674,-10.653189834721063,22.654053237468325
downstream,80,4.0,pi_3,24,24,24,24,24,0.30247002840042114,0.7115573883056641,1.5961650609970093,2.1544909477233887,-3.416501760482788,-1.8445866107940674,-10.653189834721063,22.654053237468325
downstream,80,4.0,pi_4,24,24,24,24,24,0.30247002840042114,0.7115573883056641,1.5961650609970093,2.1544909477233887,-3.416501760482788,-1.8445866107940674,-10.653189834721063,22.654053237468325
downstream,80,4.0,pi_5,24,24,24,24,24,0.30247002840042114,0.7115573883056641,1.5961650609970093,2.1544909477233887,-3.416501760482788,-1.8445866107940674,-10.653189834721063,22.654053237468325
downstream,80,4.0,union,24,24,24,24,24,0.30247002840042114,0.7115573883056641,1.5961650609970093,2.1544909477233887,-3.416501760482788,-1.8445866107940674,-10.653189834721063,22.654053237468325
downstream,81,4.05,pi_0,21,21,21,21,21,0.268344908952713,0.6700721979141235,1.5699810981750488,2.1791789531707764,-3.437192916870117,-0.4991973638534546,-11.538292476967028,15.53112376653276
downstream,81,4.05,pi_1,21,21,21,21,21,0.268344908952713,0.6700721979141235,1.5699810981750488,2.1791789531707764,-3.437192916870117,-0.4991973638534546,-11.538292476967028,15.53112376653276
downstream,81,4.05,pi_2,21,21,21,21,21,0.268344908952713,0.6700721979141235,1.5699810981750488,2.1791789531707764,-3.437192916870117,-0.4991973638534546,-11.538292476967028,15.53112376653276
downstream,81,4.05,pi_3,21,21,21,21,21,0.268344908952713,0.6700721979141235,1.5699810981750488,2.1791789531707764,-3.437192916870117,-0.4991973638534546,-11.538292476967028,15.53112376653276
downstream,81,4.05,pi_4,21,21,21,21,21,0.268344908952713,0.6700721979141235,1.5699810981750488,2.1791789531707764,-3.437192916870117,-0.4991973638534546,-11.538292476967028,15.53112376653276
downstream,81,4.05,pi_5,21,21,21,21,21,0.268344908952713,0.6700721979141235,1.5699810981750488,2.1791789531707764,-3.437192916870117,-0.4991973638534546,-11.538292476967028,15.53112376653276
downstream,81,4.05,union,21,21,21,21,21,0.268344908952713,0.6700721979141235,1.5699810981750488,2.1791789531707764,-3.437192916870117,-0.4991973638534546,-11.538292476967028,15.53112376653276
downstream,82,4.1000000000000005,pi_0,13,13,13,13,13,0.2697986364364624,0.6311212778091431,1.1135808229446411,2.018700361251831,-3.4066402912139893,-0.03466598317027092,-10.211299297873602,14.875046011441626
downstream,82,4.1000000000000005,pi_1,13,13,13,13,13,0.2697986364364624,0.6311212778091431,1.1135808229446411,2.018700361251831,-3.4066402912139893,-0.03466598317027092,-10.211299297873602,14.875046011441626
downstream,82,4.1000000000000005,pi_2,13,13,13,13,13,0.2697986364364624,0.6311212778091431,1.1135808229446411,2.018700361251831,-3.4066402912139893,-0.03466598317027092,-10.211299297873602,14.875046011441626
downstream,82,4.1000000000000005,pi_3,13,13,13,13,13,0.2697986364364624,0.6311212778091431,1.1135808229446411,2.018700361251831,-3.4066402912139893,-0.03466598317027092,-10.211299297873602,14.875046011441626
downstream,82,4.1000000000000005,pi_4,13,13,13,13,13,0.2697986364364624,0.6311212778091431,1.1135808229446411,2.018700361251831,-3.4066402912139893,-0.03466598317027092,-10.211299297873602,14.875046011441626
downstream,82,4.1000000000000005,pi_5,13,13,13,13,13,0.2697986364364624,0.6311212778091431,1.1135808229446411,2.018700361251831,-3.4066402912139893,-0.03466598317027092,-10.211299297873602,14.875046011441626
downstream,82,4.1000000000000005,union,13,13,13,13,13,0.2697986364364624,0.6311212778091431,1.1135808229446411,2.018700361251831,-3.4066402912139893,-0.03466598317027092,-10.211299297873602,14.875046011441626
downstream,83,4.15,pi_0,7,7,7,7,7,0.28206247091293335,0.547052264213562,1.7131373882293701,2.0508391857147217,-3.0249364376068115,-0.8113982081413269,-9.72393067300863,11.507167583727556
downstream,83,4.15,pi_1,7,7,7,7,7,0.28206247091293335,0.547052264213562,1.7131373882293701,2.0508391857147217,-3.0249364376068115,-0.8113982081413269,-9.72393067300863,11.507167583727556
downstream,83,4.15,pi_2,7,7,7,7,7,0.28206247091293335,0.547052264213562,1.7131373882293701,2.0508391857147217,-3.0249364376068115,-0.8113982081413269,-9.72393067300863,11.507167583727556
downstream,83,4.15,pi_3,7,7,7,7,7,0.28206247091293335,0.547052264213562,1.7131373882293701,2.0508391857147217,-3.0249364376068115,-0.8113982081413269,-9.72393067300863,11.507167583727556
downstream,83,4.15,pi_4,7,7,7,7,7,0.28206247091293335,0.547052264213562,1.7131373882293701,2.0508391857147217,-3.0249364376068115,-0.8113982081413269,-9.72393067300863,11.507167583727556
downstream,83,4.15,pi_5,7,7,7,7,7,0.28206247091293335,0.547052264213562,1.7131373882293701,2.0508391857147217,-3.0249364376068115,-0.8113982081413269,-9.72393067300863,11.507167583727556
downstream,83,4.15,union,7,7,7,7,7,0.28206247091293335,0.547052264213562,1.7131373882293701,2.0508391857147217,-3.0249364376068115,-0.8113982081413269,-9.72393067300863,11.507167583727556
downstream,84,4.2,pi_0,3,3,3,3,3,0.2711811661720276,0.49930712580680847,1.2179139852523804,2.0218515396118164,-2.7206082344055176,-1.0058010816574097,-9.271431679554684,-1.8339313375590538
downstream,84,4.2,pi_1,3,3,3,3,3,0.2711811661720276,0.49930712580680847,1.2179139852523804,2.0218515396118164,-2.7206082344055176,-1.0058010816574097,-9.271431679554684,-1.8339313375590538
downstream,84,4.2,pi_2,3,3,3,3,3,0.2711811661720276,0.49930712580680847,1.2179139852523804,2.0218515396118164,-2.7206082344055176,-1.0058010816574097,-9.271431679554684,-1.8339313375590538
downstream,84,4.2,pi_3,3,3,3,3,3,0.2711811661720276,0.49930712580680847,1.2179139852523804,2.0218515396118164,-2.7206082344055176,-1.0058010816574097,-9.271431679554684,-1.8339313375590538
downstream,84,4.2,pi_4,3,3,3,3,3,0.2711811661720276,0.49930712580680847,1.2179139852523804,2.0218515396118164,-2.7206082344055176,-1.0058010816574097,-9.271431679554684,-1.8339313375590538
downstream,84,4.2,pi_5,3,3,3,3,3,0.2711811661720276,0.49930712580680847,1.2179139852523804,2.0218515396118164,-2.7206082344055176,-1.0058010816574097,-9.271431679554684,-1.8339313375590538
downstream,84,4.2,union,3,3,3,3,3,0.2711811661720276,0.49930712580680847,1.2179139852523804,2.0218515396118164,-2.7206082344055176,-1.0058010816574097,-9.271431679554684,-1.8339313375590538
downstream,85,4.25,pi_0,2,2,2,2,2,0.3931084871292114,0.4467015862464905,2.0041141510009766,2.0178370475769043,-2.9031426906585693,-2.7236342430114746,-10.343244958526983,-9.23637559159898
downstream,85,4.25,pi_1,2,2,2,2,2,0.3931084871292114,0.4467015862464905,2.0041141510009766,2.0178370475769043,-2.9031426906585693,-2.7236342430114746,-10.343244958526983,-9.23637559159898
downstream,85,4.25,pi_2,2,2,2,2,2,0.3931084871292114,0.4467015862464905,2.0041141510009766,2.0178370475769043,-2.9031426906585693,-2.7236342430114746,-10.343244958526983,-9.23637559159898
downstream,85,4.25,pi_3,2,2,2,2,2,0.3931084871292114,0.4467015862464905,2.0041141510009766,2.0178370475769043,-2.9031426906585693,-2.7236342430114746,-10.343244958526983,-9.23637559159898
downstream,85,4.25,pi_4,2,2,2,2,2,0.3931084871292114,0.4467015862464905,2.0041141510009766,2.0178370475769043,-2.9031426906585693,-2.7236342430114746,-10.343244958526983,-9.23637559159898
downstream,85,4.25,pi_5,2,2,2,2,2,0.3931084871292114,0.4467015862464905,2.0041141510009766,2.0178370475769043,-2.9031426906585693,-2.7236342430114746,-10.343244958526983,-9.23637559159898
downstream,85,4.25,union,2,2,2,2,2,0.3931084871292114,0.4467015862464905,2.0041141510009766,2.0178370475769043,-2.9031426906585693,-2.7236342430114746,-10.343244958526983,-9.23637559159898
downstream,86,4.3,pi_0,2,2,2,2,2,0.28293049335479736,0.3900829553604126,1.1636362075805664,2.0211281776428223,-2.961686849594116,-0.41191720962524414,-10.451292527645405,-8.1998631844451
downstream,86,4.3,pi_1,2,2,2,2,2,0.28293049335479736,0.3900829553604126,1.1636362075805664,2.0211281776428223,-2.961686849594116,-0.41191720962524414,-10.451292527645405,-8.1998631844451
downstream,86,4.3,pi_2,2,2,2,2,2,0.28293049335479736,0.3900829553604126,1.1636362075805664,2.0211281776428223,-2.961686849594116,-0.41191720962524414,-10.451292527645405,-8.1998631844451
downstream,86,4.3,pi_3,2,2,2,2,2,0.28293049335479736,0.3900829553604126,1.1636362075805664,2.0211281776428223,-2.961686849594116,-0.41191720962524414,-10.451292527645405,-8.1998631844451
downstream,86,4.3,pi_4,2,2,2,2,2,0.28293049335479736,0.3900829553604126,1.1636362075805664,2.0211281776428223,-2.961686849594116,-0.41191720962524414,-10.451292527645405,-8.1998631844451
downstream,86,4.3,pi_5,2,2,2,2,2,0.28293049335479736,0.3900829553604126,1.1636362075805664,2.0211281776428223,-2.961686849594116,-0.41191720962524414,-10.451292527645405,-8.1998631844451
downstream,86,4.3,union,2,2,2,2,2,0.28293049335479736,0.3900829553604126,1.1636362075805664,2.0211281776428223,-2.961686849594116,-0.41191720962524414,-10.451292527645405,-8.1998631844451
downstream,87,4.3500000000000005,pi_0,1,1,1,1,1,0.2802357077598572,0.2802357077598572,1.1723576784133911,1.1723576784133911,-0.24175672233104706,-0.24175672233104706,-8.461073457641278,-8.461073457641278
downstream,87,4.3500000000000005,pi_1,1,1,1,1,1,0.2802357077598572,0.2802357077598572,1.1723576784133911,1.1723576784133911,-0.24175672233104706,-0.24175672233104706,-8.461073457641278,-8.461073457641278
downstream,87,4.3500000000000005,pi_2,1,1,1,1,1,0.2802357077598572,0.2802357077598572,1.1723576784133911,1.1723576784133911,-0.24175672233104706,-0.24175672233104706,-8.461073457641278,-8.461073457641278
downstream,87,4.3500000000000005,pi_3,1,1,1,1,1,0.2802357077598572,0.2802357077598572,1.1723576784133911,1.1723576784133911,-0.24175672233104706,-0.24175672233104706,-8.461073457641278,-8.461073457641278
downstream,87,4.3500000000000005,pi_4,1,1,1,1,1,0.2802357077598572,0.2802357077598572,1.1723576784133911,1.1723576784133911,-0.24175672233104706,-0.24175672233104706,-8.461073457641278,-8.461073457641278
downstream,87,4.3500000000000005,pi_5,1,1,1,1,1,0.2802357077598572,0.2802357077598572,1.1723576784133911,1.1723576784133911,-0.24175672233104706,-0.24175672233104706,-8.461073457641278,-8.461073457641278
downstream,87,4.3500000000000005,union,1,1,1,1,1,0.2802357077598572,0.2802357077598572,1.1723576784133911,1.1723576784133911,-0.24175672233104706,-0.24175672233104706,-8.461073457641278,-8.461073457641278
