stage,episode,active_steps,success,physical_failure,completed,unique_cells
initial,0,50,True,False,True,50
initial,1,45,True,False,True,45
initial,2,45,True,False,True,45
initial,3,49,True,False,True,49
initial,4,51,True,False,True,51
initial,5,44,True,False,True,44
initial,6,50,True,False,True,50
initial,7,50,True,False,True,50
initial,8,45,True,False,True,45
initial,9,44,True,False,True,44
initial,10,53,True,False,True,53
initial,11,45,True,False,True,45
initial,12,45,True,False,True,45
initial,13,49,True,False,True,49
initial,14,50,True,False,True,50
initial,15,49,True,False,True,49
initial,16,44,True,False,True,44
initial,17,49,True,False,True,49
initial,18,44,True,False,True,44
initial,19,49,True,False,True,49
initial,20,46,True,False,True,46
initial,21,45,True,False,True,45
initial,22,50,True,False,True,50
initial,23,44,True,False,True,44
initial,24,45,True,False,True,45
initial,25,44,True,False,True,44
initial,26,45,True,False,True,45
initial,27,44,True,False,True,44
initial,28,44,True,False,True,44
initial,29,50,True,False,True,50
initial,30,50,True,False,True,50
initial,31,44,True,False,True,44
batch_0001,0,47,True,False,True,47
batch_0001,1,46,True,False,True,46
batch_0001,2,51,True,False,True,51
batch_0001,3,46,True,False,True,46
batch_0001,4,50,True,False,True,50
batch_0001,5,45,True,False,True,45
batch_0001,6,42,True,False,True,42
batch_0001,7,47,True,False,True,47
batch_0001,8,50,True,False,True,50
batch_0001,9,45,True,False,True,45
batch_0001,10,57,False,True,True,57
batch_0001,11,50,True,False,True,50
batch_0001,12,51,True,False,True,51
batch_0001,13,45,True,False,True,45
batch_0001,14,40,True,False,True,40
batch_0001,15,49,True,False,True,49
batch_0001,16,44,True,False,True,44
batch_0001,17,46,True,False,True,46
batch_0001,18,49,True,False,True,49
batch_0001,19,44,True,False,True,44
batch_0001,20,49,True,False,True,49
batch_0001,21,45,True,False,True,45
batch_0001,22,45,True,False,True,45
batch_0001,23,47,True,False,True,47
batch_0001,24,42,True,False,True,42
batch_0001,25,47,True,False,True,47
batch_0001,26,46,True,False,True,46
batch_0001,27,45,True,False,True,45
batch_0001,28,44,True,False,True,44
batch_0001,29,49,True,False,True,49
batch_0001,30,47,True,False,True,47
batch_0001,31,48,True,False,True,48
batch_0002,0,21,False,True,True,21
batch_0002,1,23,False,True,True,23
batch_0002,2,21,False,True,True,21
batch_0002,3,20,False,True,True,20
batch_0002,4,22,False,True,True,22
batch_0002,5,24,False,True,True,24
batch_0002,6,29,False,True,True,29
batch_0002,7,20,False,True,True,20
batch_0002,8,22,False,True,True,22
batch_0002,9,28,False,True,True,28
batch_0002,10,27,False,False,True,27
batch_0002,11,21,False,True,True,21
batch_0002,12,29,False,True,True,29
batch_0002,13,22,False,True,True,22
batch_0002,14,22,False,True,True,22
batch_0002,15,24,False,True,True,24
batch_0002,16,29,False,False,True,29
batch_0002,17,21,False,True,True,21
batch_0002,18,22,False,True,True,22
batch_0002,19,25,False,True,True,25
batch_0002,20,27,False,False,True,27
batch_0002,21,21,False,True,True,21
batch_0002,22,24,False,True,True,24
batch_0002,23,29,False,True,True,29
batch_0002,24,28,False,False,True,28
batch_0002,25,23,False,True,True,23
batch_0002,26,22,False,True,True,22
batch_0002,27,26,False,True,True,26
batch_0002,28,21,False,True,True,21
batch_0002,29,21,False,True,True,21
batch_0002,30,24,False,False,True,24
batch_0002,31,23,False,True,True,23
batch_0003,0,21,False,True,True,21
batch_0003,1,23,False,True,True,23
batch_0003,2,22,False,True,True,22
batch_0003,3,21,False,True,True,21
batch_0003,4,22,False,True,True,22
batch_0003,5,21,False,True,True,21
batch_0003,6,24,False,True,True,24
batch_0003,7,21,False,True,True,21
batch_0003,8,21,False,True,True,21
batch_0003,9,24,False,True,True,24
batch_0003,10,21,False,True,True,21
batch_0003,11,21,False,True,True,21
batch_0003,12,22,False,True,True,22
batch_0003,13,21,False,True,True,21
batch_0003,14,19,False,True,True,19
batch_0003,15,24,False,True,True,24
batch_0003,16,23,False,True,True,23
batch_0003,17,26,False,True,True,26
batch_0003,18,27,False,True,True,27
batch_0003,19,24,False,True,True,24
batch_0003,20,20,False,True,True,20
batch_0003,21,33,False,True,True,33
batch_0003,22,22,False,True,True,22
batch_0003,23,22,False,True,True,22
batch_0003,24,20,False,True,True,20
batch_0003,25,22,False,True,True,22
batch_0003,26,23,False,True,True,23
batch_0003,27,22,False,True,True,22
batch_0003,28,21,False,False,True,21
batch_0003,29,19,False,True,True,19
batch_0003,30,22,False,True,True,22
batch_0003,31,25,False,False,True,25
batch_0004,0,20,False,True,True,20
batch_0004,1,26,False,True,True,26
batch_0004,2,20,False,True,True,20
batch_0004,3,29,False,False,True,29
batch_0004,4,26,False,True,True,26
batch_0004,5,20,False,True,True,20
batch_0004,6,25,False,True,True,25
batch_0004,7,22,False,True,True,22
batch_0004,8,23,False,True,True,23
batch_0004,9,30,False,True,True,30
batch_0004,10,21,False,True,True,21
batch_0004,11,31,False,False,True,31
batch_0004,12,25,False,True,True,25
batch_0004,13,19,False,True,True,19
batch_0004,14,19,False,True,True,19
batch_0004,15,19,False,True,True,19
batch_0004,16,17,False,True,True,17
batch_0004,17,25,False,True,True,25
batch_0004,18,29,False,False,True,29
batch_0004,19,20,False,True,True,20
batch_0004,20,21,False,True,True,21
batch_0004,21,20,False,True,True,20
batch_0004,22,20,False,True,True,20
batch_0004,23,23,False,True,True,23
batch_0004,24,21,False,True,True,21
batch_0004,25,18,False,True,True,18
batch_0004,26,20,False,True,True,20
batch_0004,27,18,False,True,True,18
batch_0004,28,22,False,True,True,22
batch_0004,29,23,False,True,True,23
batch_0004,30,19,False,True,True,19
batch_0004,31,31,False,True,True,31
batch_0005,0,23,False,True,True,23
batch_0005,1,35,False,True,True,35
batch_0005,2,24,False,True,True,24
batch_0005,3,26,False,True,True,26
batch_0005,4,24,False,True,True,24
batch_0005,5,25,False,True,True,25
batch_0005,6,26,False,False,True,26
batch_0005,7,24,False,True,True,24
batch_0005,8,31,False,True,True,31
batch_0005,9,24,False,False,True,24
batch_0005,10,23,False,True,True,23
batch_0005,11,21,False,True,True,21
batch_0005,12,22,False,True,True,22
batch_0005,13,26,False,True,True,26
batch_0005,14,25,False,True,True,25
batch_0005,15,22,False,True,True,22
batch_0005,16,22,False,True,True,22
batch_0005,17,19,False,True,True,19
batch_0005,18,25,False,False,True,25
batch_0005,19,29,False,False,True,29
batch_0005,20,21,False,True,True,21
batch_0005,21,25,False,True,True,25
batch_0005,22,23,False,True,True,23
batch_0005,23,26,False,True,True,26
batch_0005,24,23,False,True,True,23
batch_0005,25,24,False,False,True,24
batch_0005,26,17,False,True,True,17
batch_0005,27,21,False,True,True,21
batch_0005,28,19,False,True,True,19
batch_0005,29,27,False,True,True,27
batch_0005,30,23,False,True,True,23
batch_0005,31,19,False,True,True,19
batch_0006,0,19,False,True,True,19
batch_0006,1,23,False,True,True,23
batch_0006,2,23,False,True,True,23
batch_0006,3,24,False,False,True,24
batch_0006,4,21,False,True,True,21
batch_0006,5,19,False,True,True,19
batch_0006,6,20,False,True,True,20
batch_0006,7,23,False,False,True,23
batch_0006,8,27,False,False,True,27
batch_0006,9,19,False,True,True,19
batch_0006,10,22,False,True,True,22
batch_0006,11,22,False,True,True,22
batch_0006,12,16,False,True,True,16
batch_0006,13,25,False,True,True,25
batch_0006,14,21,False,True,True,21
batch_0006,15,25,False,True,True,25
batch_0006,16,18,False,True,True,18
batch_0006,17,22,False,True,True,22
batch_0006,18,21,False,True,True,21
batch_0006,19,20,False,True,True,20
batch_0006,20,19,False,True,True,19
batch_0006,21,20,False,True,True,20
batch_0006,22,19,False,True,True,19
batch_0006,23,16,False,True,True,16
batch_0006,24,20,False,True,True,20
batch_0006,25,22,False,True,True,22
batch_0006,26,28,False,False,True,28
batch_0006,27,20,False,True,True,20
batch_0006,28,18,False,True,True,18
batch_0006,29,17,False,True,True,17
batch_0006,30,18,False,True,True,18
batch_0006,31,23,False,True,True,23
batch_0007,0,30,False,False,True,30
batch_0007,1,21,False,True,True,21
batch_0007,2,16,False,True,True,16
batch_0007,3,33,False,True,True,33
batch_0007,4,30,False,False,True,30
batch_0007,5,18,False,True,True,18
batch_0007,6,22,False,True,True,22
batch_0007,7,16,False,True,True,16
batch_0007,8,24,False,True,True,24
batch_0007,9,21,False,True,True,21
batch_0007,10,24,False,True,True,24
batch_0007,11,31,False,True,True,31
batch_0007,12,18,False,True,True,18
batch_0007,13,20,False,True,True,20
batch_0007,14,21,False,True,True,21
batch_0007,15,28,False,False,True,28
batch_0007,16,21,False,True,True,21
batch_0007,17,27,False,False,True,27
batch_0007,18,23,False,True,True,23
batch_0007,19,27,False,False,True,27
batch_0007,20,20,False,True,True,20
batch_0007,21,26,False,False,True,26
batch_0007,22,26,False,True,True,26
batch_0007,23,26,False,True,True,26
batch_0007,24,21,False,True,True,21
batch_0007,25,15,False,True,True,15
batch_0007,26,25,False,False,True,25
batch_0007,27,18,False,True,True,18
batch_0007,28,30,False,False,True,30
batch_0007,29,19,False,True,True,19
batch_0007,30,24,False,True,True,24
batch_0007,31,19,False,True,True,19
batch_0008,0,18,False,True,True,18
batch_0008,1,18,False,True,True,18
batch_0008,2,16,False,True,True,16
batch_0008,3,16,False,False,True,16
batch_0008,4,20,False,True,True,20
batch_0008,5,17,False,True,True,17
batch_0008,6,19,False,True,True,19
batch_0008,7,24,False,True,True,24
batch_0008,8,17,False,True,True,17
batch_0008,9,24,False,False,True,24
batch_0008,10,15,False,True,True,15
batch_0008,11,25,False,True,True,25
batch_0008,12,31,False,False,True,31
batch_0008,13,23,False,True,True,23
batch_0008,14,24,False,True,True,24
batch_0008,15,18,False,True,True,18
batch_0008,16,21,False,True,True,21
batch_0008,17,18,False,True,True,18
batch_0008,18,22,False,True,True,22
batch_0008,19,24,False,True,True,24
batch_0008,20,18,False,True,True,18
batch_0008,21,23,False,True,True,23
batch_0008,22,18,False,True,True,18
batch_0008,23,17,False,True,True,17
batch_0008,24,15,False,True,True,15
batch_0008,25,19,False,True,True,19
batch_0008,26,21,False,True,True,21
batch_0008,27,18,False,True,True,18
batch_0008,28,22,False,True,True,22
batch_0008,29,25,False,True,True,25
batch_0008,30,20,False,True,True,20
batch_0008,31,20,False,True,True,20
batch_0009,0,19,False,True,True,19
batch_0009,1,23,False,True,True,23
batch_0009,2,22,False,True,True,22
batch_0009,3,19,False,True,True,19
batch_0009,4,17,False,True,True,17
batch_0009,5,20,False,True,True,20
batch_0009,6,26,False,False,True,26
batch_0009,7,27,False,False,True,27
batch_0009,8,21,False,True,True,21
batch_0009,9,20,False,True,True,20
batch_0009,10,24,False,True,True,24
batch_0009,11,23,False,False,True,23
batch_0009,12,20,False,True,True,20
batch_0009,13,27,False,True,True,27
batch_0009,14,17,False,True,True,17
batch_0009,15,19,False,True,True,19
batch_0009,16,23,False,True,True,23
batch_0009,17,21,False,True,True,21
batch_0009,18,21,False,True,True,21
batch_0009,19,24,False,True,True,24
batch_0009,20,17,False,True,True,17
batch_0009,21,23,False,True,True,23
batch_0009,22,18,False,True,True,18
batch_0009,23,23,False,True,True,23
batch_0009,24,24,False,True,True,24
batch_0009,25,21,False,True,True,21
batch_0009,26,24,False,False,True,24
batch_0009,27,18,False,True,True,18
batch_0009,28,21,False,True,True,21
batch_0009,29,21,False,True,True,21
batch_0009,30,19,False,True,True,19
batch_0009,31,25,False,True,True,25
batch_0010,0,21,False,True,True,21
batch_0010,1,28,False,False,True,28
batch_0010,2,17,False,True,True,17
batch_0010,3,29,False,False,True,29
batch_0010,4,17,False,True,True,17
batch_0010,5,21,False,True,True,21
batch_0010,6,18,False,True,True,18
batch_0010,7,18,False,True,True,18
batch_0010,8,21,False,True,True,21
batch_0010,9,22,False,True,True,22
batch_0010,10,22,False,True,True,22
batch_0010,11,22,False,True,True,22
batch_0010,12,21,False,True,True,21
batch_0010,13,25,False,True,True,25
batch_0010,14,26,False,True,True,26
batch_0010,15,22,False,True,True,22
batch_0010,16,21,False,False,True,21
batch_0010,17,25,False,False,True,25
batch_0010,18,21,False,True,True,21
batch_0010,19,20,False,True,True,20
batch_0010,20,16,False,True,True,16
batch_0010,21,15,False,True,True,15
batch_0010,22,31,False,True,True,31
batch_0010,23,22,False,True,True,22
batch_0010,24,25,False,True,True,25
batch_0010,25,18,False,True,True,18
batch_0010,26,23,False,True,True,23
batch_0010,27,20,False,True,True,20
batch_0010,28,27,False,False,True,27
batch_0010,29,16,False,True,True,16
batch_0010,30,24,False,True,True,24
batch_0010,31,22,False,True,True,22
batch_0011,0,20,False,True,True,20
batch_0011,1,18,False,True,True,18
batch_0011,2,23,False,True,True,23
batch_0011,3,21,False,True,True,21
batch_0011,4,17,False,True,True,17
batch_0011,5,21,False,True,True,21
batch_0011,6,21,False,True,True,21
batch_0011,7,20,False,True,True,20
batch_0011,8,20,False,True,True,20
batch_0011,9,26,False,True,True,26
batch_0011,10,27,False,False,True,27
batch_0011,11,19,False,True,True,19
batch_0011,12,25,False,True,True,25
batch_0011,13,20,False,True,True,20
batch_0011,14,23,False,True,True,23
batch_0011,15,20,False,True,True,20
batch_0011,16,31,False,False,True,31
batch_0011,17,26,False,True,True,26
batch_0011,18,26,False,False,True,26
batch_0011,19,22,False,True,True,22
batch_0011,20,19,False,True,True,19
batch_0011,21,24,False,False,True,24
batch_0011,22,19,False,True,True,19
batch_0011,23,29,False,False,True,29
batch_0011,24,24,False,True,True,24
batch_0011,25,27,False,True,True,27
batch_0011,26,25,False,False,True,25
batch_0011,27,19,False,True,True,19
batch_0011,28,25,False,True,True,25
batch_0011,29,31,False,False,True,31
batch_0011,30,28,False,False,True,28
batch_0011,31,20,False,True,True,20
batch_0012,0,16,False,True,True,16
batch_0012,1,34,False,True,True,34
batch_0012,2,18,False,True,True,18
batch_0012,3,19,False,True,True,19
batch_0012,4,26,False,True,True,26
batch_0012,5,20,False,True,True,20
batch_0012,6,18,False,True,True,18
batch_0012,7,22,False,True,True,22
batch_0012,8,22,False,True,True,22
batch_0012,9,28,False,True,True,28
batch_0012,10,35,False,True,True,35
batch_0012,11,32,False,True,True,32
batch_0012,12,22,False,True,True,22
batch_0012,13,23,False,True,True,23
batch_0012,14,23,False,True,True,23
batch_0012,15,26,False,True,True,26
batch_0012,16,19,False,True,True,19
batch_0012,17,22,False,True,True,22
batch_0012,18,20,False,True,True,20
batch_0012,19,35,False,True,True,35
batch_0012,20,18,False,True,True,18
batch_0012,21,19,False,True,True,19
batch_0012,22,20,False,True,True,20
batch_0012,23,27,False,True,True,27
batch_0012,24,22,False,True,True,22
batch_0012,25,26,False,True,True,26
batch_0012,26,20,False,True,True,20
batch_0012,27,20,False,True,True,20
batch_0012,28,30,False,False,True,30
batch_0012,29,24,False,True,True,24
batch_0012,30,34,False,False,True,34
batch_0012,31,33,False,False,True,33
batch_0013,0,20,False,True,True,20
batch_0013,1,21,False,True,True,21
batch_0013,2,35,False,True,True,35
batch_0013,3,24,False,True,True,24
batch_0013,4,21,False,True,True,21
batch_0013,5,25,False,False,True,25
batch_0013,6,24,False,False,True,24
batch_0013,7,24,False,True,True,24
batch_0013,8,31,False,True,True,31
batch_0013,9,22,False,False,True,22
batch_0013,10,29,False,True,True,29
batch_0013,11,25,False,False,True,25
batch_0013,12,23,False,True,True,23
batch_0013,13,22,False,True,True,22
batch_0013,14,30,False,True,True,30
batch_0013,15,28,False,True,True,28
batch_0013,16,24,False,True,True,24
batch_0013,17,25,False,True,True,25
batch_0013,18,28,False,True,True,28
batch_0013,19,26,False,True,True,26
batch_0013,20,32,False,True,True,32
batch_0013,21,35,False,True,True,35
batch_0013,22,19,False,True,True,19
batch_0013,23,28,False,True,True,28
batch_0013,24,25,False,True,True,25
batch_0013,25,25,False,False,True,25
batch_0013,26,60,False,True,True,60
batch_0013,27,18,False,False,True,18
batch_0013,28,24,False,False,True,24
batch_0013,29,25,False,True,True,25
batch_0013,30,30,False,False,True,30
batch_0013,31,25,False,True,True,25
batch_0014,0,28,False,True,True,28
batch_0014,1,39,False,True,True,39
batch_0014,2,25,False,True,True,25
batch_0014,3,23,False,True,True,23
batch_0014,4,29,False,False,True,29
batch_0014,5,31,False,True,True,31
batch_0014,6,25,False,False,True,25
batch_0014,7,26,False,True,True,26
batch_0014,8,33,True,False,True,33
batch_0014,9,41,False,False,True,41
batch_0014,10,26,False,True,True,26
batch_0014,11,20,False,True,True,20
batch_0014,12,25,False,True,True,25
batch_0014,13,20,False,True,True,20
batch_0014,14,36,False,True,True,36
batch_0014,15,31,False,True,True,31
batch_0014,16,40,False,True,True,40
batch_0014,17,26,False,True,True,26
batch_0014,18,25,False,True,True,25
batch_0014,19,37,False,True,True,37
batch_0014,20,24,False,True,True,24
batch_0014,21,29,False,False,True,29
batch_0014,22,18,False,True,True,18
batch_0014,23,26,False,False,True,26
batch_0014,24,26,False,True,True,26
batch_0014,25,24,False,True,True,24
batch_0014,26,28,False,True,True,28
batch_0014,27,25,False,True,True,25
batch_0014,28,14,False,False,True,14
batch_0014,29,21,False,True,True,21
batch_0014,30,27,False,True,True,27
batch_0014,31,20,False,True,True,20
batch_0015,0,21,False,True,True,21
batch_0015,1,26,False,False,True,26
batch_0015,2,19,False,True,True,19
batch_0015,3,24,False,True,True,24
batch_0015,4,20,False,True,True,20
batch_0015,5,22,False,True,True,22
batch_0015,6,21,False,True,True,21
batch_0015,7,15,False,False,True,15
batch_0015,8,28,False,False,True,28
batch_0015,9,27,False,True,True,27
batch_0015,10,25,False,False,True,25
batch_0015,11,17,False,True,True,17
batch_0015,12,34,False,True,True,34
batch_0015,13,32,False,True,True,32
batch_0015,14,23,False,True,True,23
batch_0015,15,35,False,True,True,35
batch_0015,16,20,False,True,True,20
batch_0015,17,31,False,True,True,31
batch_0015,18,30,False,True,True,30
batch_0015,19,25,False,True,True,25
batch_0015,20,24,False,True,True,24
batch_0015,21,22,False,True,True,22
batch_0015,22,22,False,True,True,22
batch_0015,23,31,False,True,True,31
batch_0015,24,21,False,False,True,21
batch_0015,25,30,False,True,True,30
batch_0015,26,25,False,True,True,25
batch_0015,27,24,False,True,True,24
batch_0015,28,16,False,True,True,16
batch_0015,29,20,False,False,True,20
batch_0015,30,25,False,True,True,25
batch_0015,31,24,False,True,True,24
batch_0016,0,26,False,True,True,26
batch_0016,1,28,False,False,True,28
batch_0016,2,20,False,True,True,20
batch_0016,3,25,False,True,True,25
batch_0016,4,30,False,False,True,30
batch_0016,5,33,False,False,True,33
batch_0016,6,16,False,True,True,16
batch_0016,7,24,False,True,True,24
batch_0016,8,32,False,True,True,32
batch_0016,9,18,False,True,True,18
batch_0016,10,32,False,True,True,32
batch_0016,11,26,False,False,True,26
batch_0016,12,15,False,False,True,15
batch_0016,13,30,False,True,True,30
batch_0016,14,27,False,False,True,27
batch_0016,15,24,False,True,True,24
batch_0016,16,30,False,True,True,30
batch_0016,17,18,False,False,True,18
batch_0016,18,17,False,True,True,17
batch_0016,19,28,False,True,True,28
batch_0016,20,25,False,True,True,25
batch_0016,21,19,False,False,True,19
batch_0016,22,28,False,True,True,28
batch_0016,23,33,False,True,True,33
batch_0016,24,18,False,False,True,18
batch_0016,25,19,False,True,True,19
batch_0016,26,21,False,True,True,21
batch_0016,27,22,False,True,True,22
batch_0016,28,17,False,True,True,17
batch_0016,29,24,False,True,True,24
batch_0016,30,37,True,False,True,37
batch_0016,31,24,False,True,True,24
batch_0017,0,24,False,False,True,24
batch_0017,1,27,False,True,True,27
batch_0017,2,17,False,True,True,17
batch_0017,3,23,False,True,True,23
batch_0017,4,23,False,False,True,23
batch_0017,5,18,False,True,True,18
batch_0017,6,14,False,True,True,14
batch_0017,7,21,False,True,True,21
batch_0017,8,47,False,True,True,47
batch_0017,9,22,False,True,True,22
batch_0017,10,25,False,False,True,25
batch_0017,11,27,False,True,True,27
batch_0017,12,27,False,False,True,27
batch_0017,13,29,False,True,True,29
batch_0017,14,20,False,True,True,20
batch_0017,15,25,False,True,True,25
batch_0017,16,25,False,False,True,25
batch_0017,17,22,False,True,True,22
batch_0017,18,17,False,True,True,17
batch_0017,19,27,False,True,True,27
batch_0017,20,20,False,True,True,20
batch_0017,21,30,False,True,True,30
batch_0017,22,15,False,False,True,15
batch_0017,23,18,False,False,True,18
batch_0017,24,19,False,True,True,19
batch_0017,25,28,False,False,True,28
batch_0017,26,23,False,False,True,23
batch_0017,27,26,False,False,True,26
batch_0017,28,29,False,True,True,29
batch_0017,29,23,False,True,True,23
batch_0017,30,31,False,True,True,31
batch_0017,31,18,False,True,True,18
batch_0018,0,21,False,True,True,21
batch_0018,1,26,False,True,True,26
batch_0018,2,24,False,False,True,24
batch_0018,3,33,False,True,True,33
batch_0018,4,23,False,True,True,23
batch_0018,5,18,False,False,True,18
batch_0018,6,21,False,True,True,21
batch_0018,7,23,False,True,True,23
batch_0018,8,41,False,True,True,41
batch_0018,9,27,False,False,True,27
batch_0018,10,28,False,True,True,28
batch_0018,11,19,False,True,True,19
batch_0018,12,18,False,True,True,18
batch_0018,13,28,False,True,True,28
batch_0018,14,19,False,True,True,19
batch_0018,15,27,False,True,True,27
batch_0018,16,19,False,True,True,19
batch_0018,17,18,False,False,True,18
batch_0018,18,20,False,True,True,20
batch_0018,19,24,False,True,True,24
batch_0018,20,27,False,True,True,27
batch_0018,21,24,False,False,True,24
batch_0018,22,28,False,True,True,28
batch_0018,23,24,False,False,True,24
batch_0018,24,26,False,True,True,26
batch_0018,25,31,False,True,True,31
batch_0018,26,22,False,True,True,22
batch_0018,27,30,False,True,True,30
batch_0018,28,26,False,True,True,26
batch_0018,29,24,False,True,True,24
batch_0018,30,36,False,True,True,36
batch_0018,31,34,False,True,True,34
batch_0019,0,25,False,False,True,25
batch_0019,1,26,False,True,True,26
batch_0019,2,33,False,True,True,33
batch_0019,3,30,False,True,True,30
batch_0019,4,26,False,True,True,26
batch_0019,5,27,False,False,True,27
batch_0019,6,25,False,True,True,25
batch_0019,7,25,False,False,True,25
batch_0019,8,30,False,True,True,30
batch_0019,9,27,False,True,True,27
batch_0019,10,23,False,True,True,23
batch_0019,11,22,False,True,True,22
batch_0019,12,31,False,True,True,31
batch_0019,13,27,False,True,True,27
batch_0019,14,19,False,True,True,19
batch_0019,15,31,False,True,True,31
batch_0019,16,11,False,False,True,11
batch_0019,17,19,False,True,True,19
batch_0019,18,32,False,True,True,32
batch_0019,19,29,False,False,True,29
batch_0019,20,27,False,False,True,27
batch_0019,21,23,False,True,True,23
batch_0019,22,27,False,True,True,27
batch_0019,23,27,False,True,True,27
batch_0019,24,24,False,True,True,24
batch_0019,25,18,False,True,True,18
batch_0019,26,29,False,True,True,29
batch_0019,27,24,False,True,True,24
batch_0019,28,33,False,True,True,33
batch_0019,29,24,False,True,True,24
batch_0019,30,17,False,False,True,17
batch_0019,31,20,False,False,True,20
batch_0020,0,29,False,True,True,29
batch_0020,1,25,False,True,True,25
batch_0020,2,18,False,True,True,18
batch_0020,3,37,False,True,True,37
batch_0020,4,36,True,False,True,36
batch_0020,5,27,False,True,True,27
batch_0020,6,25,False,True,True,25
batch_0020,7,20,False,True,True,20
batch_0020,8,21,False,True,True,21
batch_0020,9,25,False,False,True,25
batch_0020,10,21,False,True,True,21
batch_0020,11,27,False,False,True,27
batch_0020,12,26,False,True,True,26
batch_0020,13,15,False,True,True,15
batch_0020,14,28,False,False,True,28
batch_0020,15,20,False,True,True,20
batch_0020,16,25,False,False,True,25
batch_0020,17,22,False,True,True,22
batch_0020,18,35,True,False,True,35
batch_0020,19,21,False,True,True,21
batch_0020,20,24,False,False,True,24
batch_0020,21,32,True,False,True,32
batch_0020,22,22,False,True,True,22
batch_0020,23,34,False,True,True,34
batch_0020,24,29,False,True,True,29
batch_0020,25,28,False,True,True,28
batch_0020,26,26,False,True,True,26
batch_0020,27,43,False,True,True,43
batch_0020,28,17,False,True,True,17
batch_0020,29,21,False,False,True,21
batch_0020,30,30,False,True,True,30
batch_0020,31,30,False,True,True,30
final,0,24,False,True,True,24
final,1,24,False,True,True,24
final,2,24,False,True,True,24
final,3,24,False,True,True,24
final,4,24,False,True,True,24
final,5,24,False,True,True,24
final,6,24,False,True,True,24
final,7,24,False,True,True,24
final,8,24,False,True,True,24
final,9,24,False,True,True,24
final,10,24,False,True,True,24
final,11,24,False,True,True,24
final,12,24,False,True,True,24
final,13,24,False,True,True,24
final,14,24,False,True,True,24
final,15,24,False,True,True,24
final,16,24,False,True,True,24
final,17,24,False,True,True,24
final,18,24,False,True,True,24
final,19,24,False,True,True,24
final,20,24,False,True,True,24
final,21,24,False,True,True,24
final,22,24,False,True,True,24
final,23,24,False,True,True,24
final,24,24,False,True,True,24
final,25,24,False,True,True,24
final,26,24,False,True,True,24
final,27,24,False,True,True,24
final,28,24,False,True,True,24
final,29,24,False,True,True,24
final,30,24,False,True,True,24
final,31,24,False,True,True,24
